case,domain,n_rows,task,method,bytes,reduction_pct,answer_preserved,invariants_preserved,recovered,latency_us
1,incident_ops,50,lookup,Raw,95310,0.0,1,1,0,0.0
1,incident_ops,50,lookup,Fixed projection,9666,89.85835694050992,0,0,0,46.671
1,incident_ops,50,lookup,Head-tail sampling,37699,60.44591333543175,0,0,0,0.521
1,incident_ops,50,lookup,Anomaly sampling,30230,68.2824467527017,0,0,0,69.745
1,incident_ops,50,lookup,Task-aware unverified,427,99.5519882488721,1,1,0,3.045
1,incident_ops,50,lookup,Pattern-retention guard,32093,66.32777253173853,1,1,1,86.179
1,incident_ops,50,lookup,Invariant-preserving gate,423,99.5561850802644,1,1,1,71.177
2,incident_ops,50,rare_event,Raw,95310,0.0,1,1,0,0.0
2,incident_ops,50,rare_event,Fixed projection,9666,89.85835694050992,1,1,0,45.549
2,incident_ops,50,rare_event,Head-tail sampling,37699,60.44591333543175,0,0,0,0.551
2,incident_ops,50,rare_event,Anomaly sampling,30230,68.2824467527017,1,1,0,67.772
2,incident_ops,50,rare_event,Task-aware unverified,356,99.62648200608541,1,1,0,4.236
2,incident_ops,50,rare_event,Pattern-retention guard,30228,68.28454516839786,1,1,0,66.09
2,incident_ops,50,rare_event,Invariant-preserving gate,30230,68.2824467527017,1,1,0,64.937
3,incident_ops,50,latest_state,Raw,95310,0.0,1,1,0,0.0
3,incident_ops,50,latest_state,Fixed projection,9666,89.85835694050992,1,1,0,46.489
3,incident_ops,50,latest_state,Head-tail sampling,37699,60.44591333543175,0,0,0,0.501
3,incident_ops,50,latest_state,Anomaly sampling,30230,68.2824467527017,1,0,0,63.386
3,incident_ops,50,latest_state,Task-aware unverified,171,99.82058545797923,0,0,0,3.174
3,incident_ops,50,latest_state,Pattern-retention guard,37726,60.417584723533736,1,1,1,68.292
3,incident_ops,50,latest_state,Invariant-preserving gate,731,99.23302906305739,1,1,1,76.776
4,incident_ops,50,aggregation,Raw,95310,0.0,1,1,0,0.0
4,incident_ops,50,aggregation,Fixed projection,9666,89.85835694050992,0,0,0,46.389
4,incident_ops,50,aggregation,Head-tail sampling,37699,60.44591333543175,0,0,0,0.531
4,incident_ops,50,aggregation,Anomaly sampling,30230,68.2824467527017,0,0,0,58.558
4,incident_ops,50,aggregation,Task-aware unverified,507,99.46805162102612,1,1,0,9.424
4,incident_ops,50,aggregation,Pattern-retention guard,45189,52.58734655335222,1,1,1,65.458
4,incident_ops,50,aggregation,Invariant-preserving gate,503,99.47224845241843,1,1,1,81.742
5,incident_ops,50,join,Raw,95310,0.0,1,1,0,0.0
5,incident_ops,50,join,Fixed projection,9666,89.85835694050992,0,0,0,45.228
5,incident_ops,50,join,Head-tail sampling,37699,60.44591333543175,0,0,0,0.511
5,incident_ops,50,join,Anomaly sampling,30230,68.2824467527017,0,0,0,57.947
5,incident_ops,50,join,Task-aware unverified,1001,98.94974294407723,1,1,0,9.844
5,incident_ops,50,join,Pattern-retention guard,43383,54.48221592697513,1,1,1,64.186
5,incident_ops,50,join,Invariant-preserving gate,997,98.95393977546952,1,1,1,81.792
6,incident_ops,50,negative_evidence,Raw,95310,0.0,1,1,0,0.0
6,incident_ops,50,negative_evidence,Fixed projection,9666,89.85835694050992,1,1,0,46.49
6,incident_ops,50,negative_evidence,Head-tail sampling,37699,60.44591333543175,0,0,0,0.5
6,incident_ops,50,negative_evidence,Anomaly sampling,30230,68.2824467527017,0,0,0,59.29
6,incident_ops,50,negative_evidence,Task-aware unverified,78,99.91816178785017,0,0,0,0.52
6,incident_ops,50,negative_evidence,Pattern-retention guard,37726,60.417584723533736,1,1,1,66.17
6,incident_ops,50,negative_evidence,Invariant-preserving gate,360,99.6222851746931,1,1,1,75.563
7,incident_ops,50,threshold,Raw,95310,0.0,1,1,0,0.0
7,incident_ops,50,threshold,Fixed projection,9666,89.85835694050992,0,0,0,46.019
7,incident_ops,50,threshold,Head-tail sampling,37699,60.44591333543175,0,0,0,0.501
7,incident_ops,50,threshold,Anomaly sampling,30230,68.2824467527017,1,1,0,60.05
7,incident_ops,50,threshold,Task-aware unverified,181,99.81009337949848,1,1,0,3.225
7,incident_ops,50,threshold,Pattern-retention guard,45266,52.50655754905047,1,1,1,81.563
7,incident_ops,50,threshold,Invariant-preserving gate,30230,68.2824467527017,1,1,0,66.48
8,incident_ops,50,provenance,Raw,95310,0.0,1,1,0,0.0
8,incident_ops,50,provenance,Fixed projection,9666,89.85835694050992,0,0,0,47.852
8,incident_ops,50,provenance,Head-tail sampling,37699,60.44591333543175,0,0,0,0.541
8,incident_ops,50,provenance,Anomaly sampling,30230,68.2824467527017,1,1,0,60.641
8,incident_ops,50,provenance,Task-aware unverified,343,99.64012170811037,1,1,0,3.626
8,incident_ops,50,provenance,Pattern-retention guard,30228,68.28454516839786,1,1,0,71.678
8,incident_ops,50,provenance,Invariant-preserving gate,30230,68.2824467527017,1,1,0,66.019
9,incident_ops,50,lookup,Raw,95345,0.0,1,1,0,0.0
9,incident_ops,50,lookup,Fixed projection,9670,89.85788452462111,0,0,0,45.819
9,incident_ops,50,lookup,Head-tail sampling,37641,60.521264880172,0,0,0,0.521
9,incident_ops,50,lookup,Anomaly sampling,24478,74.32691803450626,0,0,0,63.014
9,incident_ops,50,lookup,Task-aware unverified,453,99.524883318475,1,1,0,3.065
9,incident_ops,50,lookup,Pattern-retention guard,26402,72.3089831663957,1,1,1,66.861
9,incident_ops,50,lookup,Invariant-preserving gate,449,99.5290786092611,1,1,1,67.953
10,incident_ops,50,rare_event,Raw,95345,0.0,1,1,0,0.0
10,incident_ops,50,rare_event,Fixed projection,9670,89.85788452462111,1,1,0,46.54
10,incident_ops,50,rare_event,Head-tail sampling,37641,60.521264880172,0,0,0,0.471
10,incident_ops,50,rare_event,Anomaly sampling,24478,74.32691803450626,1,1,0,61.663
10,incident_ops,50,rare_event,Task-aware unverified,350,99.6329120562169,1,1,0,4.266
10,incident_ops,50,rare_event,Pattern-retention guard,24476,74.32901567989931,1,1,0,65.328
10,incident_ops,50,rare_event,Invariant-preserving gate,24478,74.32691803450626,1,1,0,69.004
11,incident_ops,50,latest_state,Raw,95345,0.0,1,1,0,0.0
11,incident_ops,50,latest_state,Fixed projection,9670,89.85788452462111,1,1,0,47.131
11,incident_ops,50,latest_state,Head-tail sampling,37641,60.521264880172,0,0,0,0.481
11,incident_ops,50,latest_state,Anomaly sampling,24478,74.32691803450626,0,0,0,59.64
11,incident_ops,50,latest_state,Task-aware unverified,169,99.82274896428758,0,0,0,3.075
11,incident_ops,50,latest_state,Pattern-retention guard,39534,58.53584351565368,1,1,1,65.278
11,incident_ops,50,latest_state,Invariant-preserving gate,1008,98.94278672190467,1,1,1,75.574
12,incident_ops,50,aggregation,Raw,95345,0.0,1,1,0,0.0
12,incident_ops,50,aggregation,Fixed projection,9670,89.85788452462111,0,0,0,44.698
12,incident_ops,50,aggregation,Head-tail sampling,37641,60.521264880172,0,0,0,0.451
12,incident_ops,50,aggregation,Anomaly sampling,24478,74.32691803450626,0,0,0,60.07
12,incident_ops,50,aggregation,Task-aware unverified,586,99.38538989983743,1,1,0,10.897
12,incident_ops,50,aggregation,Pattern-retention guard,47057,50.64555036971,1,1,1,67.301
12,incident_ops,50,aggregation,Invariant-preserving gate,582,99.38958519062354,1,1,1,78.969
13,incident_ops,50,join,Raw,95345,0.0,1,1,0,0.0
13,incident_ops,50,join,Fixed projection,9670,89.85788452462111,0,0,0,46.83
13,incident_ops,50,join,Head-tail sampling,37641,60.521264880172,0,0,0,0.52
13,incident_ops,50,join,Anomaly sampling,24478,74.32691803450626,0,0,0,64.056
13,incident_ops,50,join,Task-aware unverified,444,99.53432272274372,1,1,0,5.498
13,incident_ops,50,join,Pattern-retention guard,32023,66.41355078923907,1,1,1,64.337
13,incident_ops,50,join,Invariant-preserving gate,440,99.53851801352981,1,1,1,73.62
14,incident_ops,50,negative_evidence,Raw,95345,0.0,1,1,0,0.0
14,incident_ops,50,negative_evidence,Fixed projection,9670,89.85788452462111,1,1,0,45.979
14,incident_ops,50,negative_evidence,Head-tail sampling,37641,60.521264880172,0,0,0,0.491
14,incident_ops,50,negative_evidence,Anomaly sampling,24478,74.32691803450626,0,0,0,60.651
14,incident_ops,50,negative_evidence,Task-aware unverified,78,99.9181918296712,0,0,0,0.441
14,incident_ops,50,negative_evidence,Pattern-retention guard,28212,70.41061408568882,1,1,1,67.421
14,incident_ops,50,negative_evidence,Invariant-preserving gate,272,99.71472022654571,1,1,1,75.032
15,incident_ops,50,threshold,Raw,95345,0.0,1,1,0,0.0
15,incident_ops,50,threshold,Fixed projection,9670,89.85788452462111,0,0,0,46.5
15,incident_ops,50,threshold,Head-tail sampling,37641,60.521264880172,0,0,0,0.481
15,incident_ops,50,threshold,Anomaly sampling,24478,74.32691803450626,1,1,0,59.74
15,incident_ops,50,threshold,Task-aware unverified,181,99.81016309192931,1,1,0,3.014
15,incident_ops,50,threshold,Pattern-retention guard,32057,66.3778908175573,1,1,1,65.308
15,incident_ops,50,threshold,Invariant-preserving gate,24478,74.32691803450626,1,1,0,65.479
16,incident_ops,50,provenance,Raw,95345,0.0,1,1,0,0.0
16,incident_ops,50,provenance,Fixed projection,9670,89.85788452462111,0,0,0,46.66
16,incident_ops,50,provenance,Head-tail sampling,37641,60.521264880172,0,0,0,0.48
16,incident_ops,50,provenance,Anomaly sampling,24478,74.32691803450626,1,1,0,58.958
16,incident_ops,50,provenance,Task-aware unverified,467,99.51019980072368,1,1,0,4.056
16,incident_ops,50,provenance,Pattern-retention guard,24476,74.32901567989931,1,1,0,68.513
16,incident_ops,50,provenance,Invariant-preserving gate,24478,74.32691803450626,1,1,0,68.072
17,incident_ops,50,lookup,Raw,95327,0.0,1,1,0,0.0
17,incident_ops,50,lookup,Fixed projection,9689,89.83603805847241,0,0,0,45.608
17,incident_ops,50,lookup,Head-tail sampling,37747,60.40261415968193,0,0,0,0.551
17,incident_ops,50,lookup,Anomaly sampling,34074,64.2556673345432,0,0,0,63.375
17,incident_ops,50,lookup,Task-aware unverified,444,99.53423479182183,1,1,0,3.004
17,incident_ops,50,lookup,Pattern-retention guard,35965,62.27196911682944,1,1,1,65.308
17,incident_ops,50,lookup,Invariant-preserving gate,440,99.5384308747784,1,1,1,66.62
18,incident_ops,50,rare_event,Raw,95327,0.0,1,1,0,0.0
18,incident_ops,50,rare_event,Fixed projection,9689,89.83603805847241,1,1,0,46.15
18,incident_ops,50,rare_event,Head-tail sampling,37747,60.40261415968193,0,0,0,0.521
18,incident_ops,50,rare_event,Anomaly sampling,34074,64.2556673345432,1,1,0,58.387
18,incident_ops,50,rare_event,Task-aware unverified,256,99.73145069078015,1,1,0,3.505
18,incident_ops,50,rare_event,Pattern-retention guard,34072,64.25776537602148,1,1,0,63.626
18,incident_ops,50,rare_event,Invariant-preserving gate,34074,64.2556673345432,1,1,0,62.504
19,incident_ops,50,latest_state,Raw,95327,0.0,1,1,0,0.0
19,incident_ops,50,latest_state,Fixed projection,9689,89.83603805847241,1,1,0,46.099
19,incident_ops,50,latest_state,Head-tail sampling,37747,60.40261415968193,0,0,0,0.491
19,incident_ops,50,latest_state,Anomaly sampling,34074,64.2556673345432,0,0,0,56.394
19,incident_ops,50,latest_state,Task-aware unverified,171,99.82061745360706,0,0,0,3.095
19,incident_ops,50,latest_state,Pattern-retention guard,47185,50.50195642367849,1,1,1,63.806
19,incident_ops,50,latest_state,Invariant-preserving gate,909,99.04644014812173,1,1,1,74.022
20,incident_ops,50,aggregation,Raw,95327,0.0,1,1,0,0.0
20,incident_ops,50,aggregation,Fixed projection,9689,89.83603805847241,0,0,0,44.406
20,incident_ops,50,aggregation,Head-tail sampling,37747,60.40261415968193,0,0,0,0.441
20,incident_ops,50,aggregation,Anomaly sampling,34074,64.2556673345432,0,0,0,57.696
20,incident_ops,50,aggregation,Task-aware unverified,506,99.46919550599516,1,1,0,9.494
20,incident_ops,50,aggregation,Pattern-retention guard,43444,54.42634300880129,1,1,1,64.407
20,incident_ops,50,aggregation,Invariant-preserving gate,502,99.47339158895171,1,1,1,75.364
21,incident_ops,50,join,Raw,95327,0.0,1,1,0,0.0
21,incident_ops,50,join,Fixed projection,9689,89.83603805847241,0,0,0,44.697
21,incident_ops,50,join,Head-tail sampling,37747,60.40261415968193,0,0,0,0.451
21,incident_ops,50,join,Anomaly sampling,34074,64.2556673345432,0,0,0,57.636
21,incident_ops,50,join,Task-aware unverified,632,99.33701889286351,1,1,0,7.051
21,incident_ops,50,join,Pattern-retention guard,43430,54.44102929914925,1,1,1,62.023
21,incident_ops,50,join,Invariant-preserving gate,628,99.34121497582007,1,1,1,73.61
22,incident_ops,50,negative_evidence,Raw,95327,0.0,1,1,0,0.0
22,incident_ops,50,negative_evidence,Fixed projection,9689,89.83603805847241,1,1,0,45.318
22,incident_ops,50,negative_evidence,Head-tail sampling,37747,60.40261415968193,1,1,0,0.461
22,incident_ops,50,negative_evidence,Anomaly sampling,34074,64.2556673345432,0,0,0,57.095
22,incident_ops,50,negative_evidence,Task-aware unverified,78,99.91817638234708,0,0,0,0.471
22,incident_ops,50,negative_evidence,Pattern-retention guard,35973,62.263576950916324,1,1,1,61.693
22,incident_ops,50,negative_evidence,Invariant-preserving gate,195,99.7954409558677,1,1,1,69.585
23,incident_ops,50,threshold,Raw,95327,0.0,1,1,0,0.0
23,incident_ops,50,threshold,Fixed projection,9689,89.83603805847241,0,0,0,46.19
23,incident_ops,50,threshold,Head-tail sampling,37747,60.40261415968193,0,0,0,0.52
23,incident_ops,50,threshold,Anomaly sampling,34074,64.2556673345432,1,1,0,59.729
23,incident_ops,50,threshold,Task-aware unverified,181,99.81012724621566,1,1,0,3.185
23,incident_ops,50,threshold,Pattern-retention guard,41613,56.34709998216665,1,1,1,68.382
23,incident_ops,50,threshold,Invariant-preserving gate,34074,64.2556673345432,1,1,0,70.486
24,incident_ops,50,provenance,Raw,95327,0.0,1,1,0,0.0
24,incident_ops,50,provenance,Fixed projection,9689,89.83603805847241,0,0,0,46.34
24,incident_ops,50,provenance,Head-tail sampling,37747,60.40261415968193,0,0,0,0.471
24,incident_ops,50,provenance,Anomaly sampling,34074,64.2556673345432,1,1,0,58.127
24,incident_ops,50,provenance,Task-aware unverified,341,99.64228392795326,1,1,0,3.675
24,incident_ops,50,provenance,Pattern-retention guard,34072,64.25776537602148,1,1,0,70.556
24,incident_ops,50,provenance,Invariant-preserving gate,34074,64.2556673345432,1,1,0,62.464
25,incident_ops,50,lookup,Raw,95478,0.0,1,1,0,0.0
25,incident_ops,50,lookup,Fixed projection,9695,89.84582835836528,0,0,0,46.681
25,incident_ops,50,lookup,Head-tail sampling,37727,60.486185299231245,0,0,0,0.491
25,incident_ops,50,lookup,Anomaly sampling,35946,62.35153647960787,1,1,0,58.838
25,incident_ops,50,lookup,Task-aware unverified,430,99.54963447076814,1,1,0,3.024
25,incident_ops,50,lookup,Pattern-retention guard,35944,62.35363120299964,1,1,0,58.758
25,incident_ops,50,lookup,Invariant-preserving gate,35946,62.35153647960787,1,1,0,60.721
26,incident_ops,50,rare_event,Raw,95478,0.0,1,1,0,0.0
26,incident_ops,50,rare_event,Fixed projection,9695,89.84582835836528,1,1,0,45.999
26,incident_ops,50,rare_event,Head-tail sampling,37727,60.486185299231245,0,0,0,0.481
26,incident_ops,50,rare_event,Anomaly sampling,35946,62.35153647960787,1,1,0,55.874
26,incident_ops,50,rare_event,Task-aware unverified,352,99.6313286830474,1,1,0,4.227
26,incident_ops,50,rare_event,Pattern-retention guard,35944,62.35363120299964,1,1,0,61.212
26,incident_ops,50,rare_event,Invariant-preserving gate,35946,62.35153647960787,1,1,0,59.96
27,incident_ops,50,latest_state,Raw,95478,0.0,1,1,0,0.0
27,incident_ops,50,latest_state,Fixed projection,9695,89.84582835836528,1,1,0,45.759
27,incident_ops,50,latest_state,Head-tail sampling,37727,60.486185299231245,0,0,0,0.481
27,incident_ops,50,latest_state,Anomaly sampling,35946,62.35153647960787,0,0,0,53.49
27,incident_ops,50,latest_state,Task-aware unverified,169,99.82299587339492,0,0,0,3.035
27,incident_ops,50,latest_state,Pattern-retention guard,41587,56.443369153103326,1,1,1,64.987
27,incident_ops,50,latest_state,Invariant-preserving gate,816,99.14535285615534,1,1,1,67.431
28,incident_ops,50,aggregation,Raw,95478,0.0,1,1,0,0.0
28,incident_ops,50,aggregation,Fixed projection,9695,89.84582835836528,0,0,0,45.528
28,incident_ops,50,aggregation,Head-tail sampling,37727,60.486185299231245,0,0,0,0.501
28,incident_ops,50,aggregation,Anomaly sampling,35946,62.35153647960787,0,0,0,54.462
28,incident_ops,50,aggregation,Task-aware unverified,481,99.49621902427785,1,1,0,8.923
28,incident_ops,50,aggregation,Pattern-retention guard,43475,54.465950271266685,1,1,1,58.779
28,incident_ops,50,aggregation,Invariant-preserving gate,477,99.50040847106139,1,1,1,69.194
29,incident_ops,50,join,Raw,95478,0.0,1,1,0,0.0
29,incident_ops,50,join,Fixed projection,9695,89.84582835836528,0,0,0,46.48
29,incident_ops,50,join,Head-tail sampling,37727,60.486185299231245,0,0,0,0.441
29,incident_ops,50,join,Anomaly sampling,35946,62.35153647960787,0,0,0,54.151
29,incident_ops,50,join,Task-aware unverified,628,99.34225685498231,1,1,0,6.961
29,incident_ops,50,join,Pattern-retention guard,41608,56.42137455748968,1,1,1,61.171
29,incident_ops,50,join,Invariant-preserving gate,624,99.34644630176585,1,1,1,77.666
30,incident_ops,50,negative_evidence,Raw,95478,0.0,1,1,0,0.0
30,incident_ops,50,negative_evidence,Fixed projection,9695,89.84582835836528,1,1,0,45.849
30,incident_ops,50,negative_evidence,Head-tail sampling,37727,60.486185299231245,0,0,0,0.541
30,incident_ops,50,negative_evidence,Anomaly sampling,35946,62.35153647960787,0,0,0,54.051
30,incident_ops,50,negative_evidence,Task-aware unverified,78,99.91830578772073,0,0,0,0.47
30,incident_ops,50,negative_evidence,Pattern-retention guard,43484,54.45652401600369,1,1,1,60.761
30,incident_ops,50,negative_evidence,Invariant-preserving gate,280,99.70673872515134,1,1,1,67.482
31,incident_ops,50,threshold,Raw,95478,0.0,1,1,0,0.0
31,incident_ops,50,threshold,Fixed projection,9695,89.84582835836528,0,0,0,44.367
31,incident_ops,50,threshold,Head-tail sampling,37727,60.486185299231245,0,0,0,0.45
31,incident_ops,50,threshold,Anomaly sampling,35946,62.35153647960787,1,1,0,54.302
31,incident_ops,50,threshold,Task-aware unverified,181,99.81042753304426,1,1,0,2.925
31,incident_ops,50,threshold,Pattern-retention guard,39730,58.38831982236745,1,1,1,61.422
31,incident_ops,50,threshold,Invariant-preserving gate,35946,62.35153647960787,1,1,0,58.067
32,incident_ops,50,provenance,Raw,95478,0.0,1,1,0,0.0
32,incident_ops,50,provenance,Fixed projection,9695,89.84582835836528,0,0,0,44.778
32,incident_ops,50,provenance,Head-tail sampling,37727,60.486185299231245,0,0,0,0.46
32,incident_ops,50,provenance,Anomaly sampling,35946,62.35153647960787,1,1,0,52.89
32,incident_ops,50,provenance,Task-aware unverified,476,99.50145583275727,1,1,0,4.167
32,incident_ops,50,provenance,Pattern-retention guard,35944,62.35363120299964,1,1,0,59.069
32,incident_ops,50,provenance,Invariant-preserving gate,35946,62.35153647960787,1,1,0,57.897
33,incident_ops,50,lookup,Raw,95396,0.0,1,1,0,0.0
33,incident_ops,50,lookup,Fixed projection,9740,89.78992829888045,0,0,0,45.208
33,incident_ops,50,lookup,Head-tail sampling,37710,60.47004067256489,0,0,0,0.47
33,incident_ops,50,lookup,Anomaly sampling,35833,62.43762841209275,0,0,0,58.328
33,incident_ops,50,lookup,Task-aware unverified,432,99.54715082393392,1,1,0,3.235
33,incident_ops,50,lookup,Pattern-retention guard,37712,60.46794414860162,1,1,1,71.177
33,incident_ops,50,lookup,Invariant-preserving gate,428,99.55134387186045,1,1,1,65.829
34,incident_ops,50,rare_event,Raw,95396,0.0,1,1,0,0.0
34,incident_ops,50,rare_event,Fixed projection,9740,89.78992829888045,1,1,0,45.758
34,incident_ops,50,rare_event,Head-tail sampling,37710,60.47004067256489,0,0,0,0.451
34,incident_ops,50,rare_event,Anomaly sampling,35833,62.43762841209275,1,1,0,58.207
34,incident_ops,50,rare_event,Task-aware unverified,352,99.63101178246467,1,1,0,4.146
34,incident_ops,50,rare_event,Pattern-retention guard,35831,62.43972493605602,1,1,0,63.135
34,incident_ops,50,rare_event,Invariant-preserving gate,35833,62.43762841209275,1,1,0,59.74
35,incident_ops,50,latest_state,Raw,95396,0.0,1,1,0,0.0
35,incident_ops,50,latest_state,Fixed projection,9740,89.78992829888045,1,1,0,46.7
35,incident_ops,50,latest_state,Head-tail sampling,37710,60.47004067256489,0,0,0,0.461
35,incident_ops,50,latest_state,Anomaly sampling,35833,62.43762841209275,0,0,0,55.623
35,incident_ops,50,latest_state,Task-aware unverified,171,99.82074720114052,1,0,0,3.035
35,incident_ops,50,latest_state,Pattern-retention guard,45197,52.62170321606776,1,1,1,61.973
35,incident_ops,50,latest_state,Invariant-preserving gate,634,99.33540190364376,1,1,1,70.345
36,incident_ops,50,aggregation,Raw,95396,0.0,1,1,0,0.0
36,incident_ops,50,aggregation,Fixed projection,9740,89.78992829888045,0,0,0,46.23
36,incident_ops,50,aggregation,Head-tail sampling,37710,60.47004067256489,0,0,0,0.49
36,incident_ops,50,aggregation,Anomaly sampling,35833,62.43762841209275,0,0,0,56.475
36,incident_ops,50,aggregation,Task-aware unverified,193,99.79768543754454,1,1,0,4.036
36,incident_ops,50,aggregation,Pattern-retention guard,37727,60.45222021887711,1,1,1,62.033
36,incident_ops,50,aggregation,Invariant-preserving gate,189,99.80187848547108,1,1,1,70.576
37,incident_ops,50,join,Raw,95396,0.0,1,1,0,0.0
37,incident_ops,50,join,Fixed projection,9740,89.78992829888045,0,0,0,46.109
37,incident_ops,50,join,Head-tail sampling,37710,60.47004067256489,0,0,0,0.531
37,incident_ops,50,join,Anomaly sampling,35833,62.43762841209275,0,0,0,56.765
37,incident_ops,50,join,Task-aware unverified,720,99.2452513732232,1,1,0,8.052
37,incident_ops,50,join,Pattern-retention guard,39586,58.50350119501866,1,1,1,63.806
37,incident_ops,50,join,Invariant-preserving gate,716,99.24944442114973,1,1,1,83.816
38,incident_ops,50,negative_evidence,Raw,95396,0.0,1,1,0,0.0
38,incident_ops,50,negative_evidence,Fixed projection,9740,89.78992829888045,1,1,0,45.418
38,incident_ops,50,negative_evidence,Head-tail sampling,37710,60.47004067256489,0,0,0,0.511
38,incident_ops,50,negative_evidence,Anomaly sampling,35833,62.43762841209275,0,0,0,68.062
38,incident_ops,50,negative_evidence,Task-aware unverified,78,99.91823556543251,0,0,0,0.471
38,incident_ops,50,negative_evidence,Pattern-retention guard,43401,54.50438173508323,1,1,1,68.223
38,incident_ops,50,negative_evidence,Invariant-preserving gate,314,99.67084573776678,1,1,1,73.731
39,incident_ops,50,threshold,Raw,95396,0.0,1,1,0,0.0
39,incident_ops,50,threshold,Fixed projection,9740,89.78992829888045,0,0,0,44.958
39,incident_ops,50,threshold,Head-tail sampling,37710,60.47004067256489,0,0,0,0.521
39,incident_ops,50,threshold,Anomaly sampling,35833,62.43762841209275,1,1,0,56.585
39,incident_ops,50,threshold,Task-aware unverified,181,99.81026458132416,1,1,0,3.045
39,incident_ops,50,threshold,Pattern-retention guard,50865,46.6801543041637,1,1,1,64.888
39,incident_ops,50,threshold,Invariant-preserving gate,35833,62.43762841209275,1,1,0,61.393
40,incident_ops,50,provenance,Raw,95396,0.0,1,1,0,0.0
40,incident_ops,50,provenance,Fixed projection,9740,89.78992829888045,0,0,0,44.687
40,incident_ops,50,provenance,Head-tail sampling,37710,60.47004067256489,0,0,0,0.441
40,incident_ops,50,provenance,Anomaly sampling,35833,62.43762841209275,1,1,0,54.322
40,incident_ops,50,provenance,Task-aware unverified,469,99.50836513061344,1,1,0,4.216
40,incident_ops,50,provenance,Pattern-retention guard,35831,62.43972493605602,1,1,0,61.893
40,incident_ops,50,provenance,Invariant-preserving gate,35833,62.43762841209275,1,1,0,63.836
41,incident_ops,100,lookup,Raw,189274,0.0,1,1,0,0.0
41,incident_ops,100,lookup,Fixed projection,19257,89.82586092120418,0,0,0,92.92
41,incident_ops,100,lookup,Head-tail sampling,37690,80.0870695393979,0,0,0,0.471
41,incident_ops,100,lookup,Anomaly sampling,48991,74.11636040871963,0,0,0,97.757
41,incident_ops,100,lookup,Task-aware unverified,443,99.76594777940974,1,1,0,4.467
41,incident_ops,100,lookup,Pattern-retention guard,50885,73.11569470714414,1,1,1,114.111
41,incident_ops,100,lookup,Invariant-preserving gate,439,99.76806111774465,1,1,1,100.511
42,incident_ops,100,rare_event,Raw,189274,0.0,1,1,0,0.0
42,incident_ops,100,rare_event,Fixed projection,19257,89.82586092120418,1,1,0,90.516
42,incident_ops,100,rare_event,Head-tail sampling,37690,80.0870695393979,0,0,0,0.521
42,incident_ops,100,rare_event,Anomaly sampling,48991,74.11636040871963,1,1,0,92.77
42,incident_ops,100,rare_event,Task-aware unverified,435,99.77017445607954,1,1,0,6.33
42,incident_ops,100,rare_event,Pattern-retention guard,48989,74.11741707788708,1,1,0,114.322
42,incident_ops,100,rare_event,Invariant-preserving gate,48991,74.11636040871963,1,1,0,103.626
43,incident_ops,100,latest_state,Raw,189274,0.0,1,1,0,0.0
43,incident_ops,100,latest_state,Fixed projection,19257,89.82586092120418,1,1,0,92.278
43,incident_ops,100,latest_state,Head-tail sampling,37690,80.0870695393979,0,0,0,0.511
43,incident_ops,100,latest_state,Anomaly sampling,48991,74.11636040871963,0,0,0,102.834
43,incident_ops,100,latest_state,Task-aware unverified,169,99.91071145535044,0,0,0,4.888
43,incident_ops,100,latest_state,Pattern-retention guard,62151,67.16347728689624,1,1,1,120.491
43,incident_ops,100,latest_state,Invariant-preserving gate,914,99.51710219047519,1,1,1,109.615
44,incident_ops,100,aggregation,Raw,189274,0.0,1,1,0,0.0
44,incident_ops,100,aggregation,Fixed projection,19257,89.82586092120418,0,0,0,91.217
44,incident_ops,100,aggregation,Head-tail sampling,37690,80.0870695393979,0,0,0,0.451
44,incident_ops,100,aggregation,Anomaly sampling,48991,74.11636040871963,0,0,0,90.646
44,incident_ops,100,aggregation,Task-aware unverified,799,99.57786066760357,1,1,0,16.044
44,incident_ops,100,aggregation,Pattern-retention guard,75469,60.127117300844276,1,1,1,106.149
44,incident_ops,100,aggregation,Invariant-preserving gate,795,99.57997400593848,1,1,1,121.633
45,incident_ops,100,join,Raw,189274,0.0,1,1,0,0.0
45,incident_ops,100,join,Fixed projection,19257,89.82586092120418,0,0,0,92.029
45,incident_ops,100,join,Head-tail sampling,37690,80.0870695393979,0,0,0,0.461
45,incident_ops,100,join,Anomaly sampling,48991,74.11636040871963,0,0,0,104.056
45,incident_ops,100,join,Task-aware unverified,1090,99.42411530373955,1,1,0,12.178
45,incident_ops,100,join,Pattern-retention guard,62204,67.13547555395881,1,1,1,102.083
45,incident_ops,100,join,Invariant-preserving gate,1086,99.42622864207445,1,1,1,128.132
46,incident_ops,100,negative_evidence,Raw,189274,0.0,1,1,0,0.0
46,incident_ops,100,negative_evidence,Fixed projection,19257,89.82586092120418,1,1,0,92.459
46,incident_ops,100,negative_evidence,Head-tail sampling,37690,80.0870695393979,1,1,0,0.511
46,incident_ops,100,negative_evidence,Anomaly sampling,48991,74.11636040871963,1,1,0,88.674
46,incident_ops,100,negative_evidence,Task-aware unverified,78,99.95878990246943,0,0,0,0.461
46,incident_ops,100,negative_evidence,Pattern-retention guard,48989,74.11741707788708,1,1,0,99.299
46,incident_ops,100,negative_evidence,Invariant-preserving gate,48991,74.11636040871963,1,1,0,96.845
47,incident_ops,100,threshold,Raw,189274,0.0,1,1,0,0.0
47,incident_ops,100,threshold,Fixed projection,19257,89.82586092120418,0,0,0,92.659
47,incident_ops,100,threshold,Head-tail sampling,37690,80.0870695393979,0,0,0,0.48
47,incident_ops,100,threshold,Anomaly sampling,48991,74.11636040871963,1,1,0,90.927
47,incident_ops,100,threshold,Task-aware unverified,181,99.90437144034574,1,1,0,4.838
47,incident_ops,100,threshold,Pattern-retention guard,75347,60.19157412005875,1,1,1,106.961
47,incident_ops,100,threshold,Invariant-preserving gate,48991,74.11636040871963,1,1,0,99.73
48,incident_ops,100,provenance,Raw,189274,0.0,1,1,0,0.0
48,incident_ops,100,provenance,Fixed projection,19257,89.82586092120418,0,0,0,91.507
48,incident_ops,100,provenance,Head-tail sampling,37690,80.0870695393979,0,0,0,0.541
48,incident_ops,100,provenance,Anomaly sampling,48991,74.11636040871963,1,1,0,88.533
48,incident_ops,100,provenance,Task-aware unverified,1111,99.41302027748132,1,1,0,9.284
48,incident_ops,100,provenance,Pattern-retention guard,48989,74.11741707788708,1,1,0,103.305
48,incident_ops,100,provenance,Invariant-preserving gate,48991,74.11636040871963,1,1,0,103.756
49,incident_ops,100,lookup,Raw,189328,0.0,1,1,0,0.0
49,incident_ops,100,lookup,Fixed projection,19284,89.81450181695259,0,0,0,99.609
49,incident_ops,100,lookup,Head-tail sampling,37635,80.12179920561142,0,0,0,0.571
49,incident_ops,100,lookup,Anomaly sampling,41449,78.10730583960111,0,0,0,96.906
49,incident_ops,100,lookup,Task-aware unverified,448,99.7633736161582,1,1,0,4.396
49,incident_ops,100,lookup,Pattern-retention guard,43328,77.11484830558607,1,1,1,103.316
49,incident_ops,100,lookup,Invariant-preserving gate,444,99.76548635172821,1,1,1,111.027
50,incident_ops,100,rare_event,Raw,189328,0.0,1,1,0,0.0
50,incident_ops,100,rare_event,Fixed projection,19284,89.81450181695259,1,1,0,93.05
50,incident_ops,100,rare_event,Head-tail sampling,37635,80.12179920561142,0,0,0,0.491
50,incident_ops,100,rare_event,Anomaly sampling,41449,78.10730583960111,1,1,0,100.231
50,incident_ops,100,rare_event,Task-aware unverified,347,99.81672018930111,1,1,0,6.139
50,incident_ops,100,rare_event,Pattern-retention guard,41447,78.10836220738612,1,1,0,108.994
50,incident_ops,100,rare_event,Invariant-preserving gate,41449,78.10730583960111,1,1,0,97.707
51,incident_ops,100,latest_state,Raw,189328,0.0,1,1,0,0.0
51,incident_ops,100,latest_state,Fixed projection,19284,89.81450181695259,1,1,0,89.004
51,incident_ops,100,latest_state,Head-tail sampling,37635,80.12179920561142,0,0,0,0.481
51,incident_ops,100,latest_state,Anomaly sampling,41449,78.10730583960111,1,0,0,86.54
51,incident_ops,100,latest_state,Task-aware unverified,170,99.91020873827432,0,0,0,4.447
51,incident_ops,100,latest_state,Pattern-retention guard,60288,68.15684948871798,1,1,1,108.222
51,incident_ops,100,latest_state,Invariant-preserving gate,1097,99.4205822699231,1,1,1,111.747
52,incident_ops,100,aggregation,Raw,189328,0.0,1,1,0,0.0
52,incident_ops,100,aggregation,Fixed projection,19284,89.81450181695259,0,0,0,89.835
52,incident_ops,100,aggregation,Head-tail sampling,37635,80.12179920561142,0,0,0,0.501
52,incident_ops,100,aggregation,Anomaly sampling,41449,78.10730583960111,0,0,0,98.989
52,incident_ops,100,aggregation,Task-aware unverified,703,99.62868672356969,1,1,0,14.411
52,incident_ops,100,aggregation,Pattern-retention guard,67737,64.22240767345559,1,1,1,106.219
52,incident_ops,100,aggregation,Invariant-preserving gate,699,99.6307994591397,1,1,1,123.125
53,incident_ops,100,join,Raw,189328,0.0,1,1,0,0.0
53,incident_ops,100,join,Fixed projection,19284,89.81450181695259,0,0,0,91.888
53,incident_ops,100,join,Head-tail sampling,37635,80.12179920561142,0,0,0,0.551
53,incident_ops,100,join,Anomaly sampling,41449,78.10730583960111,0,0,0,94.622
53,incident_ops,100,join,Task-aware unverified,1368,99.2774444350545,1,1,0,15.013
53,incident_ops,100,join,Pattern-retention guard,64012,66.18989267303303,1,1,1,100.491
53,incident_ops,100,join,Invariant-preserving gate,1364,99.27955717062453,1,1,1,123.846
54,incident_ops,100,negative_evidence,Raw,189328,0.0,1,1,0,0.0
54,incident_ops,100,negative_evidence,Fixed projection,19284,89.81450181695259,1,1,0,91.027
54,incident_ops,100,negative_evidence,Head-tail sampling,37635,80.12179920561142,0,0,0,0.47
54,incident_ops,100,negative_evidence,Anomaly sampling,41449,78.10730583960111,0,0,0,89.244
54,incident_ops,100,negative_evidence,Task-aware unverified,78,99.9588016563847,0,0,0,0.431
54,incident_ops,100,negative_evidence,Pattern-retention guard,45208,76.12186258767852,1,1,1,98.468
54,incident_ops,100,negative_evidence,Invariant-preserving gate,195,99.89700414096173,1,1,1,104.907
55,incident_ops,100,threshold,Raw,189328,0.0,1,1,0,0.0
55,incident_ops,100,threshold,Fixed projection,19284,89.81450181695259,0,0,0,91.968
55,incident_ops,100,threshold,Head-tail sampling,37635,80.12179920561142,0,0,0,0.461
55,incident_ops,100,threshold,Anomaly sampling,41449,78.10730583960111,1,1,0,90.827
55,incident_ops,100,threshold,Task-aware unverified,181,99.90439871545678,1,1,0,4.877
55,incident_ops,100,threshold,Pattern-retention guard,73563,61.1452083157272,1,1,1,103.055
55,incident_ops,100,threshold,Invariant-preserving gate,41449,78.10730583960111,1,1,0,98.047
56,incident_ops,100,provenance,Raw,189328,0.0,1,1,0,0.0
56,incident_ops,100,provenance,Fixed projection,19284,89.81450181695259,0,0,0,91.056
56,incident_ops,100,provenance,Head-tail sampling,37635,80.12179920561142,0,0,0,0.45
56,incident_ops,100,provenance,Anomaly sampling,41449,78.10730583960111,1,1,0,88.393
56,incident_ops,100,provenance,Task-aware unverified,600,99.68308966449759,1,1,0,6.079
56,incident_ops,100,provenance,Pattern-retention guard,41447,78.10836220738612,1,1,0,103.075
56,incident_ops,100,provenance,Invariant-preserving gate,41449,78.10730583960111,1,1,0,105.038
57,incident_ops,100,lookup,Raw,189354,0.0,1,1,0,0.0
57,incident_ops,100,lookup,Fixed projection,19305,89.80481003834089,0,0,0,92.489
57,incident_ops,100,lookup,Head-tail sampling,37832,80.02049072108326,0,0,0,0.481
57,incident_ops,100,lookup,Anomaly sampling,49074,74.08346272061851,0,0,0,93.661
57,incident_ops,100,lookup,Task-aware unverified,448,99.76340610707986,1,1,0,4.337
57,incident_ops,100,lookup,Pattern-retention guard,50951,73.09219768264732,1,1,1,99.69
57,incident_ops,100,lookup,Invariant-preserving gate,444,99.76551855255235,1,1,1,99.88
58,incident_ops,100,rare_event,Raw,189354,0.0,1,1,0,0.0
58,incident_ops,100,rare_event,Fixed projection,19305,89.80481003834089,1,1,0,89.344
58,incident_ops,100,rare_event,Head-tail sampling,37832,80.02049072108326,0,0,0,0.46
58,incident_ops,100,rare_event,Anomaly sampling,49074,74.08346272061851,1,1,0,88.173
58,incident_ops,100,rare_event,Task-aware unverified,433,99.77132777760174,1,1,0,6.339
58,incident_ops,100,rare_event,Pattern-retention guard,49072,74.08451894335477,1,1,0,100.812
58,incident_ops,100,rare_event,Invariant-preserving gate,49074,74.08346272061851,1,1,0,94.311
59,incident_ops,100,latest_state,Raw,189354,0.0,1,1,0,0.0
59,incident_ops,100,latest_state,Fixed projection,19305,89.80481003834089,1,1,0,91.848
59,incident_ops,100,latest_state,Head-tail sampling,37832,80.02049072108326,0,0,0,0.541
59,incident_ops,100,latest_state,Anomaly sampling,49074,74.08346272061851,0,0,0,93.731
59,incident_ops,100,latest_state,Task-aware unverified,171,99.90969295605056,1,0,0,5.057
59,incident_ops,100,latest_state,Pattern-retention guard,60370,68.11791670627501,1,1,1,102.254
59,incident_ops,100,latest_state,Invariant-preserving gate,725,99.61711925810916,1,1,1,108.884
60,incident_ops,100,aggregation,Raw,189354,0.0,1,1,0,0.0
60,incident_ops,100,aggregation,Fixed projection,19305,89.80481003834089,0,0,0,91.978
60,incident_ops,100,aggregation,Head-tail sampling,37832,80.02049072108326,0,0,0,0.481
60,incident_ops,100,aggregation,Anomaly sampling,49074,74.08346272061851,0,0,0,91.487
60,incident_ops,100,aggregation,Task-aware unverified,798,99.578567128236,1,1,0,15.864
60,incident_ops,100,aggregation,Pattern-retention guard,75418,60.170896838725355,1,1,1,101.242
60,incident_ops,100,aggregation,Invariant-preserving gate,794,99.58067957370851,1,1,1,134.873
61,incident_ops,100,join,Raw,189354,0.0,1,1,0,0.0
61,incident_ops,100,join,Fixed projection,19305,89.80481003834089,0,0,0,91.848
61,incident_ops,100,join,Head-tail sampling,37832,80.02049072108326,0,0,0,0.491
61,incident_ops,100,join,Anomaly sampling,49074,74.08346272061851,0,0,0,87.452
61,incident_ops,100,join,Task-aware unverified,1183,99.37524425150775,1,1,0,13.019
61,incident_ops,100,join,Pattern-retention guard,65948,65.17211149487203,1,1,1,98.758
61,incident_ops,100,join,Invariant-preserving gate,1179,99.37735669698026,1,1,1,119.499
62,incident_ops,100,negative_evidence,Raw,189354,0.0,1,1,0,0.0
62,incident_ops,100,negative_evidence,Fixed projection,19305,89.80481003834089,1,1,0,90.656
62,incident_ops,100,negative_evidence,Head-tail sampling,37832,80.02049072108326,0,0,0,0.531
62,incident_ops,100,negative_evidence,Anomaly sampling,49074,74.08346272061851,0,0,0,85.969
62,incident_ops,100,negative_evidence,Task-aware unverified,78,99.95880731328623,0,0,0,0.491
62,incident_ops,100,negative_evidence,Pattern-retention guard,58516,69.09703518277934,1,1,1,102.404
62,incident_ops,100,negative_evidence,Invariant-preserving gate,315,99.83364491904054,1,1,1,113.06
63,incident_ops,100,threshold,Raw,189354,0.0,1,1,0,0.0
63,incident_ops,100,threshold,Fixed projection,19305,89.80481003834089,0,0,0,89.264
63,incident_ops,100,threshold,Head-tail sampling,37832,80.02049072108326,0,0,0,0.491
63,incident_ops,100,threshold,Anomaly sampling,49074,74.08346272061851,1,1,0,86.339
63,incident_ops,100,threshold,Task-aware unverified,181,99.90441184236933,1,1,0,5.077
63,incident_ops,100,threshold,Pattern-retention guard,86731,54.19637293112372,1,1,1,100.872
63,incident_ops,100,threshold,Invariant-preserving gate,49074,74.08346272061851,1,1,0,98.538
64,incident_ops,100,provenance,Raw,189354,0.0,1,1,0,0.0
64,incident_ops,100,provenance,Fixed projection,19305,89.80481003834089,0,0,0,94.272
64,incident_ops,100,provenance,Head-tail sampling,37832,80.02049072108326,0,0,0,0.53
64,incident_ops,100,provenance,Anomaly sampling,49074,74.08346272061851,1,1,0,90.746
64,incident_ops,100,provenance,Task-aware unverified,873,99.53895877562661,1,1,0,8.623
64,incident_ops,100,provenance,Pattern-retention guard,49072,74.08451894335477,1,1,0,110.936
64,incident_ops,100,provenance,Invariant-preserving gate,49074,74.08346272061851,1,1,0,97.356
65,incident_ops,100,lookup,Raw,189571,0.0,1,1,0,0.0
65,incident_ops,100,lookup,Fixed projection,19316,89.81067779354437,0,0,0,93.761
65,incident_ops,100,lookup,Head-tail sampling,37672,80.127762157714,0,0,0,0.52
65,incident_ops,100,lookup,Anomaly sampling,54551,71.22397413106435,0,0,0,92.769
65,incident_ops,100,lookup,Task-aware unverified,448,99.76367693370821,1,1,0,4.547
65,incident_ops,100,lookup,Pattern-retention guard,56399,70.24914148261074,1,1,1,101.652
65,incident_ops,100,lookup,Invariant-preserving gate,444,99.76578696108582,1,1,1,109.084
66,incident_ops,100,rare_event,Raw,189571,0.0,1,1,0,0.0
66,incident_ops,100,rare_event,Fixed projection,19316,89.81067779354437,1,1,0,90.877
66,incident_ops,100,rare_event,Head-tail sampling,37672,80.127762157714,0,0,0,0.48
66,incident_ops,100,rare_event,Anomaly sampling,54551,71.22397413106435,1,1,0,87.882
66,incident_ops,100,rare_event,Task-aware unverified,528,99.7214763861561,1,1,0,7.21
66,incident_ops,100,rare_event,Pattern-retention guard,54549,71.22502914475315,1,1,0,99.209
66,incident_ops,100,rare_event,Invariant-preserving gate,54551,71.22397413106435,1,1,0,98.238
67,incident_ops,100,latest_state,Raw,189571,0.0,1,1,0,0.0
67,incident_ops,100,latest_state,Fixed projection,19316,89.81067779354437,1,1,0,91.537
67,incident_ops,100,latest_state,Head-tail sampling,37672,80.127762157714,0,0,0,0.44
67,incident_ops,100,latest_state,Anomaly sampling,54551,71.22397413106435,0,0,0,84.346
67,incident_ops,100,latest_state,Task-aware unverified,172,99.90926882276298,0,0,0,4.667
67,incident_ops,100,latest_state,Pattern-retention guard,63966,66.25749719102605,1,1,1,99.089
67,incident_ops,100,latest_state,Invariant-preserving gate,723,99.61861255149785,1,1,1,107.321
68,incident_ops,100,aggregation,Raw,189571,0.0,1,1,0,0.0
68,incident_ops,100,aggregation,Fixed projection,19316,89.81067779354437,0,0,0,92.479
68,incident_ops,100,aggregation,Head-tail sampling,37672,80.127762157714,0,0,0,0.48
68,incident_ops,100,aggregation,Anomaly sampling,54551,71.22397413106435,0,0,0,87.992
68,incident_ops,100,aggregation,Task-aware unverified,703,99.62916268838589,1,1,0,14.562
68,incident_ops,100,aggregation,Pattern-retention guard,73427,61.2667549361453,1,1,1,103.676
68,incident_ops,100,aggregation,Invariant-preserving gate,699,99.63127271576349,1,1,1,111.697
69,incident_ops,100,join,Raw,189571,0.0,1,1,0,0.0
69,incident_ops,100,join,Fixed projection,19316,89.81067779354437,0,0,0,92.499
69,incident_ops,100,join,Head-tail sampling,37672,80.127762157714,0,0,0,0.471
69,incident_ops,100,join,Anomaly sampling,54551,71.22397413106435,0,0,0,86.51
69,incident_ops,100,join,Task-aware unverified,1091,99.42449003275817,1,1,0,12.849
69,incident_ops,100,join,Pattern-retention guard,69674,63.2464881231834,1,1,1,100.371
69,incident_ops,100,join,Invariant-preserving gate,1087,99.42660006013578,1,1,1,119.82
70,incident_ops,100,negative_evidence,Raw,189571,0.0,1,1,0,0.0
70,incident_ops,100,negative_evidence,Fixed projection,19316,89.81067779354437,1,1,0,91.628
70,incident_ops,100,negative_evidence,Head-tail sampling,37672,80.127762157714,0,0,0,0.48
70,incident_ops,100,negative_evidence,Anomaly sampling,54551,71.22397413106435,0,0,0,90.316
70,incident_ops,100,negative_evidence,Task-aware unverified,78,99.9588544661367,0,0,0,0.491
70,incident_ops,100,negative_evidence,Pattern-retention guard,58328,69.23158077976062,1,1,1,104.797
70,incident_ops,100,negative_evidence,Invariant-preserving gate,193,99.89819117903055,1,1,1,102.894
71,incident_ops,100,threshold,Raw,189571,0.0,1,1,0,0.0
71,incident_ops,100,threshold,Fixed projection,19316,89.81067779354437,0,0,0,89.745
71,incident_ops,100,threshold,Head-tail sampling,37672,80.127762157714,0,0,0,0.721
71,incident_ops,100,threshold,Anomaly sampling,54551,71.22397413106435,1,1,0,87.562
71,incident_ops,100,threshold,Task-aware unverified,181,99.90452126116335,1,1,0,4.838
71,incident_ops,100,threshold,Pattern-retention guard,80885,57.332608890600355,1,1,1,100.11
71,incident_ops,100,threshold,Invariant-preserving gate,54551,71.22397413106435,1,1,0,94.151
72,incident_ops,100,provenance,Raw,189571,0.0,1,1,0,0.0
72,incident_ops,100,provenance,Fixed projection,19316,89.81067779354437,0,0,0,91.487
72,incident_ops,100,provenance,Head-tail sampling,37672,80.127762157714,0,0,0,0.5
72,incident_ops,100,provenance,Anomaly sampling,54551,71.22397413106435,1,1,0,87.992
72,incident_ops,100,provenance,Task-aware unverified,1135,99.40127973160452,1,1,0,9.164
72,incident_ops,100,provenance,Pattern-retention guard,54549,71.22502914475315,1,1,0,102.393
72,incident_ops,100,provenance,Invariant-preserving gate,54551,71.22397413106435,1,1,0,112.359
73,incident_ops,100,lookup,Raw,189250,0.0,1,1,0,0.0
73,incident_ops,100,lookup,Fixed projection,19232,89.83778071334214,0,0,0,92.349
73,incident_ops,100,lookup,Head-tail sampling,37708,80.07503302509907,0,0,0,0.53
73,incident_ops,100,lookup,Anomaly sampling,47111,75.10647291941875,0,0,0,90.486
73,incident_ops,100,lookup,Task-aware unverified,430,99.77278731836195,1,1,0,4.487
73,incident_ops,100,lookup,Pattern-retention guard,49005,74.10568031704095,1,1,1,96.585
73,incident_ops,100,lookup,Invariant-preserving gate,426,99.77490092470276,1,1,1,98.428
74,incident_ops,100,rare_event,Raw,189250,0.0,1,1,0,0.0
74,incident_ops,100,rare_event,Fixed projection,19232,89.83778071334214,1,1,0,92.078
74,incident_ops,100,rare_event,Head-tail sampling,37708,80.07503302509907,0,0,0,0.471
74,incident_ops,100,rare_event,Anomaly sampling,47111,75.10647291941875,1,1,0,85.619
74,incident_ops,100,rare_event,Task-aware unverified,436,99.76961690885072,1,1,0,6.379
74,incident_ops,100,rare_event,Pattern-retention guard,47109,75.10752972258916,1,1,0,96.295
74,incident_ops,100,rare_event,Invariant-preserving gate,47111,75.10647291941875,1,1,0,97.587
75,incident_ops,100,latest_state,Raw,189250,0.0,1,1,0,0.0
75,incident_ops,100,latest_state,Fixed projection,19232,89.83778071334214,1,1,0,92.098
75,incident_ops,100,latest_state,Head-tail sampling,37708,80.07503302509907,0,0,0,0.51
75,incident_ops,100,latest_state,Anomaly sampling,47111,75.10647291941875,0,0,0,92.71
75,incident_ops,100,latest_state,Task-aware unverified,169,99.91070013210039,0,0,0,4.837
75,incident_ops,100,latest_state,Pattern-retention guard,64067,66.14689564068692,1,1,1,103.395
75,incident_ops,100,latest_state,Invariant-preserving gate,1002,99.47054161162482,1,1,1,108.293
76,incident_ops,100,aggregation,Raw,189250,0.0,1,1,0,0.0
76,incident_ops,100,aggregation,Fixed projection,19232,89.83778071334214,0,0,0,90.726
76,incident_ops,100,aggregation,Head-tail sampling,37708,80.07503302509907,0,0,0,0.52
76,incident_ops,100,aggregation,Anomaly sampling,47111,75.10647291941875,0,0,0,102.604
76,incident_ops,100,aggregation,Task-aware unverified,796,99.57939233817702,1,1,0,15.413
76,incident_ops,100,aggregation,Pattern-retention guard,73430,61.19947159841479,1,1,1,108.233
76,incident_ops,100,aggregation,Invariant-preserving gate,792,99.58150594451783,1,1,1,119.729
77,incident_ops,100,join,Raw,189250,0.0,1,1,0,0.0
77,incident_ops,100,join,Fixed projection,19232,89.83778071334214,0,0,0,89.865
77,incident_ops,100,join,Head-tail sampling,37708,80.07503302509907,0,0,0,0.5
77,incident_ops,100,join,Anomaly sampling,47111,75.10647291941875,0,0,0,86.089
77,incident_ops,100,join,Task-aware unverified,1175,99.37912813738441,1,1,0,13.18
77,incident_ops,100,join,Pattern-retention guard,67716,64.21875825627477,1,1,1,98.508
77,incident_ops,100,join,Invariant-preserving gate,1171,99.38124174372524,1,1,1,132.519
78,incident_ops,100,negative_evidence,Raw,189250,0.0,1,1,0,0.0
78,incident_ops,100,negative_evidence,Fixed projection,19232,89.83778071334214,1,1,0,92.799
78,incident_ops,100,negative_evidence,Head-tail sampling,37708,80.07503302509907,0,0,0,0.491
78,incident_ops,100,negative_evidence,Anomaly sampling,47111,75.10647291941875,0,0,0,89.615
78,incident_ops,100,negative_evidence,Task-aware unverified,78,99.95878467635403,0,0,0,0.451
78,incident_ops,100,negative_evidence,Pattern-retention guard,49019,74.09828269484808,1,1,1,102.023
78,incident_ops,100,negative_evidence,Invariant-preserving gate,235,99.87582562747687,1,1,1,101.973
79,incident_ops,100,threshold,Raw,189250,0.0,1,1,0,0.0
79,incident_ops,100,threshold,Fixed projection,19232,89.83778071334214,0,0,0,92.389
79,incident_ops,100,threshold,Head-tail sampling,37708,80.07503302509907,0,0,0,0.451
79,incident_ops,100,threshold,Anomaly sampling,47111,75.10647291941875,1,1,0,87.712
79,incident_ops,100,threshold,Task-aware unverified,181,99.90435931307793,1,1,0,4.848
79,incident_ops,100,threshold,Pattern-retention guard,73469,61.17886393659181,1,1,1,102.694
79,incident_ops,100,threshold,Invariant-preserving gate,47111,75.10647291941875,1,1,0,94.752
80,incident_ops,100,provenance,Raw,189250,0.0,1,1,0,0.0
80,incident_ops,100,provenance,Fixed projection,19232,89.83778071334214,0,0,0,89.575
80,incident_ops,100,provenance,Head-tail sampling,37708,80.07503302509907,0,0,0,0.46
80,incident_ops,100,provenance,Anomaly sampling,47111,75.10647291941875,1,1,0,84.146
80,incident_ops,100,provenance,Task-aware unverified,726,99.61638044914135,1,1,0,7.001
80,incident_ops,100,provenance,Pattern-retention guard,47109,75.10752972258916,1,1,0,95.503
80,incident_ops,100,provenance,Invariant-preserving gate,47111,75.10647291941875,1,1,0,94.842
81,incident_ops,250,lookup,Raw,471958,0.0,1,1,0,0.0
81,incident_ops,250,lookup,Fixed projection,48159,89.79591404319875,0,0,0,228.674
81,incident_ops,250,lookup,Head-tail sampling,37707,92.01051788506605,0,0,0,0.521
81,incident_ops,250,lookup,Anomaly sampling,90742,80.77328914861069,0,0,0,182.865
81,incident_ops,250,lookup,Task-aware unverified,447,99.905288182423,1,1,0,8.763
81,incident_ops,250,lookup,Pattern-retention guard,92607,80.37812686722123,1,1,1,203.937
81,incident_ops,250,lookup,Invariant-preserving gate,443,99.9061357154662,1,1,1,201.462
82,incident_ops,250,rare_event,Raw,471958,0.0,1,1,0,0.0
82,incident_ops,250,rare_event,Fixed projection,48159,89.79591404319875,1,1,0,231.508
82,incident_ops,250,rare_event,Head-tail sampling,37707,92.01051788506605,0,0,0,0.511
82,incident_ops,250,rare_event,Anomaly sampling,90742,80.77328914861069,1,1,0,204.487
82,incident_ops,250,rare_event,Task-aware unverified,965,99.79553265332932,1,1,0,15.733
82,incident_ops,250,rare_event,Pattern-retention guard,90740,80.77371291513228,1,1,0,210.126
82,incident_ops,250,rare_event,Invariant-preserving gate,90742,80.77328914861069,1,1,0,225.339
83,incident_ops,250,latest_state,Raw,471958,0.0,1,1,0,0.0
83,incident_ops,250,latest_state,Fixed projection,48159,89.79591404319875,1,1,0,231.347
83,incident_ops,250,latest_state,Head-tail sampling,37707,92.01051788506605,0,0,0,0.491
83,incident_ops,250,latest_state,Anomaly sampling,90742,80.77328914861069,0,0,0,206.06
83,incident_ops,250,latest_state,Task-aware unverified,171,99.96376796240344,1,0,0,8.823
83,incident_ops,250,latest_state,Pattern-retention guard,100124,78.78540039579794,1,1,1,207.883
83,incident_ops,250,latest_state,Invariant-preserving gate,542,99.88515927264714,1,1,1,209.615
84,incident_ops,250,aggregation,Raw,471958,0.0,1,1,0,0.0
84,incident_ops,250,aggregation,Fixed projection,48159,89.79591404319875,0,0,0,231.798
84,incident_ops,250,aggregation,Head-tail sampling,37707,92.01051788506605,0,0,0,0.53
84,incident_ops,250,aggregation,Anomaly sampling,90742,80.77328914861069,0,0,0,186.561
84,incident_ops,250,aggregation,Task-aware unverified,1450,99.69276927184198,1,1,0,31.318
84,incident_ops,250,aggregation,Pattern-retention guard,147074,68.83748130130223,1,1,1,233.371
84,incident_ops,250,aggregation,Invariant-preserving gate,1446,99.69361680488518,1,1,1,236.375
85,incident_ops,250,join,Raw,471958,0.0,1,1,0,0.0
85,incident_ops,250,join,Fixed projection,48159,89.79591404319875,0,0,0,233.861
85,incident_ops,250,join,Head-tail sampling,37707,92.01051788506605,0,0,0,0.501
85,incident_ops,250,join,Anomaly sampling,90742,80.77328914861069,0,0,0,175.875
85,incident_ops,250,join,Task-aware unverified,1182,99.74955398573601,1,1,0,17.977
85,incident_ops,250,join,Pattern-retention guard,111435,76.38878883290462,1,1,1,204.267
85,incident_ops,250,join,Invariant-preserving gate,1178,99.75040151877921,1,1,1,221.252
86,incident_ops,250,negative_evidence,Raw,471958,0.0,1,1,0,0.0
86,incident_ops,250,negative_evidence,Fixed projection,48159,89.79591404319875,1,1,0,230.556
86,incident_ops,250,negative_evidence,Head-tail sampling,37707,92.01051788506605,0,0,0,0.461
86,incident_ops,250,negative_evidence,Anomaly sampling,90742,80.77328914861069,0,0,0,172.098
86,incident_ops,250,negative_evidence,Task-aware unverified,78,99.98347310565771,0,0,0,0.501
86,incident_ops,250,negative_evidence,Pattern-retention guard,96388,79.5769962581416,1,1,1,197.236
86,incident_ops,250,negative_evidence,Invariant-preserving gate,272,99.94236775306278,1,1,1,209.625
87,incident_ops,250,threshold,Raw,471958,0.0,1,1,0,0.0
87,incident_ops,250,threshold,Fixed projection,48159,89.79591404319875,0,0,0,229.786
87,incident_ops,250,threshold,Head-tail sampling,37707,92.01051788506605,0,0,0,0.491
87,incident_ops,250,threshold,Anomaly sampling,90742,80.77328914861069,1,1,0,174.752
87,incident_ops,250,threshold,Task-aware unverified,181,99.96164912979545,1,1,0,9.765
87,incident_ops,250,threshold,Pattern-retention guard,183142,61.19527585081723,1,1,1,209.405
87,incident_ops,250,threshold,Invariant-preserving gate,90742,80.77328914861069,1,1,0,207.972
88,incident_ops,250,provenance,Raw,471958,0.0,1,1,0,0.0
88,incident_ops,250,provenance,Fixed projection,48159,89.79591404319875,0,0,0,232.739
88,incident_ops,250,provenance,Head-tail sampling,37707,92.01051788506605,0,0,0,0.51
88,incident_ops,250,provenance,Anomaly sampling,90742,80.77328914861069,1,1,0,181.202
88,incident_ops,250,provenance,Task-aware unverified,2410,99.4893613414753,1,1,0,20.671
88,incident_ops,250,provenance,Pattern-retention guard,90740,80.77371291513228,1,1,0,211.538
88,incident_ops,250,provenance,Invariant-preserving gate,90742,80.77328914861069,1,1,0,197.497
89,incident_ops,250,lookup,Raw,471405,0.0,1,1,0,0.0
89,incident_ops,250,lookup,Fixed projection,48001,89.8174605699982,0,0,0,225.699
89,incident_ops,250,lookup,Head-tail sampling,37654,92.0123884982128,0,0,0,0.551
89,incident_ops,250,lookup,Anomaly sampling,77195,83.62448425451576,0,0,0,183.575
89,incident_ops,250,lookup,Task-aware unverified,428,99.9092075815912,1,1,0,8.923
89,incident_ops,250,lookup,Pattern-retention guard,79080,83.22461577624335,1,1,1,219.249
89,incident_ops,250,lookup,Invariant-preserving gate,424,99.91005610886606,1,1,1,222.203
90,incident_ops,250,rare_event,Raw,471405,0.0,1,1,0,0.0
90,incident_ops,250,rare_event,Fixed projection,48001,89.8174605699982,1,1,0,230.046
90,incident_ops,250,rare_event,Head-tail sampling,37654,92.0123884982128,0,0,0,0.521
90,incident_ops,250,rare_event,Anomaly sampling,77195,83.62448425451576,1,1,0,189.735
90,incident_ops,250,rare_event,Task-aware unverified,611,99.87038745876687,1,1,0,11.658
90,incident_ops,250,rare_event,Pattern-retention guard,77193,83.62490851815319,1,1,0,217.576
90,incident_ops,250,rare_event,Invariant-preserving gate,77195,83.62448425451576,1,1,0,193.591
91,incident_ops,250,latest_state,Raw,471405,0.0,1,1,0,0.0
91,incident_ops,250,latest_state,Fixed projection,48001,89.8174605699982,1,1,0,230.496
91,incident_ops,250,latest_state,Head-tail sampling,37654,92.0123884982128,0,0,0,0.481
91,incident_ops,250,latest_state,Anomaly sampling,77195,83.62448425451576,0,0,0,179.599
91,incident_ops,250,latest_state,Task-aware unverified,171,99.96372545900022,1,0,0,8.924
91,incident_ops,250,latest_state,Pattern-retention guard,88338,81.26069939860629,1,1,1,209.374
91,incident_ops,250,latest_state,Invariant-preserving gate,628,99.86678121784877,1,1,1,202.174
92,incident_ops,250,aggregation,Raw,471405,0.0,1,1,0,0.0
92,incident_ops,250,aggregation,Fixed projection,48001,89.8174605699982,0,0,0,221.523
92,incident_ops,250,aggregation,Head-tail sampling,37654,92.0123884982128,0,0,0,0.481
92,incident_ops,250,aggregation,Anomaly sampling,77195,83.62448425451576,0,0,0,175.103
92,incident_ops,250,aggregation,Task-aware unverified,1684,99.64277001728874,1,1,0,36.645
92,incident_ops,250,aggregation,Pattern-retention guard,135498,71.25656282814141,1,1,1,215.464
92,incident_ops,250,aggregation,Invariant-preserving gate,1680,99.6436185445636,1,1,1,242.774
93,incident_ops,250,join,Raw,471405,0.0,1,1,0,0.0
93,incident_ops,250,join,Fixed projection,48001,89.8174605699982,0,0,0,224.357
93,incident_ops,250,join,Head-tail sampling,37654,92.0123884982128,0,0,0,0.491
93,incident_ops,250,join,Anomaly sampling,77195,83.62448425451576,0,0,0,191.878
93,incident_ops,250,join,Task-aware unverified,1275,99.729531931142,1,1,0,18.748
93,incident_ops,250,join,Pattern-retention guard,94200,80.01718267731567,1,1,1,222.865
93,incident_ops,250,join,Invariant-preserving gate,1271,99.73038045841686,1,1,1,231.178
94,incident_ops,250,negative_evidence,Raw,471405,0.0,1,1,0,0.0
94,incident_ops,250,negative_evidence,Fixed projection,48001,89.8174605699982,1,1,0,225.129
94,incident_ops,250,negative_evidence,Head-tail sampling,37654,92.0123884982128,0,0,0,0.531
94,incident_ops,250,negative_evidence,Anomaly sampling,77195,83.62448425451576,0,0,0,178.749
94,incident_ops,250,negative_evidence,Task-aware unverified,78,99.98345371814045,0,0,0,0.491
94,incident_ops,250,negative_evidence,Pattern-retention guard,80930,82.83217191162589,1,1,1,207.622
94,incident_ops,250,negative_evidence,Invariant-preserving gate,278,99.94102735439803,1,1,1,207.191
95,incident_ops,250,threshold,Raw,471405,0.0,1,1,0,0.0
95,incident_ops,250,threshold,Fixed projection,48001,89.8174605699982,0,0,0,224.107
95,incident_ops,250,threshold,Head-tail sampling,37654,92.0123884982128,0,0,0,0.52
95,incident_ops,250,threshold,Anomaly sampling,77195,83.62448425451576,1,1,0,200.26
95,incident_ops,250,threshold,Task-aware unverified,181,99.9616041408131,1,1,0,10.656
95,incident_ops,250,threshold,Pattern-retention guard,178591,62.11516636437883,1,1,1,226.631
95,incident_ops,250,threshold,Invariant-preserving gate,77195,83.62448425451576,1,1,0,205.899
96,incident_ops,250,provenance,Raw,471405,0.0,1,1,0,0.0
96,incident_ops,250,provenance,Fixed projection,48001,89.8174605699982,0,0,0,225.509
96,incident_ops,250,provenance,Head-tail sampling,37654,92.0123884982128,0,0,0,0.511
96,incident_ops,250,provenance,Anomaly sampling,77195,83.62448425451576,1,1,0,176.876
96,incident_ops,250,provenance,Task-aware unverified,1127,99.7609274403114,1,1,0,12.859
96,incident_ops,250,provenance,Pattern-retention guard,77193,83.62490851815319,1,1,0,207.121
96,incident_ops,250,provenance,Invariant-preserving gate,77195,83.62448425451576,1,1,0,194.982
97,incident_ops,250,lookup,Raw,471748,0.0,1,1,0,0.0
97,incident_ops,250,lookup,Fixed projection,48073,89.80960173652035,0,0,0,234.602
97,incident_ops,250,lookup,Head-tail sampling,37655,92.01798417799334,0,0,0,0.501
97,incident_ops,250,lookup,Anomaly sampling,77436,83.58530401824703,0,0,0,179.319
97,incident_ops,250,lookup,Task-aware unverified,437,99.9073657969933,1,1,0,8.933
97,incident_ops,250,lookup,Pattern-retention guard,79290,83.19229758260767,1,1,1,210.045
97,incident_ops,250,lookup,Invariant-preserving gate,433,99.90821370731831,1,1,1,196.045
98,incident_ops,250,rare_event,Raw,471748,0.0,1,1,0,0.0
98,incident_ops,250,rare_event,Fixed projection,48073,89.80960173652035,1,1,0,231.728
98,incident_ops,250,rare_event,Head-tail sampling,37655,92.01798417799334,0,0,0,0.521
98,incident_ops,250,rare_event,Anomaly sampling,77436,83.58530401824703,1,1,0,186.691
98,incident_ops,250,rare_event,Task-aware unverified,691,99.85352349135556,1,1,0,12.769
98,incident_ops,250,rare_event,Pattern-retention guard,77434,83.58572797340953,1,1,0,207.362
98,incident_ops,250,rare_event,Invariant-preserving gate,77436,83.58530401824703,1,1,0,192.419
99,incident_ops,250,latest_state,Raw,471748,0.0,1,1,0,0.0
99,incident_ops,250,latest_state,Fixed projection,48073,89.80960173652035,1,1,0,224.537
99,incident_ops,250,latest_state,Head-tail sampling,37655,92.01798417799334,0,0,0,0.511
99,incident_ops,250,latest_state,Anomaly sampling,77436,83.58530401824703,0,0,0,179.931
99,incident_ops,250,latest_state,Task-aware unverified,169,99.96417578876859,0,0,0,9.003
99,incident_ops,250,latest_state,Pattern-retention guard,92375,80.41857093193823,1,1,1,210.777
99,incident_ops,250,latest_state,Invariant-preserving gate,1008,99.78632659809898,1,1,1,205.939
100,incident_ops,250,aggregation,Raw,471748,0.0,1,1,0,0.0
100,incident_ops,250,aggregation,Fixed projection,48073,89.80960173652035,0,0,0,233.081
100,incident_ops,250,aggregation,Head-tail sampling,37655,92.01798417799334,0,0,0,0.491
100,incident_ops,250,aggregation,Anomaly sampling,77436,83.58530401824703,0,0,0,199.569
100,incident_ops,250,aggregation,Task-aware unverified,2353,99.50121675131638,1,1,0,46.39
100,incident_ops,250,aggregation,Pattern-retention guard,165770,64.8604763560206,1,1,1,210.787
100,incident_ops,250,aggregation,Invariant-preserving gate,2349,99.50206466164138,1,1,1,268.854
101,incident_ops,250,join,Raw,471748,0.0,1,1,0,0.0
101,incident_ops,250,join,Fixed projection,48073,89.80960173652035,0,0,0,228.483
101,incident_ops,250,join,Head-tail sampling,37655,92.01798417799334,0,0,0,0.481
101,incident_ops,250,join,Anomaly sampling,77436,83.58530401824703,0,0,0,190.966
101,incident_ops,250,join,Task-aware unverified,1090,99.7689444364364,1,1,0,17.276
101,incident_ops,250,join,Pattern-retention guard,92454,80.40182470301941,1,1,1,211.478
101,incident_ops,250,join,Invariant-preserving gate,1086,99.7697923467614,1,1,1,217.217
102,incident_ops,250,negative_evidence,Raw,471748,0.0,1,1,0,0.0
102,incident_ops,250,negative_evidence,Fixed projection,48073,89.80960173652035,1,1,0,227.132
102,incident_ops,250,negative_evidence,Head-tail sampling,37655,92.01798417799334,0,0,0,0.561
102,incident_ops,250,negative_evidence,Anomaly sampling,77436,83.58530401824703,0,0,0,191.207
102,incident_ops,250,negative_evidence,Task-aware unverified,78,99.98346574866243,0,0,0,0.491
102,incident_ops,250,negative_evidence,Pattern-retention guard,81276,82.77131010624316,1,1,1,217.507
102,incident_ops,250,negative_evidence,Invariant-preserving gate,238,99.94954933566225,1,1,1,196.916
103,incident_ops,250,threshold,Raw,471748,0.0,1,1,0,0.0
103,incident_ops,250,threshold,Fixed projection,48073,89.80960173652035,0,0,0,224.187
103,incident_ops,250,threshold,Head-tail sampling,37655,92.01798417799334,0,0,0,0.491
103,incident_ops,250,threshold,Anomaly sampling,77436,83.58530401824703,1,1,0,174.091
103,incident_ops,250,threshold,Task-aware unverified,181,99.96163205779357,1,1,0,10.255
103,incident_ops,250,threshold,Pattern-retention guard,169498,64.07022393311684,1,1,1,215.474
103,incident_ops,250,threshold,Invariant-preserving gate,77436,83.58530401824703,1,1,0,206.19
104,incident_ops,250,provenance,Raw,471748,0.0,1,1,0,0.0
104,incident_ops,250,provenance,Fixed projection,48073,89.80960173652035,0,0,0,228.804
104,incident_ops,250,provenance,Head-tail sampling,37655,92.01798417799334,0,0,0,0.53
104,incident_ops,250,provenance,Anomaly sampling,77436,83.58530401824703,1,1,0,174.121
104,incident_ops,250,provenance,Task-aware unverified,1119,99.76279708658012,1,1,0,13.1
104,incident_ops,250,provenance,Pattern-retention guard,77434,83.58572797340953,1,1,0,201.823
104,incident_ops,250,provenance,Invariant-preserving gate,77436,83.58530401824703,1,1,0,190.426
105,incident_ops,250,lookup,Raw,472570,0.0,1,1,0,0.0
105,incident_ops,250,lookup,Fixed projection,48081,89.82563429756438,0,0,0,232.4
105,incident_ops,250,lookup,Head-tail sampling,37781,92.00520557800961,0,0,0,0.541
105,incident_ops,250,lookup,Anomaly sampling,82994,82.43773409230378,0,0,0,172.829
105,incident_ops,250,lookup,Task-aware unverified,430,99.90900818926298,1,1,0,8.934
105,incident_ops,250,lookup,Pattern-retention guard,84876,82.03948621368264,1,1,1,199.86
105,incident_ops,250,lookup,Invariant-preserving gate,426,99.90985462471168,1,1,1,192.058
106,incident_ops,250,rare_event,Raw,472570,0.0,1,1,0,0.0
106,incident_ops,250,rare_event,Fixed projection,48081,89.82563429756438,1,1,0,227.492
106,incident_ops,250,rare_event,Head-tail sampling,37781,92.00520557800961,0,0,0,0.461
106,incident_ops,250,rare_event,Anomaly sampling,82994,82.43773409230378,1,1,0,171.267
106,incident_ops,250,rare_event,Task-aware unverified,617,99.86943733203547,1,1,0,11.808
106,incident_ops,250,rare_event,Pattern-retention guard,82992,82.43815731002815,1,1,0,218.849
106,incident_ops,250,rare_event,Invariant-preserving gate,82994,82.43773409230378,1,1,0,179.019
107,incident_ops,250,latest_state,Raw,472570,0.0,1,1,0,0.0
107,incident_ops,250,latest_state,Fixed projection,48081,89.82563429756438,1,1,0,227.612
107,incident_ops,250,latest_state,Head-tail sampling,37781,92.00520557800961,0,0,0,0.491
107,incident_ops,250,latest_state,Anomaly sampling,82994,82.43773409230378,0,0,0,182.604
107,incident_ops,250,latest_state,Task-aware unverified,170,99.96402649342954,0,0,0,8.873
107,incident_ops,250,latest_state,Pattern-retention guard,94375,80.0294136318429,1,1,1,202.755
107,incident_ops,250,latest_state,Invariant-preserving gate,726,99.84637196605793,1,1,1,209.915
108,incident_ops,250,aggregation,Raw,472570,0.0,1,1,0,0.0
108,incident_ops,250,aggregation,Fixed projection,48081,89.82563429756438,0,0,0,225.559
108,incident_ops,250,aggregation,Head-tail sampling,37781,92.00520557800961,0,0,0,0.491
108,incident_ops,250,aggregation,Anomaly sampling,82994,82.43773409230378,0,0,0,168.393
108,incident_ops,250,aggregation,Task-aware unverified,2027,99.57106883636287,1,1,0,43.996
108,incident_ops,250,aggregation,Pattern-retention guard,158332,66.49554563345113,1,1,1,202.034
108,incident_ops,250,aggregation,Invariant-preserving gate,2023,99.57191527181159,1,1,1,233.891
109,incident_ops,250,join,Raw,472570,0.0,1,1,0,0.0
109,incident_ops,250,join,Fixed projection,48081,89.82563429756438,0,0,0,237.787
109,incident_ops,250,join,Head-tail sampling,37781,92.00520557800961,0,0,0,0.53
109,incident_ops,250,join,Anomaly sampling,82994,82.43773409230378,0,0,0,169.044
109,incident_ops,250,join,Task-aware unverified,1738,99.63222379753263,1,1,0,23.476
109,incident_ops,250,join,Pattern-retention guard,111360,76.43523710773007,1,1,1,198.007
109,incident_ops,250,join,Invariant-preserving gate,1734,99.63307023298135,1,1,1,228.353
110,incident_ops,250,negative_evidence,Raw,472570,0.0,1,1,0,0.0
110,incident_ops,250,negative_evidence,Fixed projection,48081,89.82563429756438,1,1,0,252.469
110,incident_ops,250,negative_evidence,Head-tail sampling,37781,92.00520557800961,0,0,0,0.51
110,incident_ops,250,negative_evidence,Anomaly sampling,82994,82.43773409230378,0,0,0,181.843
110,incident_ops,250,negative_evidence,Task-aware unverified,78,99.98349450875003,0,0,0,0.491
110,incident_ops,250,negative_evidence,Pattern-retention guard,94242,80.05755761051273,1,1,1,205.138
110,incident_ops,250,negative_evidence,Invariant-preserving gate,470,99.9005438347758,1,1,1,202.574
111,incident_ops,250,threshold,Raw,472570,0.0,1,1,0,0.0
111,incident_ops,250,threshold,Fixed projection,48081,89.82563429756438,0,0,0,223.936
111,incident_ops,250,threshold,Head-tail sampling,37781,92.00520557800961,0,0,0,0.53
111,incident_ops,250,threshold,Anomaly sampling,82994,82.43773409230378,1,1,0,163.265
111,incident_ops,250,threshold,Task-aware unverified,181,99.96169879594558,1,1,0,9.855
111,incident_ops,250,threshold,Pattern-retention guard,154724,67.2590304081935,1,1,1,224.537
111,incident_ops,250,threshold,Invariant-preserving gate,82994,82.43773409230378,1,1,0,186.65
112,incident_ops,250,provenance,Raw,472570,0.0,1,1,0,0.0
112,incident_ops,250,provenance,Fixed projection,48081,89.82563429756438,0,0,0,232.319
112,incident_ops,250,provenance,Head-tail sampling,37781,92.00520557800961,0,0,0,0.511
112,incident_ops,250,provenance,Anomaly sampling,82994,82.43773409230378,1,1,0,199.4
112,incident_ops,250,provenance,Task-aware unverified,1509,99.68068222697167,1,1,0,16.245
112,incident_ops,250,provenance,Pattern-retention guard,82992,82.43815731002815,1,1,0,198.298
112,incident_ops,250,provenance,Invariant-preserving gate,82994,82.43773409230378,1,1,0,183.366
113,incident_ops,250,lookup,Raw,471998,0.0,1,1,0,0.0
113,incident_ops,250,lookup,Fixed projection,47991,89.83237217106851,0,0,0,227.101
113,incident_ops,250,lookup,Head-tail sampling,37673,92.018398383044,0,0,0,0.501
113,incident_ops,250,lookup,Anomaly sampling,84908,82.01094072432511,0,0,0,182.924
113,incident_ops,250,lookup,Task-aware unverified,422,99.91059284149509,1,1,0,8.853
113,incident_ops,250,lookup,Pattern-retention guard,86766,81.61729498853809,1,1,1,201.082
113,incident_ops,250,lookup,Invariant-preserving gate,418,99.91144030271315,1,1,1,201.082
114,incident_ops,250,rare_event,Raw,471998,0.0,1,1,0,0.0
114,incident_ops,250,rare_event,Fixed projection,47991,89.83237217106851,1,1,0,232.018
114,incident_ops,250,rare_event,Head-tail sampling,37673,92.018398383044,0,0,0,0.49
114,incident_ops,250,rare_event,Anomaly sampling,84908,82.01094072432511,1,1,0,186.911
114,incident_ops,250,rare_event,Task-aware unverified,604,99.87203335607354,1,1,0,11.998
114,incident_ops,250,rare_event,Pattern-retention guard,84906,82.01136445493414,1,1,0,204.487
114,incident_ops,250,rare_event,Invariant-preserving gate,84908,82.01094072432511,1,1,0,187.462
115,incident_ops,250,latest_state,Raw,471998,0.0,1,1,0,0.0
115,incident_ops,250,latest_state,Fixed projection,47991,89.83237217106851,1,1,0,229.675
115,incident_ops,250,latest_state,Head-tail sampling,37673,92.018398383044,0,0,0,0.461
115,incident_ops,250,latest_state,Anomaly sampling,84908,82.01094072432511,0,0,0,180.2
115,incident_ops,250,latest_state,Task-aware unverified,169,99.96419476353712,0,0,0,9.063
115,incident_ops,250,latest_state,Pattern-retention guard,101906,78.4096542781961,1,1,1,208.002
115,incident_ops,250,latest_state,Invariant-preserving gate,908,99.80762630350128,1,1,1,225.379
116,incident_ops,250,aggregation,Raw,471998,0.0,1,1,0,0.0
116,incident_ops,250,aggregation,Fixed projection,47991,89.83237217106851,0,0,0,234.552
116,incident_ops,250,aggregation,Head-tail sampling,37673,92.018398383044,0,0,0,0.49
116,incident_ops,250,aggregation,Anomaly sampling,84908,82.01094072432511,0,0,0,194.252
116,incident_ops,250,aggregation,Task-aware unverified,1962,99.58432027254352,1,1,0,45.809
116,incident_ops,250,aggregation,Pattern-retention guard,158206,66.48163763405776,1,1,1,211.057
116,incident_ops,250,aggregation,Invariant-preserving gate,1958,99.58516773376158,1,1,1,237.296
117,incident_ops,250,join,Raw,471998,0.0,1,1,0,0.0
117,incident_ops,250,join,Fixed projection,47991,89.83237217106851,0,0,0,230.756
117,incident_ops,250,join,Head-tail sampling,37673,92.018398383044,0,0,0,0.491
117,incident_ops,250,join,Anomaly sampling,84908,82.01094072432511,0,0,0,172.489
117,incident_ops,250,join,Task-aware unverified,1453,99.69215971254116,1,1,0,20.691
117,incident_ops,250,join,Pattern-retention guard,107547,77.2145220954326,1,1,1,217.767
117,incident_ops,250,join,Invariant-preserving gate,1449,99.69300717375921,1,1,1,221.833
118,incident_ops,250,negative_evidence,Raw,471998,0.0,1,1,0,0.0
118,incident_ops,250,negative_evidence,Fixed projection,47991,89.83237217106851,1,1,0,231.818
118,incident_ops,250,negative_evidence,Head-tail sampling,37673,92.018398383044,0,0,0,0.541
118,incident_ops,250,negative_evidence,Anomaly sampling,84908,82.01094072432511,0,0,0,180.711
118,incident_ops,250,negative_evidence,Task-aware unverified,78,99.9834745062479,0,0,0,0.48
118,incident_ops,250,negative_evidence,Pattern-retention guard,94252,80.03127131894627,1,1,1,209.395
118,incident_ops,250,negative_evidence,Invariant-preserving gate,352,99.92542341281107,1,1,1,205.529
119,incident_ops,250,threshold,Raw,471998,0.0,1,1,0,0.0
119,incident_ops,250,threshold,Fixed projection,47991,89.83237217106851,0,0,0,230.096
119,incident_ops,250,threshold,Head-tail sampling,37673,92.018398383044,0,0,0,0.5
119,incident_ops,250,threshold,Anomaly sampling,84908,82.01094072432511,1,1,0,174.042
119,incident_ops,250,threshold,Task-aware unverified,181,99.96165237988296,1,1,0,10.215
119,incident_ops,250,threshold,Pattern-retention guard,166081,64.81319836101001,1,1,1,205.028
119,incident_ops,250,threshold,Invariant-preserving gate,84908,82.01094072432511,1,1,0,209.494
120,incident_ops,250,provenance,Raw,471998,0.0,1,1,0,0.0
120,incident_ops,250,provenance,Fixed projection,47991,89.83237217106851,0,0,0,226.69
120,incident_ops,250,provenance,Head-tail sampling,37673,92.018398383044,0,0,0,0.571
120,incident_ops,250,provenance,Anomaly sampling,84908,82.01094072432511,1,1,0,193.601
120,incident_ops,250,provenance,Task-aware unverified,2279,99.51715897101259,1,1,0,20.721
120,incident_ops,250,provenance,Pattern-retention guard,84906,82.01136445493414,1,1,0,207.601
120,incident_ops,250,provenance,Invariant-preserving gate,84908,82.01094072432511,1,1,0,200.13
121,incident_ops,500,lookup,Raw,942878,0.0,1,1,0,0.0
121,incident_ops,500,lookup,Fixed projection,96284,89.78828650154102,0,0,0,468.844
121,incident_ops,500,lookup,Head-tail sampling,37835,95.98728573580038,0,0,0,0.491
121,incident_ops,500,lookup,Anomaly sampling,186539,80.21599825215988,0,0,0,343.526
121,incident_ops,500,lookup,Task-aware unverified,442,99.95312224911387,1,1,0,15.874
121,incident_ops,500,lookup,Pattern-retention guard,188428,80.01565419916469,1,1,1,393.371
121,incident_ops,500,lookup,Invariant-preserving gate,438,99.95354648215357,1,1,1,376.976
122,incident_ops,500,rare_event,Raw,942878,0.0,1,1,0,0.0
122,incident_ops,500,rare_event,Fixed projection,96284,89.78828650154102,1,1,0,478.889
122,incident_ops,500,rare_event,Head-tail sampling,37835,95.98728573580038,0,0,0,0.541
122,incident_ops,500,rare_event,Anomaly sampling,186539,80.21599825215988,1,1,0,315.063
122,incident_ops,500,rare_event,Task-aware unverified,1498,99.84112472663483,1,1,0,26.4
122,incident_ops,500,rare_event,Pattern-retention guard,186537,80.21621036867973,1,1,0,373.19
122,incident_ops,500,rare_event,Invariant-preserving gate,186539,80.21599825215988,1,1,0,356.546
123,incident_ops,500,latest_state,Raw,942878,0.0,1,1,0,0.0
123,incident_ops,500,latest_state,Fixed projection,96284,89.78828650154102,1,1,0,453.001
123,incident_ops,500,latest_state,Head-tail sampling,37835,95.98728573580038,0,0,0,0.55
123,incident_ops,500,latest_state,Anomaly sampling,186539,80.21599825215988,0,0,0,313.141
123,incident_ops,500,latest_state,Task-aware unverified,169,99.98207615407296,0,0,0,17.336
123,incident_ops,500,latest_state,Pattern-retention guard,199738,78.8161352794317,1,1,1,387.462
123,incident_ops,500,latest_state,Invariant-preserving gate,910,99.90348698346976,1,1,1,376.226
124,incident_ops,500,aggregation,Raw,942878,0.0,1,1,0,0.0
124,incident_ops,500,aggregation,Fixed projection,96284,89.78828650154102,0,0,0,489.505
124,incident_ops,500,aggregation,Head-tail sampling,37835,95.98728573580038,0,0,0,0.51
124,incident_ops,500,aggregation,Anomaly sampling,186539,80.21599825215988,0,0,0,559.42
124,incident_ops,500,aggregation,Task-aware unverified,3445,99.63462929456409,1,1,0,75.333
124,incident_ops,500,aggregation,Pattern-retention guard,333640,64.61472215917648,1,1,1,394.442
124,incident_ops,500,aggregation,Invariant-preserving gate,3441,99.63505352760377,1,1,1,486.641
125,incident_ops,500,join,Raw,942878,0.0,1,1,0,0.0
125,incident_ops,500,join,Fixed projection,96284,89.78828650154102,0,0,0,477.838
125,incident_ops,500,join,Head-tail sampling,37835,95.98728573580038,0,0,0,0.511
125,incident_ops,500,join,Anomaly sampling,186539,80.21599825215988,0,0,0,330.787
125,incident_ops,500,join,Task-aware unverified,1189,99.87389672895115,1,1,0,27.06
125,incident_ops,500,join,Pattern-retention guard,207282,78.01603176657001,1,1,1,386.271
125,incident_ops,500,join,Invariant-preserving gate,1185,99.87432096199083,1,1,1,409.855
126,incident_ops,500,negative_evidence,Raw,942878,0.0,1,1,0,0.0
126,incident_ops,500,negative_evidence,Fixed projection,96284,89.78828650154102,1,1,0,483.726
126,incident_ops,500,negative_evidence,Head-tail sampling,37835,95.98728573580038,0,0,0,0.531
126,incident_ops,500,negative_evidence,Anomaly sampling,186539,80.21599825215988,0,0,0,347.361
126,incident_ops,500,negative_evidence,Task-aware unverified,78,99.99172745572598,0,0,0,0.5
126,incident_ops,500,negative_evidence,Pattern-retention guard,192207,79.61486003491439,1,1,1,370.807
126,incident_ops,500,negative_evidence,Invariant-preserving gate,233,99.97528842543785,1,1,1,385.149
127,incident_ops,500,threshold,Raw,942878,0.0,1,1,0,0.0
127,incident_ops,500,threshold,Fixed projection,96284,89.78828650154102,0,0,0,459.23
127,incident_ops,500,threshold,Head-tail sampling,37835,95.98728573580038,0,0,0,0.581
127,incident_ops,500,threshold,Anomaly sampling,186539,80.21599825215988,1,1,0,319.641
127,incident_ops,500,threshold,Task-aware unverified,181,99.98080345495387,1,1,0,17.837
127,incident_ops,500,threshold,Pattern-retention guard,325877,65.43805243096136,1,1,1,409.706
127,incident_ops,500,threshold,Invariant-preserving gate,186539,80.21599825215988,1,1,0,419.791
128,incident_ops,500,provenance,Raw,942878,0.0,1,1,0,0.0
128,incident_ops,500,provenance,Fixed projection,96284,89.78828650154102,0,0,0,460.071
128,incident_ops,500,provenance,Head-tail sampling,37835,95.98728573580038,0,0,0,0.53
128,incident_ops,500,provenance,Anomaly sampling,186539,80.21599825215988,1,1,0,312.98
128,incident_ops,500,provenance,Task-aware unverified,3987,99.57714571768564,1,1,0,37.446
128,incident_ops,500,provenance,Pattern-retention guard,186537,80.21621036867973,1,1,0,397.227
128,incident_ops,500,provenance,Invariant-preserving gate,186539,80.21599825215988,1,1,0,390.236
129,incident_ops,500,lookup,Raw,942569,0.0,1,1,0,0.0
129,incident_ops,500,lookup,Fixed projection,96004,89.81464486950027,0,0,0,464.138
129,incident_ops,500,lookup,Head-tail sampling,37787,95.99106272325952,0,0,0,0.52
129,incident_ops,500,lookup,Anomaly sampling,169770,81.98858651196889,1,1,0,326.15
129,incident_ops,500,lookup,Task-aware unverified,450,99.95225813707007,1,1,0,16.145
129,incident_ops,500,lookup,Pattern-retention guard,169768,81.98879869802636,1,1,0,393.611
129,incident_ops,500,lookup,Invariant-preserving gate,169770,81.98858651196889,1,1,0,354.362
130,incident_ops,500,rare_event,Raw,942569,0.0,1,1,0,0.0
130,incident_ops,500,rare_event,Fixed projection,96004,89.81464486950027,1,1,0,457.216
130,incident_ops,500,rare_event,Head-tail sampling,37787,95.99106272325952,0,0,0,0.5
130,incident_ops,500,rare_event,Anomaly sampling,169770,81.98858651196889,1,1,0,323.406
130,incident_ops,500,rare_event,Task-aware unverified,1297,99.86239734173307,1,1,0,24.506
130,incident_ops,500,rare_event,Pattern-retention guard,169768,81.98879869802636,1,1,0,378.829
130,incident_ops,500,rare_event,Invariant-preserving gate,169770,81.98858651196889,1,1,0,363.596
131,incident_ops,500,latest_state,Raw,942569,0.0,1,1,0,0.0
131,incident_ops,500,latest_state,Fixed projection,96004,89.81464486950027,1,1,0,465.72
131,incident_ops,500,latest_state,Head-tail sampling,37787,95.99106272325952,0,0,0,0.511
131,incident_ops,500,latest_state,Anomaly sampling,169770,81.98858651196889,1,0,0,326.381
131,incident_ops,500,latest_state,Task-aware unverified,171,99.98185809208663,1,0,0,16.314
131,incident_ops,500,latest_state,Pattern-retention guard,184846,80.38912801078753,1,1,1,383.997
131,incident_ops,500,latest_state,Invariant-preserving gate,912,99.90324315779534,1,1,1,374.562
132,incident_ops,500,aggregation,Raw,942569,0.0,1,1,0,0.0
132,incident_ops,500,aggregation,Fixed projection,96004,89.81464486950027,0,0,0,477.607
132,incident_ops,500,aggregation,Head-tail sampling,37787,95.99106272325952,0,0,0,0.53
132,incident_ops,500,aggregation,Anomaly sampling,169770,81.98858651196889,0,0,0,318.308
132,incident_ops,500,aggregation,Task-aware unverified,3656,99.61212388695151,1,1,0,73.631
132,incident_ops,500,aggregation,Pattern-retention guard,308949,67.22266486591433,1,1,1,384.618
132,incident_ops,500,aggregation,Invariant-preserving gate,3652,99.61254825906644,1,1,1,475.995
133,incident_ops,500,join,Raw,942569,0.0,1,1,0,0.0
133,incident_ops,500,join,Fixed projection,96004,89.81464486950027,0,0,0,455.134
133,incident_ops,500,join,Head-tail sampling,37787,95.99106272325952,0,0,0,0.501
133,incident_ops,500,join,Anomaly sampling,169770,81.98858651196889,0,0,0,345.79
133,incident_ops,500,join,Task-aware unverified,1181,99.87470413306612,1,1,0,26.039
133,incident_ops,500,join,Pattern-retention guard,188444,80.00740529340558,1,1,1,385.86
133,incident_ops,500,join,Invariant-preserving gate,1177,99.87512850518105,1,1,1,410.426
134,incident_ops,500,negative_evidence,Raw,942569,0.0,1,1,0,0.0
134,incident_ops,500,negative_evidence,Fixed projection,96004,89.81464486950027,1,1,0,475.164
134,incident_ops,500,negative_evidence,Head-tail sampling,37787,95.99106272325952,0,0,0,0.481
134,incident_ops,500,negative_evidence,Anomaly sampling,169770,81.98858651196889,0,0,0,341.312
134,incident_ops,500,negative_evidence,Task-aware unverified,78,99.99172474375881,0,0,0,0.53
134,incident_ops,500,negative_evidence,Pattern-retention guard,173499,81.59296560782288,1,1,1,383.816
134,incident_ops,500,negative_evidence,Invariant-preserving gate,234,99.97517423127644,1,1,1,376.716
135,incident_ops,500,threshold,Raw,942569,0.0,1,1,0,0.0
135,incident_ops,500,threshold,Fixed projection,96004,89.81464486950027,0,0,0,479.47
135,incident_ops,500,threshold,Head-tail sampling,37787,95.99106272325952,0,0,0,0.531
135,incident_ops,500,threshold,Anomaly sampling,169770,81.98858651196889,1,1,0,326.33
135,incident_ops,500,threshold,Task-aware unverified,181,99.9807971617993,1,1,0,18.588
135,incident_ops,500,threshold,Pattern-retention guard,343381,63.56966970057365,1,1,1,399.22
135,incident_ops,500,threshold,Invariant-preserving gate,169770,81.98858651196889,1,1,0,362.194
136,incident_ops,500,provenance,Raw,942569,0.0,1,1,0,0.0
136,incident_ops,500,provenance,Fixed projection,96004,89.81464486950027,0,0,0,483.126
136,incident_ops,500,provenance,Head-tail sampling,37787,95.99106272325952,0,0,0,0.521
136,incident_ops,500,provenance,Anomaly sampling,169770,81.98858651196889,1,1,0,352.479
136,incident_ops,500,provenance,Task-aware unverified,3219,99.65848654050791,1,1,0,30.866
136,incident_ops,500,provenance,Pattern-retention guard,169768,81.98879869802636,1,1,0,394.062
136,incident_ops,500,provenance,Invariant-preserving gate,169770,81.98858651196889,1,1,0,365.519
137,incident_ops,500,lookup,Raw,942582,0.0,1,1,0,0.0
137,incident_ops,500,lookup,Fixed projection,95917,89.82401531113473,0,0,0,465.58
137,incident_ops,500,lookup,Head-tail sampling,37736,95.99652868397656,0,0,0,0.571
137,incident_ops,500,lookup,Anomaly sampling,124613,86.77961174730686,0,0,0,326.06
137,incident_ops,500,lookup,Task-aware unverified,431,99.9542745352659,1,1,0,16.355
137,incident_ops,500,lookup,Pattern-retention guard,126497,86.57973523788911,1,1,1,373.712
137,incident_ops,500,lookup,Invariant-preserving gate,427,99.95469890152793,1,1,1,400.512
138,incident_ops,500,rare_event,Raw,942582,0.0,1,1,0,0.0
138,incident_ops,500,rare_event,Fixed projection,95917,89.82401531113473,1,1,0,670.928
138,incident_ops,500,rare_event,Head-tail sampling,37736,95.99652868397656,0,0,0,0.501
138,incident_ops,500,rare_event,Anomaly sampling,124613,86.77961174730686,1,1,0,333.631
138,incident_ops,500,rare_event,Task-aware unverified,882,99.90642723922163,1,1,0,21.793
138,incident_ops,500,rare_event,Pattern-retention guard,124611,86.77982393043789,1,1,0,391.057
138,incident_ops,500,rare_event,Invariant-preserving gate,124613,86.77961174730686,1,1,0,363.837
139,incident_ops,500,latest_state,Raw,942582,0.0,1,1,0,0.0
139,incident_ops,500,latest_state,Fixed projection,95917,89.82401531113473,1,1,0,479.07
139,incident_ops,500,latest_state,Head-tail sampling,37736,95.99652868397656,0,0,0,0.53
139,incident_ops,500,latest_state,Anomaly sampling,124613,86.77961174730686,0,0,0,331.327
139,incident_ops,500,latest_state,Task-aware unverified,169,99.9820705254291,0,0,0,16.354
139,incident_ops,500,latest_state,Pattern-retention guard,139666,85.18261541170953,1,1,1,366.641
139,incident_ops,500,latest_state,Invariant-preserving gate,906,99.90388104164943,1,1,1,377.146
140,incident_ops,500,aggregation,Raw,942582,0.0,1,1,0,0.0
140,incident_ops,500,aggregation,Fixed projection,95917,89.82401531113473,0,0,0,482.514
140,incident_ops,500,aggregation,Head-tail sampling,37736,95.99652868397656,0,0,0,0.52
140,incident_ops,500,aggregation,Anomaly sampling,124613,86.77961174730686,0,0,0,334.732
140,incident_ops,500,aggregation,Task-aware unverified,3445,99.6345145568237,1,1,0,76.845
140,incident_ops,500,aggregation,Pattern-retention guard,257926,72.636226874691,1,1,1,404.959
140,incident_ops,500,aggregation,Invariant-preserving gate,3441,99.63493892308574,1,1,1,456.686
141,incident_ops,500,join,Raw,942582,0.0,1,1,0,0.0
141,incident_ops,500,join,Fixed projection,95917,89.82401531113473,0,0,0,462.124
141,incident_ops,500,join,Head-tail sampling,37736,95.99652868397656,0,0,0,0.671
141,incident_ops,500,join,Anomaly sampling,124613,86.77961174730686,0,0,0,317.978
141,incident_ops,500,join,Task-aware unverified,813,99.9137475572417,1,1,0,23.184
141,incident_ops,500,join,Pattern-retention guard,137747,85.38620512592007,1,1,1,381.243
141,incident_ops,500,join,Invariant-preserving gate,809,99.91417192350373,1,1,1,393.481
142,incident_ops,500,negative_evidence,Raw,942582,0.0,1,1,0,0.0
142,incident_ops,500,negative_evidence,Fixed projection,95917,89.82401531113473,1,1,0,467.342
142,incident_ops,500,negative_evidence,Head-tail sampling,37736,95.99652868397656,0,0,0,0.501
142,incident_ops,500,negative_evidence,Anomaly sampling,124613,86.77961174730686,0,0,0,325.76
142,incident_ops,500,negative_evidence,Task-aware unverified,78,99.99172485789035,0,0,0,0.481
142,incident_ops,500,negative_evidence,Pattern-retention guard,128353,86.3828292923056,1,1,1,379.149
142,incident_ops,500,negative_evidence,Invariant-preserving gate,235,99.97506848210553,1,1,1,362.795
143,incident_ops,500,threshold,Raw,942582,0.0,1,1,0,0.0
143,incident_ops,500,threshold,Fixed projection,95917,89.82401531113473,0,0,0,469.004
143,incident_ops,500,threshold,Head-tail sampling,37736,95.99652868397656,0,0,0,0.551
143,incident_ops,500,threshold,Anomaly sampling,124613,86.77961174730686,1,1,0,331.288
143,incident_ops,500,threshold,Task-aware unverified,181,99.980797426643,1,1,0,17.817
143,incident_ops,500,threshold,Pattern-retention guard,271336,71.2135389812239,1,1,1,395.123
143,incident_ops,500,threshold,Invariant-preserving gate,124613,86.77961174730686,1,1,0,359.349
144,incident_ops,500,provenance,Raw,942582,0.0,1,1,0,0.0
144,incident_ops,500,provenance,Fixed projection,95917,89.82401531113473,0,0,0,479.13
144,incident_ops,500,provenance,Head-tail sampling,37736,95.99652868397656,0,0,0,0.531
144,incident_ops,500,provenance,Anomaly sampling,124613,86.77961174730686,1,1,0,314.602
144,incident_ops,500,provenance,Task-aware unverified,2039,99.78367929792846,1,1,0,24.907
144,incident_ops,500,provenance,Pattern-retention guard,124611,86.77982393043789,1,1,0,374.152
144,incident_ops,500,provenance,Invariant-preserving gate,124613,86.77961174730686,1,1,0,353.812
145,incident_ops,500,lookup,Raw,942574,0.0,1,1,0,0.0
145,incident_ops,500,lookup,Fixed projection,96018,89.81321360444909,0,0,0,461.423
145,incident_ops,500,lookup,Head-tail sampling,37747,95.99532768779959,0,0,0,0.55
145,incident_ops,500,lookup,Anomaly sampling,177092,81.21187302004935,0,0,0,323.776
145,incident_ops,500,lookup,Task-aware unverified,448,99.95247057525457,1,1,0,16.184
145,incident_ops,500,lookup,Pattern-retention guard,178986,81.01093388954077,1,1,1,401.092
145,incident_ops,500,lookup,Invariant-preserving gate,444,99.95289494511836,1,1,1,365.338
146,incident_ops,500,rare_event,Raw,942574,0.0,1,1,0,0.0
146,incident_ops,500,rare_event,Fixed projection,96018,89.81321360444909,1,1,0,477.037
146,incident_ops,500,rare_event,Head-tail sampling,37747,95.99532768779959,0,0,0,0.501
146,incident_ops,500,rare_event,Anomaly sampling,177092,81.21187302004935,1,1,0,308.063
146,incident_ops,500,rare_event,Task-aware unverified,1611,99.82908503735516,1,1,0,27.311
146,incident_ops,500,rare_event,Pattern-retention guard,177090,81.21208520498125,1,1,0,366.861
146,incident_ops,500,rare_event,Invariant-preserving gate,177092,81.21187302004935,1,1,0,358.659
147,incident_ops,500,latest_state,Raw,942574,0.0,1,1,0,0.0
147,incident_ops,500,latest_state,Fixed projection,96018,89.81321360444909,1,1,0,474.793
147,incident_ops,500,latest_state,Head-tail sampling,37747,95.99532768779959,0,0,0,0.551
147,incident_ops,500,latest_state,Anomaly sampling,177092,81.21187302004935,0,0,0,320.341
147,incident_ops,500,latest_state,Task-aware unverified,171,99.98185818832262,1,0,0,16.495
147,incident_ops,500,latest_state,Pattern-retention guard,190252,79.81569616815231,1,1,1,368.794
147,incident_ops,500,latest_state,Invariant-preserving gate,816,99.91342854778512,1,1,1,384.067
148,incident_ops,500,aggregation,Raw,942574,0.0,1,1,0,0.0
148,incident_ops,500,aggregation,Fixed projection,96018,89.81321360444909,0,0,0,464.428
148,incident_ops,500,aggregation,Head-tail sampling,37747,95.99532768779959,0,0,0,0.511
148,incident_ops,500,aggregation,Anomaly sampling,177092,81.21187302004935,0,0,0,325.89
148,incident_ops,500,aggregation,Task-aware unverified,3250,99.65519948566373,1,1,0,69.073
148,incident_ops,500,aggregation,Pattern-retention guard,310816,67.02476410340196,1,1,1,407.232
148,incident_ops,500,aggregation,Invariant-preserving gate,3246,99.65562385552752,1,1,1,446.23
149,incident_ops,500,join,Raw,942574,0.0,1,1,0,0.0
149,incident_ops,500,join,Fixed projection,96018,89.81321360444909,0,0,0,477.677
149,incident_ops,500,join,Head-tail sampling,37747,95.99532768779959,0,0,0,0.551
149,incident_ops,500,join,Anomaly sampling,177092,81.21187302004935,0,0,0,313.481
149,incident_ops,500,join,Task-aware unverified,906,99.90388022584963,1,1,0,24.086
149,incident_ops,500,join,Pattern-retention guard,190272,79.81357431883332,1,1,1,376.215
149,incident_ops,500,join,Invariant-preserving gate,902,99.90430459571344,1,1,1,379.34
150,incident_ops,500,negative_evidence,Raw,942574,0.0,1,1,0,0.0
150,incident_ops,500,negative_evidence,Fixed projection,96018,89.81321360444909,1,1,0,451.789
150,incident_ops,500,negative_evidence,Head-tail sampling,37747,95.99532768779959,0,0,0,0.541
150,incident_ops,500,negative_evidence,Anomaly sampling,177092,81.21187302004935,0,0,0,324.167
150,incident_ops,500,negative_evidence,Task-aware unverified,78,99.99172478765594,0,0,0,0.441
150,incident_ops,500,negative_evidence,Pattern-retention guard,186478,80.2160891346462,1,1,1,372.65
150,incident_ops,500,negative_evidence,Invariant-preserving gate,316,99.96647478075992,1,1,1,373.561
151,incident_ops,500,threshold,Raw,942574,0.0,1,1,0,0.0
151,incident_ops,500,threshold,Fixed projection,96018,89.81321360444909,0,0,0,465.419
151,incident_ops,500,threshold,Head-tail sampling,37747,95.99532768779959,0,0,0,0.481
151,incident_ops,500,threshold,Anomaly sampling,177092,81.21187302004935,1,1,0,322.284
151,incident_ops,500,threshold,Task-aware unverified,181,99.98079726366312,1,1,0,18.187
151,incident_ops,500,threshold,Pattern-retention guard,316494,66.42237108174001,1,1,1,391.718
151,incident_ops,500,threshold,Invariant-preserving gate,177092,81.21187302004935,1,1,0,361.513
152,incident_ops,500,provenance,Raw,942574,0.0,1,1,0,0.0
152,incident_ops,500,provenance,Fixed projection,96018,89.81321360444909,0,0,0,465.7
152,incident_ops,500,provenance,Head-tail sampling,37747,95.99532768779959,0,0,0,0.521
152,incident_ops,500,provenance,Anomaly sampling,177092,81.21187302004935,1,1,0,326.17
152,incident_ops,500,provenance,Task-aware unverified,3718,99.6055482115993,1,1,0,34.692
152,incident_ops,500,provenance,Pattern-retention guard,177090,81.21208520498125,1,1,0,377.147
152,incident_ops,500,provenance,Invariant-preserving gate,177092,81.21187302004935,1,1,0,367.502
153,incident_ops,500,lookup,Raw,942766,0.0,1,1,0,0.0
153,incident_ops,500,lookup,Fixed projection,95954,89.82207674014549,0,0,0,471.288
153,incident_ops,500,lookup,Head-tail sampling,37844,95.9858543901668,0,0,0,0.501
153,incident_ops,500,lookup,Anomaly sampling,184810,80.39704444156874,0,0,0,322.925
153,incident_ops,500,lookup,Task-aware unverified,441,99.95322275092653,1,1,0,16.184
153,incident_ops,500,lookup,Pattern-retention guard,186696,80.19699480040646,1,1,1,377.387
153,incident_ops,500,lookup,Invariant-preserving gate,437,99.95364703436483,1,1,1,358.599
154,incident_ops,500,rare_event,Raw,942766,0.0,1,1,0,0.0
154,incident_ops,500,rare_event,Fixed projection,95954,89.82207674014549,1,1,0,465.87
154,incident_ops,500,rare_event,Head-tail sampling,37844,95.9858543901668,0,0,0,0.501
154,incident_ops,500,rare_event,Anomaly sampling,184810,80.39704444156874,1,1,0,322.434
154,incident_ops,500,rare_event,Task-aware unverified,2224,99.76409840830068,1,1,0,31.818
154,incident_ops,500,rare_event,Pattern-retention guard,184808,80.3972565832879,1,1,0,383.456
154,incident_ops,500,rare_event,Invariant-preserving gate,184810,80.39704444156874,1,1,0,369.495
155,incident_ops,500,latest_state,Raw,942766,0.0,1,1,0,0.0
155,incident_ops,500,latest_state,Fixed projection,95954,89.82207674014549,1,1,0,483.086
155,incident_ops,500,latest_state,Head-tail sampling,37844,95.9858543901668,0,0,0,0.471
155,incident_ops,500,latest_state,Anomaly sampling,184810,80.39704444156874,1,0,0,325.038
155,incident_ops,500,latest_state,Task-aware unverified,172,99.98175581215276,0,0,0,16.445
155,incident_ops,500,latest_state,Pattern-retention guard,201802,78.59468839563581,1,1,1,382.555
155,incident_ops,500,latest_state,Invariant-preserving gate,1107,99.88257955844823,1,1,1,386.33
156,incident_ops,500,aggregation,Raw,942766,0.0,1,1,0,0.0
156,incident_ops,500,aggregation,Fixed projection,95954,89.82207674014549,0,0,0,477.437
156,incident_ops,500,aggregation,Head-tail sampling,37844,95.9858543901668,0,0,0,0.46
156,incident_ops,500,aggregation,Anomaly sampling,184810,80.39704444156874,0,0,0,326.65
156,incident_ops,500,aggregation,Task-aware unverified,3248,99.6554818480938,1,1,0,71.147
156,incident_ops,500,aggregation,Pattern-retention guard,312760,66.82527795868752,1,1,1,399.701
156,incident_ops,500,aggregation,Invariant-preserving gate,3244,99.6559061315321,1,1,1,457.136
157,incident_ops,500,join,Raw,942766,0.0,1,1,0,0.0
157,incident_ops,500,join,Fixed projection,95954,89.82207674014549,0,0,0,464.909
157,incident_ops,500,join,Head-tail sampling,37844,95.9858543901668,0,0,0,0.491
157,incident_ops,500,join,Anomaly sampling,184810,80.39704444156874,0,0,0,321.463
157,incident_ops,500,join,Task-aware unverified,997,99.8942473530017,1,1,0,25.188
157,incident_ops,500,join,Pattern-retention guard,201841,78.59055163211231,1,1,1,385.94
157,incident_ops,500,join,Invariant-preserving gate,993,99.89467163644001,1,1,1,390.526
158,incident_ops,500,negative_evidence,Raw,942766,0.0,1,1,0,0.0
158,incident_ops,500,negative_evidence,Fixed projection,95954,89.82207674014549,1,1,0,468.815
158,incident_ops,500,negative_evidence,Head-tail sampling,37844,95.9858543901668,0,0,0,0.481
158,incident_ops,500,negative_evidence,Anomaly sampling,184810,80.39704444156874,0,0,0,325.128
158,incident_ops,500,negative_evidence,Task-aware unverified,78,99.99172647295299,0,0,0,0.48
158,incident_ops,500,negative_evidence,Pattern-retention guard,194207,79.40029657412337,1,1,1,377.006
158,incident_ops,500,negative_evidence,Invariant-preserving gate,313,99.96679982095239,1,1,1,377.627
159,incident_ops,500,threshold,Raw,942766,0.0,1,1,0,0.0
159,incident_ops,500,threshold,Fixed projection,95954,89.82207674014549,0,0,0,459.33
159,incident_ops,500,threshold,Head-tail sampling,37844,95.9858543901668,0,0,0,0.531
159,incident_ops,500,threshold,Anomaly sampling,184810,80.39704444156874,1,1,0,321.523
159,incident_ops,500,threshold,Task-aware unverified,181,99.98080117441656,1,1,0,18.728
159,incident_ops,500,threshold,Pattern-retention guard,333774,64.59630491553577,1,1,1,394.272
159,incident_ops,500,threshold,Invariant-preserving gate,184810,80.39704444156874,1,1,0,368.533
160,incident_ops,500,provenance,Raw,942766,0.0,1,1,0,0.0
160,incident_ops,500,provenance,Fixed projection,95954,89.82207674014549,0,0,0,477.818
160,incident_ops,500,provenance,Head-tail sampling,37844,95.9858543901668,0,0,0,0.461
160,incident_ops,500,provenance,Anomaly sampling,184810,80.39704444156874,1,1,0,336.054
160,incident_ops,500,provenance,Task-aware unverified,3076,99.67372603594104,1,1,0,31.438
160,incident_ops,500,provenance,Pattern-retention guard,184808,80.3972565832879,1,1,0,386.27
160,incident_ops,500,provenance,Invariant-preserving gate,184810,80.39704444156874,1,1,0,373.161
161,identity_events,50,lookup,Raw,95325,0.0,1,1,0,0.0
161,identity_events,50,lookup,Fixed projection,9699,89.82533438237607,0,0,0,45.919
161,identity_events,50,lookup,Head-tail sampling,37786,60.360870705481254,0,0,0,0.491
161,identity_events,50,lookup,Anomaly sampling,32128,66.29635457644899,0,0,0,58.208
161,identity_events,50,lookup,Task-aware unverified,427,99.55205874639391,1,1,0,2.905
161,identity_events,50,lookup,Pattern-retention guard,33997,64.33569367951743,1,1,1,64.837
161,identity_events,50,lookup,Invariant-preserving gate,423,99.55625491738789,1,1,1,64.828
162,identity_events,50,rare_event,Raw,95325,0.0,1,1,0,0.0
162,identity_events,50,rare_event,Fixed projection,9699,89.82533438237607,1,1,0,46.41
162,identity_events,50,rare_event,Head-tail sampling,37786,60.360870705481254,0,0,0,0.451
162,identity_events,50,rare_event,Anomaly sampling,32128,66.29635457644899,1,1,0,56.174
162,identity_events,50,rare_event,Task-aware unverified,351,99.63178599527932,1,1,0,4.196
162,identity_events,50,rare_event,Pattern-retention guard,32126,66.29845266194597,1,1,0,74.161
162,identity_events,50,rare_event,Invariant-preserving gate,32128,66.29635457644899,1,1,0,65.718
163,identity_events,50,latest_state,Raw,95325,0.0,1,1,0,0.0
163,identity_events,50,latest_state,Fixed projection,9699,89.82533438237607,1,1,0,45.298
163,identity_events,50,latest_state,Head-tail sampling,37786,60.360870705481254,0,0,0,0.49
163,identity_events,50,latest_state,Anomaly sampling,32128,66.29635457644899,0,0,0,57.877
163,identity_events,50,latest_state,Task-aware unverified,174,99.81746656176239,1,0,0,2.984
163,identity_events,50,latest_state,Pattern-retention guard,43379,54.493574613165485,1,1,1,63.885
163,identity_events,50,latest_state,Invariant-preserving gate,727,99.23734592184633,1,1,1,71.477
164,identity_events,50,aggregation,Raw,95325,0.0,1,1,0,0.0
164,identity_events,50,aggregation,Fixed projection,9699,89.82533438237607,0,0,0,45.879
164,identity_events,50,aggregation,Head-tail sampling,37786,60.360870705481254,0,0,0,0.481
164,identity_events,50,aggregation,Anomaly sampling,32128,66.29635457644899,0,0,0,58.538
164,identity_events,50,aggregation,Task-aware unverified,353,99.62968790978233,1,1,0,6.66
164,identity_events,50,aggregation,Pattern-retention guard,37673,60.47941253606084,1,1,1,63.606
164,identity_events,50,aggregation,Invariant-preserving gate,349,99.6338840807763,1,1,1,70.937
165,identity_events,50,join,Raw,95325,0.0,1,1,0,0.0
165,identity_events,50,join,Fixed projection,9699,89.82533438237607,0,0,0,45.648
165,identity_events,50,join,Head-tail sampling,37786,60.360870705481254,0,0,0,0.471
165,identity_events,50,join,Anomaly sampling,32128,66.29635457644899,0,0,0,56.014
165,identity_events,50,join,Task-aware unverified,634,99.33490689745608,1,1,0,6.71
165,identity_events,50,join,Pattern-retention guard,41620,56.33884080776292,1,1,1,62.995
165,identity_events,50,join,Invariant-preserving gate,630,99.33910306845004,1,1,1,74.302
166,identity_events,50,negative_evidence,Raw,95325,0.0,1,1,0,0.0
166,identity_events,50,negative_evidence,Fixed projection,9699,89.82533438237607,1,1,0,46.279
166,identity_events,50,negative_evidence,Head-tail sampling,37786,60.360870705481254,0,0,0,0.49
166,identity_events,50,negative_evidence,Anomaly sampling,32128,66.29635457644899,0,0,0,55.373
166,identity_events,50,negative_evidence,Task-aware unverified,81,99.91502753737215,0,0,0,0.44
166,identity_events,50,negative_evidence,Pattern-retention guard,37761,60.38709677419355,1,1,1,65.569
166,identity_events,50,negative_evidence,Invariant-preserving gate,280,99.70626803042224,1,1,1,70.286
167,identity_events,50,threshold,Raw,95325,0.0,1,1,0,0.0
167,identity_events,50,threshold,Fixed projection,9699,89.82533438237607,0,0,0,46.119
167,identity_events,50,threshold,Head-tail sampling,37786,60.360870705481254,0,0,0,0.47
167,identity_events,50,threshold,Anomaly sampling,32128,66.29635457644899,1,1,0,55.804
167,identity_events,50,threshold,Task-aware unverified,184,99.80697613427748,1,1,0,3.135
167,identity_events,50,threshold,Pattern-retention guard,41523,56.440597954366645,1,1,1,64.186
167,identity_events,50,threshold,Invariant-preserving gate,32128,66.29635457644899,1,1,0,62.404
168,identity_events,50,provenance,Raw,95325,0.0,1,1,0,0.0
168,identity_events,50,provenance,Fixed projection,9699,89.82533438237607,0,0,0,44.737
168,identity_events,50,provenance,Head-tail sampling,37786,60.360870705481254,0,0,0,0.46
168,identity_events,50,provenance,Anomaly sampling,32128,66.29635457644899,1,1,0,56.575
168,identity_events,50,provenance,Task-aware unverified,345,99.63808025177026,1,1,0,3.425
168,identity_events,50,provenance,Pattern-retention guard,32126,66.29845266194597,1,1,0,63.635
168,identity_events,50,provenance,Invariant-preserving gate,32128,66.29635457644899,1,1,0,59.92
169,identity_events,50,lookup,Raw,95458,0.0,1,1,0,0.0
169,identity_events,50,lookup,Fixed projection,9683,89.8562718682562,0,0,0,44.957
169,identity_events,50,lookup,Head-tail sampling,37680,60.52714282721197,0,0,0,0.51
169,identity_events,50,lookup,Anomaly sampling,28254,70.40164260721993,0,0,0,61.683
169,identity_events,50,lookup,Task-aware unverified,445,99.53382639485429,1,1,0,3.024
169,identity_events,50,lookup,Pattern-retention guard,30142,68.42380942403989,1,1,1,63.676
169,identity_events,50,lookup,Invariant-preserving gate,441,99.53801671939492,1,1,1,66.109
170,identity_events,50,rare_event,Raw,95458,0.0,1,1,0,0.0
170,identity_events,50,rare_event,Fixed projection,9683,89.8562718682562,1,1,0,45.859
170,identity_events,50,rare_event,Head-tail sampling,37680,60.52714282721197,0,0,0,0.48
170,identity_events,50,rare_event,Anomaly sampling,28254,70.40164260721993,1,1,0,58.358
170,identity_events,50,rare_event,Task-aware unverified,265,99.72239099918289,1,1,0,3.485
170,identity_events,50,rare_event,Pattern-retention guard,28252,70.40373776949025,1,1,0,63.215
170,identity_events,50,rare_event,Invariant-preserving gate,28254,70.40164260721993,1,1,0,64.407
171,identity_events,50,latest_state,Raw,95458,0.0,1,1,0,0.0
171,identity_events,50,latest_state,Fixed projection,9683,89.8562718682562,1,1,0,46.049
171,identity_events,50,latest_state,Head-tail sampling,37680,60.52714282721197,0,0,0,0.471
171,identity_events,50,latest_state,Anomaly sampling,28254,70.40164260721993,0,0,0,57.446
171,identity_events,50,latest_state,Task-aware unverified,172,99.81981604475266,0,0,0,3.035
171,identity_events,50,latest_state,Pattern-retention guard,39567,58.55035722516708,1,1,1,65.358
171,identity_events,50,latest_state,Invariant-preserving gate,635,99.33478597917409,1,1,1,68.823
172,identity_events,50,aggregation,Raw,95458,0.0,1,1,0,0.0
172,identity_events,50,aggregation,Fixed projection,9683,89.8562718682562,0,0,0,46.039
172,identity_events,50,aggregation,Head-tail sampling,37680,60.52714282721197,0,0,0,0.46
172,identity_events,50,aggregation,Anomaly sampling,28254,70.40164260721993,0,0,0,58.718
172,identity_events,50,aggregation,Task-aware unverified,393,99.58830061388254,1,1,0,7.401
172,identity_events,50,aggregation,Pattern-retention guard,39470,58.6519725952775,1,1,1,62.864
172,identity_events,50,aggregation,Invariant-preserving gate,389,99.59249093842318,1,1,1,69.895
173,identity_events,50,join,Raw,95458,0.0,1,1,0,0.0
173,identity_events,50,join,Fixed projection,9683,89.8562718682562,0,0,0,44.888
173,identity_events,50,join,Head-tail sampling,37680,60.52714282721197,0,0,0,0.471
173,identity_events,50,join,Anomaly sampling,28254,70.40164260721993,0,0,0,58.829
173,identity_events,50,join,Task-aware unverified,638,99.33164323576861,1,1,0,6.85
173,identity_events,50,join,Pattern-retention guard,35774,62.52383247082487,1,1,1,63.586
173,identity_events,50,join,Invariant-preserving gate,634,99.33583356030925,1,1,1,73.1
174,identity_events,50,negative_evidence,Raw,95458,0.0,1,1,0,0.0
174,identity_events,50,negative_evidence,Fixed projection,9683,89.8562718682562,1,1,0,46.33
174,identity_events,50,negative_evidence,Head-tail sampling,37680,60.52714282721197,0,0,0,0.48
174,identity_events,50,negative_evidence,Anomaly sampling,28254,70.40164260721993,0,0,0,57.196
174,identity_events,50,negative_evidence,Task-aware unverified,81,99.91514592805213,0,0,0,0.46
174,identity_events,50,negative_evidence,Pattern-retention guard,32041,66.4344528483731,1,1,1,67.591
174,identity_events,50,negative_evidence,Invariant-preserving gate,238,99.75067568983218,1,1,1,69.624
175,identity_events,50,threshold,Raw,95458,0.0,1,1,0,0.0
175,identity_events,50,threshold,Fixed projection,9683,89.8562718682562,0,0,0,45.038
175,identity_events,50,threshold,Head-tail sampling,37680,60.52714282721197,0,0,0,0.471
175,identity_events,50,threshold,Anomaly sampling,28254,70.40164260721993,1,1,0,56.555
175,identity_events,50,threshold,Task-aware unverified,184,99.80724507113075,1,1,0,3.084
175,identity_events,50,threshold,Pattern-retention guard,45292,52.55295522638228,1,1,1,63.535
175,identity_events,50,threshold,Invariant-preserving gate,28254,70.40164260721993,1,1,0,63.465
176,identity_events,50,provenance,Raw,95458,0.0,1,1,0,0.0
176,identity_events,50,provenance,Fixed projection,9683,89.8562718682562,0,0,0,47.101
176,identity_events,50,provenance,Head-tail sampling,37680,60.52714282721197,0,0,0,0.471
176,identity_events,50,provenance,Anomaly sampling,28254,70.40164260721993,1,1,0,58.618
176,identity_events,50,provenance,Task-aware unverified,345,99.63858450837017,1,1,0,3.405
176,identity_events,50,provenance,Pattern-retention guard,28252,70.40373776949025,1,1,0,63.375
176,identity_events,50,provenance,Invariant-preserving gate,28254,70.40164260721993,1,1,0,61.562
177,identity_events,50,lookup,Raw,95320,0.0,1,1,0,0.0
177,identity_events,50,lookup,Fixed projection,9620,89.90767939571968,0,0,0,46.3
177,identity_events,50,lookup,Head-tail sampling,37753,60.393411665967264,0,0,0,0.53
177,identity_events,50,lookup,Anomaly sampling,39667,58.385438522870324,0,0,0,65.559
177,identity_events,50,lookup,Task-aware unverified,436,99.54259336970206,1,1,0,2.924
177,identity_events,50,lookup,Pattern-retention guard,41543,56.417331095258085,1,1,1,69.765
177,identity_events,50,lookup,Invariant-preserving gate,432,99.54678976080571,1,1,1,71.248
178,identity_events,50,rare_event,Raw,95320,0.0,1,1,0,0.0
178,identity_events,50,rare_event,Fixed projection,9620,89.90767939571968,1,1,0,46.55
178,identity_events,50,rare_event,Head-tail sampling,37753,60.393411665967264,0,0,0,0.46
178,identity_events,50,rare_event,Anomaly sampling,39667,58.385438522870324,1,1,0,64.837
178,identity_events,50,rare_event,Task-aware unverified,432,99.54678976080571,1,1,0,4.987
178,identity_events,50,rare_event,Pattern-retention guard,39665,58.38753671842216,1,1,0,68.693
178,identity_events,50,rare_event,Invariant-preserving gate,39667,58.385438522870324,1,1,0,67.141
179,identity_events,50,latest_state,Raw,95320,0.0,1,1,0,0.0
179,identity_events,50,latest_state,Fixed projection,9620,89.90767939571968,1,1,0,44.908
179,identity_events,50,latest_state,Head-tail sampling,37753,60.393411665967264,0,0,0,0.481
179,identity_events,50,latest_state,Anomaly sampling,39667,58.385438522870324,0,0,0,62.905
179,identity_events,50,latest_state,Task-aware unverified,172,99.81955518254301,0,0,0,3.005
179,identity_events,50,latest_state,Pattern-retention guard,49066,48.524968527066726,1,1,1,69.675
179,identity_events,50,latest_state,Invariant-preserving gate,821,99.13869072597566,1,1,1,75.193
180,identity_events,50,aggregation,Raw,95320,0.0,1,1,0,0.0
180,identity_events,50,aggregation,Fixed projection,9620,89.90767939571968,0,0,0,45.328
180,identity_events,50,aggregation,Head-tail sampling,37753,60.393411665967264,0,0,0,0.48
180,identity_events,50,aggregation,Anomaly sampling,39667,58.385438522870324,0,0,0,60.36
180,identity_events,50,aggregation,Task-aware unverified,512,99.4628619387327,1,1,0,9.745
180,identity_events,50,aggregation,Pattern-retention guard,50994,46.502308015107005,1,1,1,68.953
180,identity_events,50,aggregation,Invariant-preserving gate,508,99.46705832983635,1,1,1,80.581
181,identity_events,50,join,Raw,95320,0.0,1,1,0,0.0
181,identity_events,50,join,Fixed projection,9620,89.90767939571968,0,0,0,46.34
181,identity_events,50,join,Head-tail sampling,37753,60.393411665967264,0,0,0,0.451
181,identity_events,50,join,Anomaly sampling,39667,58.385438522870324,0,0,0,60.23
181,identity_events,50,join,Task-aware unverified,811,99.1491817037348,1,1,0,8.212
181,identity_events,50,join,Pattern-retention guard,50911,46.58938313050777,1,1,1,68.794
181,identity_events,50,join,Invariant-preserving gate,807,99.15337809483844,1,1,1,80.902
182,identity_events,50,negative_evidence,Raw,95320,0.0,1,1,0,0.0
182,identity_events,50,negative_evidence,Fixed projection,9620,89.90767939571968,1,1,0,44.537
182,identity_events,50,negative_evidence,Head-tail sampling,37753,60.393411665967264,0,0,0,0.481
182,identity_events,50,negative_evidence,Anomaly sampling,39667,58.385438522870324,0,0,0,61.452
182,identity_events,50,negative_evidence,Task-aware unverified,81,99.91502308015107,0,0,0,0.451
182,identity_events,50,negative_evidence,Pattern-retention guard,43406,54.462861938732686,1,1,1,67.652
182,identity_events,50,negative_evidence,Invariant-preserving gate,199,99.79122954259337,1,1,1,70.005
183,identity_events,50,threshold,Raw,95320,0.0,1,1,0,0.0
183,identity_events,50,threshold,Fixed projection,9620,89.90767939571968,0,0,0,46.179
183,identity_events,50,threshold,Head-tail sampling,37753,60.393411665967264,0,0,0,0.481
183,identity_events,50,threshold,Anomaly sampling,39667,58.385438522870324,1,1,0,62.454
183,identity_events,50,threshold,Task-aware unverified,184,99.80696600923206,1,1,0,3.235
183,identity_events,50,threshold,Pattern-retention guard,58385,38.74842635333613,1,1,1,69.264
183,identity_events,50,threshold,Invariant-preserving gate,39667,58.385438522870324,1,1,0,65.699
184,identity_events,50,provenance,Raw,95320,0.0,1,1,0,0.0
184,identity_events,50,provenance,Fixed projection,9620,89.90767939571968,0,0,0,44.717
184,identity_events,50,provenance,Head-tail sampling,37753,60.393411665967264,0,0,0,0.431
184,identity_events,50,provenance,Anomaly sampling,39667,58.385438522870324,1,1,0,62.013
184,identity_events,50,provenance,Task-aware unverified,352,99.63071758287873,1,1,0,3.516
184,identity_events,50,provenance,Pattern-retention guard,39665,58.38753671842216,1,1,0,66.61
184,identity_events,50,provenance,Invariant-preserving gate,39667,58.385438522870324,1,1,0,65.358
185,identity_events,50,lookup,Raw,95580,0.0,1,1,0,0.0
185,identity_events,50,lookup,Fixed projection,9713,89.83783218246495,0,0,0,45.498
185,identity_events,50,lookup,Head-tail sampling,37994,60.2490060682151,0,0,0,0.511
185,identity_events,50,lookup,Anomaly sampling,32234,66.27537141661435,0,0,0,59.259
185,identity_events,50,lookup,Task-aware unverified,439,99.54069889098137,1,1,0,2.914
185,identity_events,50,lookup,Pattern-retention guard,34121,64.30110901862314,1,1,1,63.876
185,identity_events,50,lookup,Invariant-preserving gate,435,99.54488386691777,1,1,1,62.934
186,identity_events,50,rare_event,Raw,95580,0.0,1,1,0,0.0
186,identity_events,50,rare_event,Fixed projection,9713,89.83783218246495,1,1,0,44.968
186,identity_events,50,rare_event,Head-tail sampling,37994,60.2490060682151,0,0,0,0.481
186,identity_events,50,rare_event,Anomaly sampling,32234,66.27537141661435,1,1,0,55.964
186,identity_events,50,rare_event,Task-aware unverified,348,99.63590709353421,1,1,0,4.146
186,identity_events,50,rare_event,Pattern-retention guard,32232,66.27746390458256,1,1,0,61.703
186,identity_events,50,rare_event,Invariant-preserving gate,32234,66.27537141661435,1,1,0,62.133
187,identity_events,50,latest_state,Raw,95580,0.0,1,1,0,0.0
187,identity_events,50,latest_state,Fixed projection,9713,89.83783218246495,1,1,0,45.798
187,identity_events,50,latest_state,Head-tail sampling,37994,60.2490060682151,0,0,0,0.47
187,identity_events,50,latest_state,Anomaly sampling,32234,66.27537141661435,0,0,0,54.722
187,identity_events,50,latest_state,Task-aware unverified,175,99.81690730278301,0,0,0,3.355
187,identity_events,50,latest_state,Pattern-retention guard,45426,52.47332077840552,1,1,1,63.135
187,identity_events,50,latest_state,Invariant-preserving gate,919,99.03850177861477,1,1,1,70.826
188,identity_events,50,aggregation,Raw,95580,0.0,1,1,0,0.0
188,identity_events,50,aggregation,Fixed projection,9713,89.83783218246495,0,0,0,44.938
188,identity_events,50,aggregation,Head-tail sampling,37994,60.2490060682151,0,0,0,0.46
188,identity_events,50,aggregation,Anomaly sampling,32234,66.27537141661435,0,0,0,54.972
188,identity_events,50,aggregation,Task-aware unverified,436,99.54383762293368,1,1,0,8.312
188,identity_events,50,aggregation,Pattern-retention guard,43517,54.47060054404687,1,1,1,62.494
188,identity_events,50,aggregation,Invariant-preserving gate,432,99.54802259887006,1,1,1,68.533
189,identity_events,50,join,Raw,95580,0.0,1,1,0,0.0
189,identity_events,50,join,Fixed projection,9713,89.83783218246495,0,0,0,46.42
189,identity_events,50,join,Head-tail sampling,37994,60.2490060682151,0,0,0,0.44
189,identity_events,50,join,Anomaly sampling,32234,66.27537141661435,0,0,0,56.184
189,identity_events,50,join,Task-aware unverified,1289,98.65139150449885,1,1,0,11.938
189,identity_events,50,join,Pattern-retention guard,51159,46.4752040175769,1,1,1,62.234
189,identity_events,50,join,Invariant-preserving gate,1285,98.65557648043523,1,1,1,84.376
190,identity_events,50,negative_evidence,Raw,95580,0.0,1,1,0,0.0
190,identity_events,50,negative_evidence,Fixed projection,9713,89.83783218246495,1,1,0,45.969
190,identity_events,50,negative_evidence,Head-tail sampling,37994,60.2490060682151,1,1,0,0.451
190,identity_events,50,negative_evidence,Anomaly sampling,32234,66.27537141661435,1,1,0,56.635
190,identity_events,50,negative_evidence,Task-aware unverified,81,99.91525423728814,0,0,0,0.501
190,identity_events,50,negative_evidence,Pattern-retention guard,32232,66.27746390458256,1,1,0,61.763
190,identity_events,50,negative_evidence,Invariant-preserving gate,32234,66.27537141661435,1,1,0,61.242
191,identity_events,50,threshold,Raw,95580,0.0,1,1,0,0.0
191,identity_events,50,threshold,Fixed projection,9713,89.83783218246495,0,0,0,46.98
191,identity_events,50,threshold,Head-tail sampling,37994,60.2490060682151,0,0,0,0.49
191,identity_events,50,threshold,Anomaly sampling,32234,66.27537141661435,1,1,0,54.782
191,identity_events,50,threshold,Task-aware unverified,184,99.80749110692614,1,1,0,3.125
191,identity_events,50,threshold,Pattern-retention guard,41651,56.422891818372044,1,1,1,61.352
191,identity_events,50,threshold,Invariant-preserving gate,32234,66.27537141661435,1,1,0,61.433
192,identity_events,50,provenance,Raw,95580,0.0,1,1,0,0.0
192,identity_events,50,provenance,Fixed projection,9713,89.83783218246495,0,0,0,46.129
192,identity_events,50,provenance,Head-tail sampling,37994,60.2490060682151,0,0,0,0.431
192,identity_events,50,provenance,Anomaly sampling,32234,66.27537141661435,1,1,0,55.323
192,identity_events,50,provenance,Task-aware unverified,489,99.48838669177653,1,1,0,4.126
192,identity_events,50,provenance,Pattern-retention guard,32232,66.27746390458256,1,1,0,61.252
192,identity_events,50,provenance,Invariant-preserving gate,32234,66.27537141661435,1,1,0,60.932
193,identity_events,50,lookup,Raw,95466,0.0,1,1,0,0.0
193,identity_events,50,lookup,Fixed projection,9656,89.88540422768315,0,0,0,47.382
193,identity_events,50,lookup,Head-tail sampling,37883,60.31780948190979,0,0,0,0.501
193,identity_events,50,lookup,Anomaly sampling,34092,64.28885676575953,0,0,0,59.149
193,identity_events,50,lookup,Task-aware unverified,440,99.53910292669642,1,1,0,3.004
193,identity_events,50,lookup,Pattern-retention guard,35977,62.31433180399304,1,1,1,63.425
193,identity_events,50,lookup,Invariant-preserving gate,436,99.54329290009008,1,1,1,66.23
194,identity_events,50,rare_event,Raw,95466,0.0,1,1,0,0.0
194,identity_events,50,rare_event,Fixed projection,9656,89.88540422768315,1,1,0,45.608
194,identity_events,50,rare_event,Head-tail sampling,37883,60.31780948190979,0,0,0,0.481
194,identity_events,50,rare_event,Anomaly sampling,34092,64.28885676575953,1,1,0,56.575
194,identity_events,50,rare_event,Task-aware unverified,264,99.72346175601785,1,1,0,3.455
194,identity_events,50,rare_event,Pattern-retention guard,34090,64.29095175245637,1,1,0,64.667
194,identity_events,50,rare_event,Invariant-preserving gate,34092,64.28885676575953,1,1,0,61.923
195,identity_events,50,latest_state,Raw,95466,0.0,1,1,0,0.0
195,identity_events,50,latest_state,Fixed projection,9656,89.88540422768315,1,1,0,45.528
195,identity_events,50,latest_state,Head-tail sampling,37883,60.31780948190979,0,0,0,0.441
195,identity_events,50,latest_state,Anomaly sampling,34092,64.28885676575953,0,0,0,57.867
195,identity_events,50,latest_state,Task-aware unverified,175,99.81668866402698,0,0,0,2.994
195,identity_events,50,latest_state,Pattern-retention guard,43453,54.483271531225775,1,1,1,66.67
195,identity_events,50,latest_state,Invariant-preserving gate,1008,98.94412670479542,1,1,1,72.139
196,identity_events,50,aggregation,Raw,95466,0.0,1,1,0,0.0
196,identity_events,50,aggregation,Fixed projection,9656,89.88540422768315,0,0,0,47.442
196,identity_events,50,aggregation,Head-tail sampling,37883,60.31780948190979,0,0,0,0.45
196,identity_events,50,aggregation,Anomaly sampling,34092,64.28885676575953,0,0,0,56.956
196,identity_events,50,aggregation,Task-aware unverified,356,99.62709236796347,1,1,0,6.79
196,identity_events,50,aggregation,Pattern-retention guard,39693,58.42184652127459,1,1,1,62.294
196,identity_events,50,aggregation,Invariant-preserving gate,352,99.63128234135714,1,1,1,67.832
197,identity_events,50,join,Raw,95466,0.0,1,1,0,0.0
197,identity_events,50,join,Fixed projection,9656,89.88540422768315,0,0,0,45.398
197,identity_events,50,join,Head-tail sampling,37883,60.31780948190979,0,0,0,0.471
197,identity_events,50,join,Anomaly sampling,34092,64.28885676575953,0,0,0,56.835
197,identity_events,50,join,Task-aware unverified,822,99.13896046760104,1,1,0,8.212
197,identity_events,50,join,Pattern-retention guard,45391,52.45322942199317,1,1,1,62.604
197,identity_events,50,join,Invariant-preserving gate,818,99.1431504409947,1,1,1,76.104
198,identity_events,50,negative_evidence,Raw,95466,0.0,1,1,0,0.0
198,identity_events,50,negative_evidence,Fixed projection,9656,89.88540422768315,1,1,0,45.909
198,identity_events,50,negative_evidence,Head-tail sampling,37883,60.31780948190979,0,0,0,0.46
198,identity_events,50,negative_evidence,Anomaly sampling,34092,64.28885676575953,0,0,0,56.966
198,identity_events,50,negative_evidence,Task-aware unverified,81,99.9151530387782,0,0,0,0.481
198,identity_events,50,negative_evidence,Pattern-retention guard,39729,58.38413676073158,1,1,1,63.586
198,identity_events,50,negative_evidence,Invariant-preserving gate,395,99.58624012737519,1,1,1,73.54
199,identity_events,50,threshold,Raw,95466,0.0,1,1,0,0.0
199,identity_events,50,threshold,Fixed projection,9656,89.88540422768315,0,0,0,44.787
199,identity_events,50,threshold,Head-tail sampling,37883,60.31780948190979,0,0,0,0.461
199,identity_events,50,threshold,Anomaly sampling,34092,64.28885676575953,1,1,0,58.158
199,identity_events,50,threshold,Task-aware unverified,184,99.80726122389123,1,1,0,3.315
199,identity_events,50,threshold,Pattern-retention guard,60457,36.67169463473907,1,1,1,75.453
199,identity_events,50,threshold,Invariant-preserving gate,34092,64.28885676575953,1,1,0,62.775
200,identity_events,50,provenance,Raw,95466,0.0,1,1,0,0.0
200,identity_events,50,provenance,Fixed projection,9656,89.88540422768315,0,0,0,45.889
200,identity_events,50,provenance,Head-tail sampling,37883,60.31780948190979,0,0,0,0.47
200,identity_events,50,provenance,Anomaly sampling,34092,64.28885676575953,1,1,0,57.066
200,identity_events,50,provenance,Task-aware unverified,737,99.22799740221649,1,1,0,6.41
200,identity_events,50,provenance,Pattern-retention guard,34090,64.29095175245637,1,1,0,67.281
200,identity_events,50,provenance,Invariant-preserving gate,34092,64.28885676575953,1,1,0,66.339
201,identity_events,100,lookup,Raw,189700,0.0,1,1,0,0.0
201,identity_events,100,lookup,Fixed projection,19267,89.84343700579863,0,0,0,91.898
201,identity_events,100,lookup,Head-tail sampling,37728,80.11175540326832,0,0,0,0.501
201,identity_events,100,lookup,Anomaly sampling,41589,78.0764364786505,0,0,0,88.863
201,identity_events,100,lookup,Task-aware unverified,445,99.76541908276225,1,1,0,4.567
201,identity_events,100,lookup,Pattern-retention guard,43472,77.08381655245124,1,1,1,103.736
201,identity_events,100,lookup,Invariant-preserving gate,441,99.76752767527675,1,1,1,98.207
202,identity_events,100,rare_event,Raw,189700,0.0,1,1,0,0.0
202,identity_events,100,rare_event,Fixed projection,19267,89.84343700579863,1,1,0,94.092
202,identity_events,100,rare_event,Head-tail sampling,37728,80.11175540326832,0,0,0,0.511
202,identity_events,100,rare_event,Anomaly sampling,41589,78.0764364786505,1,1,0,87.762
202,identity_events,100,rare_event,Task-aware unverified,175,99.90774907749078,1,1,0,4.126
202,identity_events,100,rare_event,Pattern-retention guard,41587,78.07749077490776,1,1,0,104.096
202,identity_events,100,rare_event,Invariant-preserving gate,41589,78.0764364786505,1,1,0,91.848
203,identity_events,100,latest_state,Raw,189700,0.0,1,1,0,0.0
203,identity_events,100,latest_state,Fixed projection,19267,89.84343700579863,1,1,0,91.868
203,identity_events,100,latest_state,Head-tail sampling,37728,80.11175540326832,0,0,0,0.521
203,identity_events,100,latest_state,Anomaly sampling,41589,78.0764364786505,0,0,0,88.443
203,identity_events,100,latest_state,Task-aware unverified,174,99.9082762256194,1,0,0,4.607
203,identity_events,100,latest_state,Pattern-retention guard,49133,74.09963099630997,1,1,1,103.756
203,identity_events,100,latest_state,Invariant-preserving gate,632,99.66684238270955,1,1,1,101.172
204,identity_events,100,aggregation,Raw,189700,0.0,1,1,0,0.0
204,identity_events,100,aggregation,Fixed projection,19267,89.84343700579863,0,0,0,91.708
204,identity_events,100,aggregation,Head-tail sampling,37728,80.11175540326832,0,0,0,0.451
204,identity_events,100,aggregation,Anomaly sampling,41589,78.0764364786505,0,0,0,87.722
204,identity_events,100,aggregation,Task-aware unverified,514,99.72904586188719,1,1,0,11.137
204,identity_events,100,aggregation,Pattern-retention guard,56620,70.152872957301,1,1,1,100.441
204,identity_events,100,aggregation,Invariant-preserving gate,510,99.73115445440169,1,1,1,110.256
205,identity_events,100,join,Raw,189700,0.0,1,1,0,0.0
205,identity_events,100,join,Fixed projection,19267,89.84343700579863,0,0,0,94.082
205,identity_events,100,join,Head-tail sampling,37728,80.11175540326832,0,0,0,0.47
205,identity_events,100,join,Anomaly sampling,41589,78.0764364786505,0,0,0,85.959
205,identity_events,100,join,Task-aware unverified,910,99.52029520295203,1,1,0,10.996
205,identity_events,100,join,Pattern-retention guard,52915,72.10595677385345,1,1,1,98.148
205,identity_events,100,join,Invariant-preserving gate,906,99.52240379546653,1,1,1,113.501
206,identity_events,100,negative_evidence,Raw,189700,0.0,1,1,0,0.0
206,identity_events,100,negative_evidence,Fixed projection,19267,89.84343700579863,1,1,0,93.55
206,identity_events,100,negative_evidence,Head-tail sampling,37728,80.11175540326832,0,0,0,0.461
206,identity_events,100,negative_evidence,Anomaly sampling,41589,78.0764364786505,0,0,0,85.299
206,identity_events,100,negative_evidence,Task-aware unverified,81,99.95730100158144,0,0,0,0.451
206,identity_events,100,negative_evidence,Pattern-retention guard,49120,74.10648392198208,1,1,1,97.857
206,identity_events,100,negative_evidence,Invariant-preserving gate,273,99.85608856088561,1,1,1,104.346
207,identity_events,100,threshold,Raw,189700,0.0,1,1,0,0.0
207,identity_events,100,threshold,Fixed projection,19267,89.84343700579863,0,0,0,93.62
207,identity_events,100,threshold,Head-tail sampling,37728,80.11175540326832,0,0,0,0.5
207,identity_events,100,threshold,Anomaly sampling,41589,78.0764364786505,1,1,0,93.771
207,identity_events,100,threshold,Task-aware unverified,184,99.90300474433316,1,1,0,4.897
207,identity_events,100,threshold,Pattern-retention guard,81142,57.22614654717976,1,1,1,98.828
207,identity_events,100,threshold,Invariant-preserving gate,41589,78.0764364786505,1,1,0,94.081
208,identity_events,100,provenance,Raw,189700,0.0,1,1,0,0.0
208,identity_events,100,provenance,Fixed projection,19267,89.84343700579863,0,0,0,93.431
208,identity_events,100,provenance,Head-tail sampling,37728,80.11175540326832,0,0,0,0.49
208,identity_events,100,provenance,Anomaly sampling,41589,78.0764364786505,1,1,0,91.448
208,identity_events,100,provenance,Task-aware unverified,216,99.88613600421718,1,1,0,4.267
208,identity_events,100,provenance,Pattern-retention guard,41587,78.07749077490776,1,1,0,103.465
208,identity_events,100,provenance,Invariant-preserving gate,41589,78.0764364786505,1,1,0,92.65
209,identity_events,100,lookup,Raw,189324,0.0,1,1,0,0.0
209,identity_events,100,lookup,Fixed projection,19337,89.7862922820139,0,0,0,96.425
209,identity_events,100,lookup,Head-tail sampling,37649,80.11398449219328,0,0,0,0.531
209,identity_events,100,lookup,Anomaly sampling,47022,75.16321227102745,0,0,0,94.653
209,identity_events,100,lookup,Task-aware unverified,452,99.76125583655532,1,1,0,4.467
209,identity_events,100,lookup,Pattern-retention guard,48896,74.17337474382539,1,1,1,100.25
209,identity_events,100,lookup,Invariant-preserving gate,448,99.76336861676279,1,1,1,101.753
210,identity_events,100,rare_event,Raw,189324,0.0,1,1,0,0.0
210,identity_events,100,rare_event,Fixed projection,19337,89.7862922820139,1,1,0,90.405
210,identity_events,100,rare_event,Head-tail sampling,37649,80.11398449219328,0,0,0,0.45
210,identity_events,100,rare_event,Anomaly sampling,47022,75.16321227102745,1,1,0,90.236
210,identity_events,100,rare_event,Task-aware unverified,532,99.71900023240582,1,1,0,7.071
210,identity_events,100,rare_event,Pattern-retention guard,47020,75.16426866113119,1,1,0,105.508
210,identity_events,100,rare_event,Invariant-preserving gate,47022,75.16321227102745,1,1,0,99.68
211,identity_events,100,latest_state,Raw,189324,0.0,1,1,0,0.0
211,identity_events,100,latest_state,Fixed projection,19337,89.7862922820139,1,1,0,89.625
211,identity_events,100,latest_state,Head-tail sampling,37649,80.11398449219328,0,0,0,0.481
211,identity_events,100,latest_state,Anomaly sampling,47022,75.16321227102745,0,0,0,90.055
211,identity_events,100,latest_state,Task-aware unverified,172,99.90915045107857,0,0,0,4.677
211,identity_events,100,latest_state,Pattern-retention guard,56393,70.21349643996535,1,1,1,101.433
211,identity_events,100,latest_state,Invariant-preserving gate,913,99.51775791764382,1,1,1,111.257
212,identity_events,100,aggregation,Raw,189324,0.0,1,1,0,0.0
212,identity_events,100,aggregation,Fixed projection,19337,89.7862922820139,0,0,0,90.606
212,identity_events,100,aggregation,Head-tail sampling,37649,80.11398449219328,0,0,0,0.501
212,identity_events,100,aggregation,Anomaly sampling,47022,75.16321227102745,0,0,0,88.403
212,identity_events,100,aggregation,Task-aware unverified,586,99.69047769960491,1,1,0,12.419
212,identity_events,100,aggregation,Pattern-retention guard,64011,66.18970653482918,1,1,1,108.222
212,identity_events,100,aggregation,Invariant-preserving gate,582,99.69259047981238,1,1,1,121.402
213,identity_events,100,join,Raw,189324,0.0,1,1,0,0.0
213,identity_events,100,join,Fixed projection,19337,89.7862922820139,0,0,0,92.779
213,identity_events,100,join,Head-tail sampling,37649,80.11398449219328,0,0,0,0.491
213,identity_events,100,join,Anomaly sampling,47022,75.16321227102745,0,0,0,90.365
213,identity_events,100,join,Task-aware unverified,1465,99.22619424901228,1,1,0,15.253
213,identity_events,100,join,Pattern-retention guard,65776,65.25744226828083,1,1,1,103.446
213,identity_events,100,join,Invariant-preserving gate,1461,99.22830702921975,1,1,1,128.423
214,identity_events,100,negative_evidence,Raw,189324,0.0,1,1,0,0.0
214,identity_events,100,negative_evidence,Fixed projection,19337,89.7862922820139,1,1,0,90.136
214,identity_events,100,negative_evidence,Head-tail sampling,37649,80.11398449219328,0,0,0,0.451
214,identity_events,100,negative_evidence,Anomaly sampling,47022,75.16321227102745,0,0,0,92.579
214,identity_events,100,negative_evidence,Task-aware unverified,81,99.95721620079863,0,0,0,0.501
214,identity_events,100,negative_evidence,Pattern-retention guard,54569,71.17692421457396,1,1,1,101.292
214,identity_events,100,negative_evidence,Invariant-preserving gate,315,99.83361855866134,1,1,1,110.737
215,identity_events,100,threshold,Raw,189324,0.0,1,1,0,0.0
215,identity_events,100,threshold,Fixed projection,19337,89.7862922820139,0,0,0,90.576
215,identity_events,100,threshold,Head-tail sampling,37649,80.11398449219328,0,0,0,0.461
215,identity_events,100,threshold,Anomaly sampling,47022,75.16321227102745,1,1,0,92.829
215,identity_events,100,threshold,Task-aware unverified,184,99.90281211045615,1,1,0,4.757
215,identity_events,100,threshold,Pattern-retention guard,82721,56.30717711436479,1,1,1,103.395
215,identity_events,100,threshold,Invariant-preserving gate,47022,75.16321227102745,1,1,0,96.144
216,identity_events,100,provenance,Raw,189324,0.0,1,1,0,0.0
216,identity_events,100,provenance,Fixed projection,19337,89.7862922820139,0,0,0,90.206
216,identity_events,100,provenance,Head-tail sampling,37649,80.11398449219328,0,0,0,0.471
216,identity_events,100,provenance,Anomaly sampling,47022,75.16321227102745,1,1,0,91.407
216,identity_events,100,provenance,Task-aware unverified,1411,99.25471678181319,1,1,0,10.626
216,identity_events,100,provenance,Pattern-retention guard,47020,75.16426866113119,1,1,0,100.181
216,identity_events,100,provenance,Invariant-preserving gate,47022,75.16321227102745,1,1,0,101.012
217,identity_events,100,lookup,Raw,189475,0.0,1,1,0,0.0
217,identity_events,100,lookup,Fixed projection,19220,89.85618155429475,0,0,0,91.026
217,identity_events,100,lookup,Head-tail sampling,37645,80.13194352816994,0,0,0,0.531
217,identity_events,100,lookup,Anomaly sampling,33937,82.08892993798655,0,0,0,94.642
217,identity_events,100,lookup,Task-aware unverified,451,99.76197387518143,1,1,0,4.537
217,identity_events,100,lookup,Pattern-retention guard,35831,81.08932576857106,1,1,1,102.183
217,identity_events,100,lookup,Invariant-preserving gate,447,99.76408497163214,1,1,1,102.463
218,identity_events,100,rare_event,Raw,189475,0.0,1,1,0,0.0
218,identity_events,100,rare_event,Fixed projection,19220,89.85618155429475,1,1,0,90.906
218,identity_events,100,rare_event,Head-tail sampling,37645,80.13194352816994,0,0,0,0.491
218,identity_events,100,rare_event,Anomaly sampling,33937,82.08892993798655,1,1,0,92.459
218,identity_events,100,rare_event,Task-aware unverified,269,99.85802876368915,1,1,0,5.098
218,identity_events,100,rare_event,Pattern-retention guard,33935,82.0899854862119,1,1,0,100.772
218,identity_events,100,rare_event,Invariant-preserving gate,33937,82.08892993798655,1,1,0,98.548
219,identity_events,100,latest_state,Raw,189475,0.0,1,1,0,0.0
219,identity_events,100,latest_state,Fixed projection,19220,89.85618155429475,1,1,0,92.63
219,identity_events,100,latest_state,Head-tail sampling,37645,80.13194352816994,0,0,0,0.471
219,identity_events,100,latest_state,Anomaly sampling,33937,82.08892993798655,0,0,0,90.536
219,identity_events,100,latest_state,Task-aware unverified,172,99.90922285261908,0,0,0,4.587
219,identity_events,100,latest_state,Pattern-retention guard,56589,70.13379073756431,1,1,1,99.65
219,identity_events,100,latest_state,Invariant-preserving gate,1189,99.37247658002374,1,1,1,111.637
220,identity_events,100,aggregation,Raw,189475,0.0,1,1,0,0.0
220,identity_events,100,aggregation,Fixed projection,19220,89.85618155429475,0,0,0,89.334
220,identity_events,100,aggregation,Head-tail sampling,37645,80.13194352816994,0,0,0,0.461
220,identity_events,100,aggregation,Anomaly sampling,33937,82.08892993798655,0,0,0,91.237
220,identity_events,100,aggregation,Task-aware unverified,482,99.74561287768834,1,1,0,9.935
220,identity_events,100,aggregation,Pattern-retention guard,49059,74.10792980604302,1,1,1,100.601
220,identity_events,100,aggregation,Invariant-preserving gate,478,99.74772397413906,1,1,1,107.872
221,identity_events,100,join,Raw,189475,0.0,1,1,0,0.0
221,identity_events,100,join,Fixed projection,19220,89.85618155429475,0,0,0,90.205
221,identity_events,100,join,Head-tail sampling,37645,80.13194352816994,0,0,0,0.48
221,identity_events,100,join,Anomaly sampling,33937,82.08892993798655,0,0,0,89.404
221,identity_events,100,join,Task-aware unverified,818,99.56828077582794,1,1,0,10.095
221,identity_events,100,join,Pattern-retention guard,48933,74.17442934424066,1,1,1,102.414
221,identity_events,100,join,Invariant-preserving gate,814,99.57039187227866,1,1,1,112.929
222,identity_events,100,negative_evidence,Raw,189475,0.0,1,1,0,0.0
222,identity_events,100,negative_evidence,Fixed projection,19220,89.85618155429475,1,1,0,91.487
222,identity_events,100,negative_evidence,Head-tail sampling,37645,80.13194352816994,0,0,0,0.471
222,identity_events,100,negative_evidence,Anomaly sampling,33937,82.08892993798655,0,0,0,93.441
222,identity_events,100,negative_evidence,Task-aware unverified,81,99.95725029687293,0,0,0,0.481
222,identity_events,100,negative_evidence,Pattern-retention guard,45227,76.1303602058319,1,1,1,102.614
222,identity_events,100,negative_evidence,Invariant-preserving gate,356,99.812112415886,1,1,1,107.652
223,identity_events,100,threshold,Raw,189475,0.0,1,1,0,0.0
223,identity_events,100,threshold,Fixed projection,19220,89.85618155429475,0,0,0,89.935
223,identity_events,100,threshold,Head-tail sampling,37645,80.13194352816994,0,0,0,0.45
223,identity_events,100,threshold,Anomaly sampling,33937,82.08892993798655,1,1,0,94.322
223,identity_events,100,threshold,Task-aware unverified,184,99.90288956326691,1,1,0,4.768
223,identity_events,100,threshold,Pattern-retention guard,62145,67.2014777675155,1,1,1,101.572
223,identity_events,100,threshold,Invariant-preserving gate,33937,82.08892993798655,1,1,0,97.606
224,identity_events,100,provenance,Raw,189475,0.0,1,1,0,0.0
224,identity_events,100,provenance,Fixed projection,19220,89.85618155429475,0,0,0,91.657
224,identity_events,100,provenance,Head-tail sampling,37645,80.13194352816994,0,0,0,0.47
224,identity_events,100,provenance,Anomaly sampling,33937,82.08892993798655,1,1,0,89.534
224,identity_events,100,provenance,Task-aware unverified,1022,99.46061485684126,1,1,0,8.493
224,identity_events,100,provenance,Pattern-retention guard,33935,82.0899854862119,1,1,0,100.37
224,identity_events,100,provenance,Invariant-preserving gate,33937,82.08892993798655,1,1,0,98.818
225,identity_events,100,lookup,Raw,189648,0.0,1,1,0,0.0
225,identity_events,100,lookup,Fixed projection,19267,89.84065215557243,0,0,0,93.42
225,identity_events,100,lookup,Head-tail sampling,37790,80.07361005652578,0,0,0,0.571
225,identity_events,100,lookup,Anomaly sampling,50907,73.15711212351303,0,0,0,95.954
225,identity_events,100,lookup,Task-aware unverified,435,99.77062768919261,1,1,0,4.437
225,identity_events,100,lookup,Pattern-retention guard,52784,72.16738378469586,1,1,1,101.963
225,identity_events,100,lookup,Invariant-preserving gate,431,99.7727368598667,1,1,1,103.295
226,identity_events,100,rare_event,Raw,189648,0.0,1,1,0,0.0
226,identity_events,100,rare_event,Fixed projection,19267,89.84065215557243,1,1,0,93.26
226,identity_events,100,rare_event,Head-tail sampling,37790,80.07361005652578,0,0,0,0.5
226,identity_events,100,rare_event,Anomaly sampling,50907,73.15711212351303,1,1,0,91.117
226,identity_events,100,rare_event,Task-aware unverified,359,99.81070193200033,1,1,0,5.599
226,identity_events,100,rare_event,Pattern-retention guard,50905,73.15816670885008,1,1,0,103.045
226,identity_events,100,rare_event,Invariant-preserving gate,50907,73.15711212351303,1,1,0,97.537
227,identity_events,100,latest_state,Raw,189648,0.0,1,1,0,0.0
227,identity_events,100,latest_state,Fixed projection,19267,89.84065215557243,1,1,0,92.098
227,identity_events,100,latest_state,Head-tail sampling,37790,80.07361005652578,0,0,0,0.501
227,identity_events,100,latest_state,Anomaly sampling,50907,73.15711212351303,0,0,0,90.366
227,identity_events,100,latest_state,Task-aware unverified,172,99.90930566101409,0,0,0,4.577
227,identity_events,100,latest_state,Pattern-retention guard,60277,68.21637981945499,1,1,1,103.375
227,identity_events,100,latest_state,Invariant-preserving gate,913,99.51858179363875,1,1,1,110.136
228,identity_events,100,aggregation,Raw,189648,0.0,1,1,0,0.0
228,identity_events,100,aggregation,Fixed projection,19267,89.84065215557243,0,0,0,92.749
228,identity_events,100,aggregation,Head-tail sampling,37790,80.07361005652578,0,0,0,0.451
228,identity_events,100,aggregation,Anomaly sampling,50907,73.15711212351303,0,0,0,95.934
228,identity_events,100,aggregation,Task-aware unverified,845,99.55443769509829,1,1,0,16.635
228,identity_events,100,aggregation,Pattern-retention guard,77275,59.25345903990551,1,1,1,117.156
228,identity_events,100,aggregation,Invariant-preserving gate,841,99.55654686577238,1,1,1,122.765
229,identity_events,100,join,Raw,189648,0.0,1,1,0,0.0
229,identity_events,100,join,Fixed projection,19267,89.84065215557243,0,0,0,91.607
229,identity_events,100,join,Head-tail sampling,37790,80.07361005652578,0,0,0,0.471
229,identity_events,100,join,Anomaly sampling,50907,73.15711212351303,0,0,0,97.826
229,identity_events,100,join,Task-aware unverified,1108,99.4157597232768,1,1,0,12.619
229,identity_events,100,join,Pattern-retention guard,67878,64.20842824601367,1,1,1,124.267
229,identity_events,100,join,Invariant-preserving gate,1104,99.4178688939509,1,1,1,147.992
230,identity_events,100,negative_evidence,Raw,189648,0.0,1,1,0,0.0
230,identity_events,100,negative_evidence,Fixed projection,19267,89.84065215557243,1,1,0,93.36
230,identity_events,100,negative_evidence,Head-tail sampling,37790,80.07361005652578,0,0,0,0.49
230,identity_events,100,negative_evidence,Anomaly sampling,50907,73.15711212351303,0,0,0,98.608
230,identity_events,100,negative_evidence,Task-aware unverified,81,99.95728929384966,0,0,0,0.471
230,identity_events,100,negative_evidence,Pattern-retention guard,62182,67.21188728591918,1,1,1,103.375
230,identity_events,100,negative_evidence,Invariant-preserving gate,403,99.78750105458533,1,1,1,115.423
231,identity_events,100,threshold,Raw,189648,0.0,1,1,0,0.0
231,identity_events,100,threshold,Fixed projection,19267,89.84065215557243,0,0,0,90.255
231,identity_events,100,threshold,Head-tail sampling,37790,80.07361005652578,0,0,0,0.501
231,identity_events,100,threshold,Anomaly sampling,50907,73.15711212351303,1,1,0,113.19
231,identity_events,100,threshold,Task-aware unverified,184,99.90297814899182,1,1,0,4.737
231,identity_events,100,threshold,Pattern-retention guard,79085,58.299059309879354,1,1,1,114.683
231,identity_events,100,threshold,Invariant-preserving gate,50907,73.15711212351303,1,1,0,103.916
232,identity_events,100,provenance,Raw,189648,0.0,1,1,0,0.0
232,identity_events,100,provenance,Fixed projection,19267,89.84065215557243,0,0,0,92.589
232,identity_events,100,provenance,Head-tail sampling,37790,80.07361005652578,0,0,0,0.461
232,identity_events,100,provenance,Anomaly sampling,50907,73.15711212351303,1,1,0,105.889
232,identity_events,100,provenance,Task-aware unverified,1275,99.3277018476335,1,1,0,10.857
232,identity_events,100,provenance,Pattern-retention guard,50905,73.15816670885008,1,1,0,118.287
232,identity_events,100,provenance,Invariant-preserving gate,50907,73.15711212351303,1,1,0,108.423
233,identity_events,100,lookup,Raw,189550,0.0,1,1,0,0.0
233,identity_events,100,lookup,Fixed projection,19247,89.84595093642838,0,0,0,95.994
233,identity_events,100,lookup,Head-tail sampling,37750,80.08441044579267,0,0,0,0.841
233,identity_events,100,lookup,Anomaly sampling,35797,81.1147454497494,0,0,0,117.406
233,identity_events,100,lookup,Task-aware unverified,434,99.77103666578739,1,1,0,4.467
233,identity_events,100,lookup,Pattern-retention guard,37653,80.13558427855448,1,1,1,115.354
233,identity_events,100,lookup,Invariant-preserving gate,430,99.77314692693221,1,1,1,118.248
234,identity_events,100,rare_event,Raw,189550,0.0,1,1,0,0.0
234,identity_events,100,rare_event,Fixed projection,19247,89.84595093642838,1,1,0,90.326
234,identity_events,100,rare_event,Head-tail sampling,37750,80.08441044579267,0,0,0,0.521
234,identity_events,100,rare_event,Anomaly sampling,35797,81.1147454497494,1,1,0,105.188
234,identity_events,100,rare_event,Task-aware unverified,353,99.81376945396993,1,1,0,5.839
234,identity_events,100,rare_event,Pattern-retention guard,35795,81.11580058032182,1,1,0,118.247
234,identity_events,100,rare_event,Invariant-preserving gate,35797,81.1147454497494,1,1,0,112.169
235,identity_events,100,latest_state,Raw,189550,0.0,1,1,0,0.0
235,identity_events,100,latest_state,Fixed projection,19247,89.84595093642838,1,1,0,91.458
235,identity_events,100,latest_state,Head-tail sampling,37750,80.08441044579267,0,0,0,0.471
235,identity_events,100,latest_state,Anomaly sampling,35797,81.1147454497494,0,0,0,96.055
235,identity_events,100,latest_state,Task-aware unverified,174,99.90820364020048,1,0,0,4.637
235,identity_events,100,latest_state,Pattern-retention guard,45077,76.21893959377472,1,1,1,115.363
235,identity_events,100,latest_state,Invariant-preserving gate,640,99.66235821682933,1,1,1,110.957
236,identity_events,100,aggregation,Raw,189550,0.0,1,1,0,0.0
236,identity_events,100,aggregation,Fixed projection,19247,89.84595093642838,0,0,0,89.685
236,identity_events,100,aggregation,Head-tail sampling,37750,80.08441044579267,0,0,0,0.491
236,identity_events,100,aggregation,Anomaly sampling,35797,81.1147454497494,0,0,0,95.563
236,identity_events,100,aggregation,Task-aware unverified,1040,99.45133210234766,1,1,0,19.309
236,identity_events,100,aggregation,Pattern-retention guard,71641,62.20469533104722,1,1,1,106.58
236,identity_events,100,aggregation,Invariant-preserving gate,1036,99.45344236349248,1,1,1,131.157
237,identity_events,100,join,Raw,189550,0.0,1,1,0,0.0
237,identity_events,100,join,Fixed projection,19247,89.84595093642838,0,0,0,91.036
237,identity_events,100,join,Head-tail sampling,37750,80.08441044579267,0,0,0,0.501
237,identity_events,100,join,Anomaly sampling,35797,81.1147454497494,0,0,0,99.89
237,identity_events,100,join,Task-aware unverified,1466,99.2265892904247,1,1,0,16.425
237,identity_events,100,join,Pattern-retention guard,60354,68.15932471643367,1,1,1,120.07
237,identity_events,100,join,Invariant-preserving gate,1462,99.2286995515695,1,1,1,135.574
238,identity_events,100,negative_evidence,Raw,189550,0.0,1,1,0,0.0
238,identity_events,100,negative_evidence,Fixed projection,19247,89.84595093642838,1,1,0,90.086
238,identity_events,100,negative_evidence,Head-tail sampling,37750,80.08441044579267,0,0,0,0.471
238,identity_events,100,negative_evidence,Anomaly sampling,35797,81.1147454497494,0,0,0,108.523
238,identity_events,100,negative_evidence,Task-aware unverified,81,99.95726721181745,0,0,0,0.511
238,identity_events,100,negative_evidence,Pattern-retention guard,45271,76.11659192825113,1,1,1,110.937
238,identity_events,100,negative_evidence,Invariant-preserving gate,354,99.81324188868372,1,1,1,131.197
239,identity_events,100,threshold,Raw,189550,0.0,1,1,0,0.0
239,identity_events,100,threshold,Fixed projection,19247,89.84595093642838,0,0,0,93.0
239,identity_events,100,threshold,Head-tail sampling,37750,80.08441044579267,0,0,0,0.491
239,identity_events,100,threshold,Anomaly sampling,35797,81.1147454497494,1,1,0,101.282
239,identity_events,100,threshold,Task-aware unverified,184,99.90292798733843,1,1,0,5.058
239,identity_events,100,threshold,Pattern-retention guard,77201,59.27143233975205,1,1,1,118.588
239,identity_events,100,threshold,Invariant-preserving gate,35797,81.1147454497494,1,1,0,113.07
240,identity_events,100,provenance,Raw,189550,0.0,1,1,0,0.0
240,identity_events,100,provenance,Fixed projection,19247,89.84595093642838,0,0,0,92.72
240,identity_events,100,provenance,Head-tail sampling,37750,80.08441044579267,0,0,0,0.54
240,identity_events,100,provenance,Anomaly sampling,35797,81.1147454497494,1,1,0,97.377
240,identity_events,100,provenance,Task-aware unverified,742,99.60854655763652,1,1,0,7.401
240,identity_events,100,provenance,Pattern-retention guard,35795,81.11580058032182,1,1,0,112.609
240,identity_events,100,provenance,Invariant-preserving gate,35797,81.1147454497494,1,1,0,105.428
241,identity_events,250,lookup,Raw,472282,0.0,1,1,0,0.0
241,identity_events,250,lookup,Fixed projection,48041,89.82789943296589,0,0,0,231.628
241,identity_events,250,lookup,Head-tail sampling,37807,91.99482512566645,0,0,0,0.501
241,identity_events,250,lookup,Anomaly sampling,83119,82.400557294159,1,1,0,207.572
241,identity_events,250,lookup,Task-aware unverified,454,99.90387099233085,1,1,0,9.194
241,identity_events,250,lookup,Pattern-retention guard,83117,82.40098076996371,1,1,0,234.492
241,identity_events,250,lookup,Invariant-preserving gate,83119,82.400557294159,1,1,0,190.116
242,identity_events,250,rare_event,Raw,472282,0.0,1,1,0,0.0
242,identity_events,250,rare_event,Fixed projection,48041,89.82789943296589,1,1,0,236.004
242,identity_events,250,rare_event,Head-tail sampling,37807,91.99482512566645,0,0,0,0.48
242,identity_events,250,rare_event,Anomaly sampling,83119,82.400557294159,1,1,0,177.807
242,identity_events,250,rare_event,Task-aware unverified,869,99.81599976285355,1,1,0,14.501
242,identity_events,250,rare_event,Pattern-retention guard,83117,82.40098076996371,1,1,0,223.867
242,identity_events,250,rare_event,Invariant-preserving gate,83119,82.400557294159,1,1,0,220.251
243,identity_events,250,latest_state,Raw,472282,0.0,1,1,0,0.0
243,identity_events,250,latest_state,Fixed projection,48041,89.82789943296589,1,1,0,235.694
243,identity_events,250,latest_state,Head-tail sampling,37807,91.99482512566645,0,0,0,0.49
243,identity_events,250,latest_state,Anomaly sampling,83119,82.400557294159,0,0,0,186.781
243,identity_events,250,latest_state,Task-aware unverified,172,99.96358108079495,0,0,0,9.163
243,identity_events,250,latest_state,Pattern-retention guard,98151,79.21771314595941,1,1,1,209.685
243,identity_events,250,latest_state,Invariant-preserving gate,1005,99.78720340813328,1,1,1,241.804
244,identity_events,250,aggregation,Raw,472282,0.0,1,1,0,0.0
244,identity_events,250,aggregation,Fixed projection,48041,89.82789943296589,0,0,0,232.649
244,identity_events,250,aggregation,Head-tail sampling,37807,91.99482512566645,0,0,0,0.531
244,identity_events,250,aggregation,Anomaly sampling,83119,82.400557294159,0,0,0,177.696
244,identity_events,250,aggregation,Task-aware unverified,1850,99.60828488064335,1,1,0,37.547
244,identity_events,250,aggregation,Pattern-retention guard,158388,66.46325712180435,1,1,1,232.779
244,identity_events,250,aggregation,Invariant-preserving gate,1846,99.60913183225276,1,1,1,273.06
245,identity_events,250,join,Raw,472282,0.0,1,1,0,0.0
245,identity_events,250,join,Fixed projection,48041,89.82789943296589,0,0,0,229.615
245,identity_events,250,join,Head-tail sampling,37807,91.99482512566645,0,0,0,0.591
245,identity_events,250,join,Anomaly sampling,83119,82.400557294159,0,0,0,181.653
245,identity_events,250,join,Task-aware unverified,1185,99.74909058570938,1,1,0,18.057
245,identity_events,250,join,Pattern-retention guard,103761,78.02986351374814,1,1,1,207.672
245,identity_events,250,join,Invariant-preserving gate,1181,99.7499375373188,1,1,1,218.298
246,identity_events,250,negative_evidence,Raw,472282,0.0,1,1,0,0.0
246,identity_events,250,negative_evidence,Fixed projection,48041,89.82789943296589,1,1,0,243.696
246,identity_events,250,negative_evidence,Head-tail sampling,37807,91.99482512566645,0,0,0,0.481
246,identity_events,250,negative_evidence,Anomaly sampling,83119,82.400557294159,0,0,0,188.463
246,identity_events,250,negative_evidence,Task-aware unverified,81,99.98284922990925,0,0,0,0.471
246,identity_events,250,negative_evidence,Pattern-retention guard,86893,81.60145845067142,1,1,1,220.01
246,identity_events,250,negative_evidence,Invariant-preserving gate,232,99.95087680665365,1,1,1,208.804
247,identity_events,250,threshold,Raw,472282,0.0,1,1,0,0.0
247,identity_events,250,threshold,Fixed projection,48041,89.82789943296589,0,0,0,232.62
247,identity_events,250,threshold,Head-tail sampling,37807,91.99482512566645,0,0,0,0.481
247,identity_events,250,threshold,Anomaly sampling,83119,82.400557294159,1,1,0,172.358
247,identity_events,250,threshold,Task-aware unverified,184,99.96104022596668,1,1,0,10.135
247,identity_events,250,threshold,Pattern-retention guard,162253,65.64489012920247,1,1,1,214.602
247,identity_events,250,threshold,Invariant-preserving gate,83119,82.400557294159,1,1,0,196.806
248,identity_events,250,provenance,Raw,472282,0.0,1,1,0,0.0
248,identity_events,250,provenance,Fixed projection,48041,89.82789943296589,0,0,0,249.285
248,identity_events,250,provenance,Head-tail sampling,37807,91.99482512566645,0,0,0,0.491
248,identity_events,250,provenance,Anomaly sampling,83119,82.400557294159,1,1,0,190.075
248,identity_events,250,provenance,Task-aware unverified,2095,99.55640909456638,1,1,0,18.828
248,identity_events,250,provenance,Pattern-retention guard,83117,82.40098076996371,1,1,0,199.48
248,identity_events,250,provenance,Invariant-preserving gate,83119,82.400557294159,1,1,0,194.773
249,identity_events,250,lookup,Raw,472463,0.0,1,1,0,0.0
249,identity_events,250,lookup,Fixed projection,48045,89.83094972516366,0,0,0,240.371
249,identity_events,250,lookup,Head-tail sampling,37726,92.01503609806481,0,0,0,0.521
249,identity_events,250,lookup,Anomaly sampling,86757,81.63729223240762,1,1,0,186.36
249,identity_events,250,lookup,Task-aware unverified,425,99.91004586602548,1,1,0,8.924
249,identity_events,250,lookup,Pattern-retention guard,86755,81.63771554597926,1,1,0,222.574
249,identity_events,250,lookup,Invariant-preserving gate,86757,81.63729223240762,1,1,0,209.825
250,identity_events,250,rare_event,Raw,472463,0.0,1,1,0,0.0
250,identity_events,250,rare_event,Fixed projection,48045,89.83094972516366,1,1,0,234.091
250,identity_events,250,rare_event,Head-tail sampling,37726,92.01503609806481,0,0,0,0.5
250,identity_events,250,rare_event,Anomaly sampling,86757,81.63729223240762,1,1,0,178.479
250,identity_events,250,rare_event,Task-aware unverified,1417,99.70008233448968,1,1,0,18.188
250,identity_events,250,rare_event,Pattern-retention guard,86755,81.63771554597926,1,1,0,197.857
250,identity_events,250,rare_event,Invariant-preserving gate,86757,81.63729223240762,1,1,0,195.934
251,identity_events,250,latest_state,Raw,472463,0.0,1,1,0,0.0
251,identity_events,250,latest_state,Fixed projection,48045,89.83094972516366,1,1,0,234.282
251,identity_events,250,latest_state,Head-tail sampling,37726,92.01503609806481,0,0,0,0.47
251,identity_events,250,latest_state,Anomaly sampling,86757,81.63729223240762,0,0,0,169.785
251,identity_events,250,latest_state,Task-aware unverified,175,99.96296006248109,0,0,0,8.984
251,identity_events,250,latest_state,Pattern-retention guard,107552,77.23588937123118,1,1,1,213.26
251,identity_events,250,latest_state,Invariant-preserving gate,1099,99.7673891923812,1,1,1,224.407
252,identity_events,250,aggregation,Raw,472463,0.0,1,1,0,0.0
252,identity_events,250,aggregation,Fixed projection,48045,89.83094972516366,0,0,0,224.928
252,identity_events,250,aggregation,Head-tail sampling,37726,92.01503609806481,0,0,0,0.551
252,identity_events,250,aggregation,Anomaly sampling,86757,81.63729223240762,0,0,0,173.06
252,identity_events,250,aggregation,Task-aware unverified,1726,99.63468038767057,1,1,0,35.283
252,identity_events,250,aggregation,Pattern-retention guard,150946,68.05125480725475,1,1,1,210.626
252,identity_events,250,aggregation,Invariant-preserving gate,1722,99.63552701481386,1,1,1,250.086
253,identity_events,250,join,Raw,472463,0.0,1,1,0,0.0
253,identity_events,250,join,Fixed projection,48045,89.83094972516366,0,0,0,229.425
253,identity_events,250,join,Head-tail sampling,37726,92.01503609806481,0,0,0,0.5
253,identity_events,250,join,Anomaly sampling,86757,81.63729223240762,0,0,0,185.849
253,identity_events,250,join,Task-aware unverified,818,99.8268647491973,1,1,0,15.303
253,identity_events,250,join,Pattern-retention guard,101928,78.42624713469625,1,1,1,215.193
253,identity_events,250,join,Invariant-preserving gate,814,99.82771137634057,1,1,1,213.981
254,identity_events,250,negative_evidence,Raw,472463,0.0,1,1,0,0.0
254,identity_events,250,negative_evidence,Fixed projection,48045,89.83094972516366,1,1,0,234.933
254,identity_events,250,negative_evidence,Head-tail sampling,37726,92.01503609806481,0,0,0,0.52
254,identity_events,250,negative_evidence,Anomaly sampling,86757,81.63729223240762,0,0,0,183.015
254,identity_events,250,negative_evidence,Task-aware unverified,81,99.98285580034839,0,0,0,0.461
254,identity_events,250,negative_evidence,Pattern-retention guard,94251,80.05113627945468,1,1,1,209.504
254,identity_events,250,negative_evidence,Invariant-preserving gate,358,99.9242268706756,1,1,1,201.673
255,identity_events,250,threshold,Raw,472463,0.0,1,1,0,0.0
255,identity_events,250,threshold,Fixed projection,48045,89.83094972516366,0,0,0,257.106
255,identity_events,250,threshold,Head-tail sampling,37726,92.01503609806481,0,0,0,0.501
255,identity_events,250,threshold,Anomaly sampling,86757,81.63729223240762,1,1,0,187.191
255,identity_events,250,threshold,Task-aware unverified,184,99.96105515140869,1,1,0,11.107
255,identity_events,250,threshold,Pattern-retention guard,171842,63.62847461071026,1,1,1,228.283
255,identity_events,250,threshold,Invariant-preserving gate,86757,81.63729223240762,1,1,0,192.82
256,identity_events,250,provenance,Raw,472463,0.0,1,1,0,0.0
256,identity_events,250,provenance,Fixed projection,48045,89.83094972516366,0,0,0,233.701
256,identity_events,250,provenance,Head-tail sampling,37726,92.01503609806481,0,0,0,0.521
256,identity_events,250,provenance,Anomaly sampling,86757,81.63729223240762,1,1,0,176.766
256,identity_events,250,provenance,Task-aware unverified,1283,99.72844434378987,1,1,0,14.552
256,identity_events,250,provenance,Pattern-retention guard,86755,81.63771554597926,1,1,0,203.676
256,identity_events,250,provenance,Invariant-preserving gate,86757,81.63729223240762,1,1,0,193.15
257,identity_events,250,lookup,Raw,472158,0.0,1,1,0,0.0
257,identity_events,250,lookup,Fixed projection,48018,89.83009924643869,0,0,0,237.587
257,identity_events,250,lookup,Head-tail sampling,37722,92.01072522333625,0,0,0,0.511
257,identity_events,250,lookup,Anomaly sampling,86782,81.62013563256367,0,0,0,206.441
257,identity_events,250,lookup,Task-aware unverified,450,99.90469292059015,1,1,0,10.065
257,identity_events,250,lookup,Pattern-retention guard,88671,81.22005769255207,1,1,1,208.102
257,identity_events,250,lookup,Invariant-preserving gate,446,99.90554009462934,1,1,1,200.311
258,identity_events,250,rare_event,Raw,472158,0.0,1,1,0,0.0
258,identity_events,250,rare_event,Fixed projection,48018,89.83009924643869,1,1,0,237.347
258,identity_events,250,rare_event,Head-tail sampling,37722,92.01072522333625,0,0,0,0.531
258,identity_events,250,rare_event,Anomaly sampling,86782,81.62013563256367,1,1,0,329.174
258,identity_events,250,rare_event,Task-aware unverified,447,99.90532830111954,1,1,0,11.227
258,identity_events,250,rare_event,Pattern-retention guard,86780,81.62055921958327,1,1,0,253.15
258,identity_events,250,rare_event,Invariant-preserving gate,86782,81.62013563256367,1,1,0,233.551
259,identity_events,250,latest_state,Raw,472158,0.0,1,1,0,0.0
259,identity_events,250,latest_state,Fixed projection,48018,89.83009924643869,1,1,0,316.005
259,identity_events,250,latest_state,Head-tail sampling,37722,92.01072522333625,0,0,0,0.49
259,identity_events,250,latest_state,Anomaly sampling,86782,81.62013563256367,0,0,0,187.362
259,identity_events,250,latest_state,Task-aware unverified,175,99.96293613578506,0,0,0,9.425
259,identity_events,250,latest_state,Pattern-retention guard,105543,77.64667759521177,1,1,1,232.94
259,identity_events,250,latest_state,Invariant-preserving gate,1008,99.78651214212192,1,1,1,222.614
260,identity_events,250,aggregation,Raw,472158,0.0,1,1,0,0.0
260,identity_events,250,aggregation,Fixed projection,48018,89.83009924643869,0,0,0,239.129
260,identity_events,250,aggregation,Head-tail sampling,37722,92.01072522333625,0,0,0,0.501
260,identity_events,250,aggregation,Anomaly sampling,86782,81.62013563256367,0,0,0,186.11
260,identity_events,250,aggregation,Task-aware unverified,1766,99.62597266169375,1,1,0,38.288
260,identity_events,250,aggregation,Pattern-retention guard,154632,67.249945992655,1,1,1,240.691
260,identity_events,250,aggregation,Invariant-preserving gate,1762,99.62681983573295,1,1,1,247.913
261,identity_events,250,join,Raw,472158,0.0,1,1,0,0.0
261,identity_events,250,join,Fixed projection,48018,89.83009924643869,0,0,0,247.662
261,identity_events,250,join,Head-tail sampling,37722,92.01072522333625,0,0,0,0.501
261,identity_events,250,join,Anomaly sampling,86782,81.62013563256367,0,0,0,180.561
261,identity_events,250,join,Task-aware unverified,1090,99.76914507431835,1,1,0,17.356
261,identity_events,250,join,Pattern-retention guard,101896,78.41908852545123,1,1,1,248.233
261,identity_events,250,join,Invariant-preserving gate,1086,99.76999224835754,1,1,1,251.137
262,identity_events,250,negative_evidence,Raw,472158,0.0,1,1,0,0.0
262,identity_events,250,negative_evidence,Fixed projection,48018,89.83009924643869,1,1,0,230.045
262,identity_events,250,negative_evidence,Head-tail sampling,37722,92.01072522333625,0,0,0,0.501
262,identity_events,250,negative_evidence,Anomaly sampling,86782,81.62013563256367,0,0,0,178.849
262,identity_events,250,negative_evidence,Task-aware unverified,81,99.98284472570622,0,0,0,0.46
262,identity_events,250,negative_evidence,Pattern-retention guard,96268,79.61106239860386,1,1,1,219.039
262,identity_events,250,negative_evidence,Invariant-preserving gate,319,99.9324378703739,1,1,1,206.53
263,identity_events,250,threshold,Raw,472158,0.0,1,1,0,0.0
263,identity_events,250,threshold,Fixed projection,48018,89.83009924643869,0,0,0,239.2
263,identity_events,250,threshold,Head-tail sampling,37722,92.01072522333625,0,0,0,0.501
263,identity_events,250,threshold,Anomaly sampling,86782,81.62013563256367,1,1,0,208.593
263,identity_events,250,threshold,Task-aware unverified,184,99.96102999419686,1,1,0,9.915
263,identity_events,250,threshold,Pattern-retention guard,158402,66.45148446071019,1,1,1,234.793
263,identity_events,250,threshold,Invariant-preserving gate,86782,81.62013563256367,1,1,0,240.992
264,identity_events,250,provenance,Raw,472158,0.0,1,1,0,0.0
264,identity_events,250,provenance,Fixed projection,48018,89.83009924643869,0,0,0,232.369
264,identity_events,250,provenance,Head-tail sampling,37722,92.01072522333625,0,0,0,0.561
264,identity_events,250,provenance,Anomaly sampling,86782,81.62013563256367,1,1,0,188.133
264,identity_events,250,provenance,Task-aware unverified,1806,99.61750092130177,1,1,0,17.245
264,identity_events,250,provenance,Pattern-retention guard,86780,81.62055921958327,1,1,0,223.135
264,identity_events,250,provenance,Invariant-preserving gate,86782,81.62013563256367,1,1,0,216.445
265,identity_events,250,lookup,Raw,472894,0.0,1,1,0,0.0
265,identity_events,250,lookup,Fixed projection,48056,89.8378917897034,0,0,0,248.904
265,identity_events,250,lookup,Head-tail sampling,37741,92.01914171040445,0,0,0,0.591
265,identity_events,250,lookup,Anomaly sampling,77521,83.6071085697852,0,0,0,217.336
265,identity_events,250,lookup,Task-aware unverified,434,99.90822467614306,1,1,0,9.033
265,identity_events,250,lookup,Pattern-retention guard,79396,83.21061379505767,1,1,1,212.67
265,identity_events,250,lookup,Invariant-preserving gate,430,99.9090705316625,1,1,1,195.674
266,identity_events,250,rare_event,Raw,472894,0.0,1,1,0,0.0
266,identity_events,250,rare_event,Fixed projection,48056,89.8378917897034,1,1,0,227.652
266,identity_events,250,rare_event,Head-tail sampling,37741,92.01914171040445,0,0,0,0.481
266,identity_events,250,rare_event,Anomaly sampling,77521,83.6071085697852,1,1,0,170.646
266,identity_events,250,rare_event,Task-aware unverified,618,99.8693153222498,1,1,0,11.968
266,identity_events,250,rare_event,Pattern-retention guard,77519,83.60753149754491,1,1,0,208.593
266,identity_events,250,rare_event,Invariant-preserving gate,77521,83.6071085697852,1,1,0,189.394
267,identity_events,250,latest_state,Raw,472894,0.0,1,1,0,0.0
267,identity_events,250,latest_state,Fixed projection,48056,89.8378917897034,1,1,0,229.755
267,identity_events,250,latest_state,Head-tail sampling,37741,92.01914171040445,0,0,0,0.51
267,identity_events,250,latest_state,Anomaly sampling,77521,83.6071085697852,0,0,0,170.346
267,identity_events,250,latest_state,Task-aware unverified,174,99.96320528490529,1,0,0,9.214
267,identity_events,250,latest_state,Pattern-retention guard,94409,80.03590656679933,1,1,1,208.393
267,identity_events,250,latest_state,Invariant-preserving gate,1005,99.78747880074604,1,1,1,210.606
268,identity_events,250,aggregation,Raw,472894,0.0,1,1,0,0.0
268,identity_events,250,aggregation,Fixed projection,48056,89.8378917897034,0,0,0,243.375
268,identity_events,250,aggregation,Head-tail sampling,37741,92.01914171040445,0,0,0,0.491
268,identity_events,250,aggregation,Anomaly sampling,77521,83.6071085697852,0,0,0,185.188
268,identity_events,250,aggregation,Task-aware unverified,1848,99.60921475002856,1,1,0,38.177
268,identity_events,250,aggregation,Pattern-retention guard,147241,68.86384686631676,1,1,1,263.095
268,identity_events,250,aggregation,Invariant-preserving gate,1844,99.61006060554797,1,1,1,261.824
269,identity_events,250,join,Raw,472894,0.0,1,1,0,0.0
269,identity_events,250,join,Fixed projection,48056,89.8378917897034,0,0,0,280.391
269,identity_events,250,join,Head-tail sampling,37741,92.01914171040445,0,0,0,0.621
269,identity_events,250,join,Anomaly sampling,77521,83.6071085697852,0,0,0,177.857
269,identity_events,250,join,Task-aware unverified,544,99.88496364935905,1,1,0,12.929
269,identity_events,250,join,Pattern-retention guard,86964,81.61025515231744,1,1,1,234.362
269,identity_events,250,join,Invariant-preserving gate,540,99.88580950487848,1,1,1,215.213
270,identity_events,250,negative_evidence,Raw,472894,0.0,1,1,0,0.0
270,identity_events,250,negative_evidence,Fixed projection,48056,89.8378917897034,1,1,0,232.169
270,identity_events,250,negative_evidence,Head-tail sampling,37741,92.01914171040445,0,0,0,0.481
270,identity_events,250,negative_evidence,Anomaly sampling,77521,83.6071085697852,0,0,0,181.683
270,identity_events,250,negative_evidence,Task-aware unverified,81,99.98287142573177,0,0,0,0.48
270,identity_events,250,negative_evidence,Pattern-retention guard,86957,81.61173539947642,1,1,1,199.299
270,identity_events,250,negative_evidence,Invariant-preserving gate,445,99.90589857346467,1,1,1,207.452
271,identity_events,250,threshold,Raw,472894,0.0,1,1,0,0.0
271,identity_events,250,threshold,Fixed projection,48056,89.8378917897034,0,0,0,232.239
271,identity_events,250,threshold,Head-tail sampling,37741,92.01914171040445,0,0,0,0.491
271,identity_events,250,threshold,Anomaly sampling,77521,83.6071085697852,1,1,0,175.323
271,identity_events,250,threshold,Task-aware unverified,184,99.96109064610674,1,1,0,9.845
271,identity_events,250,threshold,Pattern-retention guard,153182,67.6075399561001,1,1,1,220.321
271,identity_events,250,threshold,Invariant-preserving gate,77521,83.6071085697852,1,1,0,228.834
272,identity_events,250,provenance,Raw,472894,0.0,1,1,0,0.0
272,identity_events,250,provenance,Fixed projection,48056,89.8378917897034,0,0,0,237.687
272,identity_events,250,provenance,Head-tail sampling,37741,92.01914171040445,0,0,0,0.491
272,identity_events,250,provenance,Anomaly sampling,77521,83.6071085697852,1,1,0,168.283
272,identity_events,250,provenance,Task-aware unverified,1795,99.62042233566083,1,1,0,16.835
272,identity_events,250,provenance,Pattern-retention guard,77519,83.60753149754491,1,1,0,202.554
272,identity_events,250,provenance,Invariant-preserving gate,77521,83.6071085697852,1,1,0,194.883
273,identity_events,250,lookup,Raw,472259,0.0,1,1,0,0.0
273,identity_events,250,lookup,Fixed projection,48025,89.83079200184645,0,0,0,232.66
273,identity_events,250,lookup,Head-tail sampling,37676,92.02217427301545,0,0,0,0.531
273,identity_events,250,lookup,Anomaly sampling,94360,80.01943848608497,0,0,0,212.5
273,identity_events,250,lookup,Task-aware unverified,429,99.90916001600817,1,1,0,9.695
273,identity_events,250,lookup,Pattern-retention guard,96225,79.62452806616709,1,1,1,203.335
273,identity_events,250,lookup,Invariant-preserving gate,425,99.9100070088659,1,1,1,221.092
274,identity_events,250,rare_event,Raw,472259,0.0,1,1,0,0.0
274,identity_events,250,rare_event,Fixed projection,48025,89.83079200184645,1,1,0,235.033
274,identity_events,250,rare_event,Head-tail sampling,37676,92.02217427301545,0,0,0,0.51
274,identity_events,250,rare_event,Anomaly sampling,94360,80.01943848608497,1,1,0,195.583
274,identity_events,250,rare_event,Task-aware unverified,963,99.79608646950085,1,1,0,14.942
274,identity_events,250,rare_event,Pattern-retention guard,94358,80.01986198251383,1,1,0,258.178
274,identity_events,250,rare_event,Invariant-preserving gate,94360,80.01943848608497,1,1,0,196.855
275,identity_events,250,latest_state,Raw,472259,0.0,1,1,0,0.0
275,identity_events,250,latest_state,Fixed projection,48025,89.83079200184645,1,1,0,233.4
275,identity_events,250,latest_state,Head-tail sampling,37676,92.02217427301545,0,0,0,0.501
275,identity_events,250,latest_state,Anomaly sampling,94360,80.01943848608497,0,0,0,175.864
275,identity_events,250,latest_state,Task-aware unverified,172,99.96357930711748,0,0,0,9.183
275,identity_events,250,latest_state,Pattern-retention guard,105722,77.61355527369516,1,1,1,211.207
275,identity_events,250,latest_state,Invariant-preserving gate,729,99.84563555167821,1,1,1,224.317
276,identity_events,250,aggregation,Raw,472259,0.0,1,1,0,0.0
276,identity_events,250,aggregation,Fixed projection,48025,89.83079200184645,0,0,0,228.584
276,identity_events,250,aggregation,Head-tail sampling,37676,92.02217427301545,0,0,0,0.571
276,identity_events,250,aggregation,Anomaly sampling,94360,80.01943848608497,0,0,0,175.663
276,identity_events,250,aggregation,Task-aware unverified,1726,99.63452258188833,1,1,0,36.665
276,identity_events,250,aggregation,Pattern-retention guard,153032,67.59574724886133,1,1,1,210.827
276,identity_events,250,aggregation,Invariant-preserving gate,1722,99.63536957474605,1,1,1,241.633
277,identity_events,250,join,Raw,472259,0.0,1,1,0,0.0
277,identity_events,250,join,Fixed projection,48025,89.83079200184645,0,0,0,235.765
277,identity_events,250,join,Head-tail sampling,37676,92.02217427301545,0,0,0,0.541
277,identity_events,250,join,Anomaly sampling,94360,80.01943848608497,0,0,0,186.22
277,identity_events,250,join,Task-aware unverified,1100,99.7670769641235,1,1,0,17.556
277,identity_events,250,join,Pattern-retention guard,111303,76.43178848894357,1,1,1,204.647
277,identity_events,250,join,Invariant-preserving gate,1096,99.76792395698124,1,1,1,237.797
278,identity_events,250,negative_evidence,Raw,472259,0.0,1,1,0,0.0
278,identity_events,250,negative_evidence,Fixed projection,48025,89.83079200184645,1,1,0,232.87
278,identity_events,250,negative_evidence,Head-tail sampling,37676,92.02217427301545,0,0,0,0.811
278,identity_events,250,negative_evidence,Anomaly sampling,94360,80.01943848608497,0,0,0,186.621
278,identity_events,250,negative_evidence,Task-aware unverified,81,99.9828483946309,0,0,0,0.501
278,identity_events,250,negative_evidence,Pattern-retention guard,96283,79.61224666972996,1,1,1,233.211
278,identity_events,250,negative_evidence,Invariant-preserving gate,196,99.9584973499711,1,1,1,203.445
279,identity_events,250,threshold,Raw,472259,0.0,1,1,0,0.0
279,identity_events,250,threshold,Fixed projection,48025,89.83079200184645,0,0,0,231.478
279,identity_events,250,threshold,Head-tail sampling,37676,92.02217427301545,0,0,0,0.471
279,identity_events,250,threshold,Anomaly sampling,94360,80.01943848608497,1,1,0,179.35
279,identity_events,250,threshold,Task-aware unverified,184,99.96103832854429,1,1,0,9.825
279,identity_events,250,threshold,Pattern-retention guard,164110,65.25000052937054,1,1,1,227.912
279,identity_events,250,threshold,Invariant-preserving gate,94360,80.01943848608497,1,1,0,197.557
280,identity_events,250,provenance,Raw,472259,0.0,1,1,0,0.0
280,identity_events,250,provenance,Fixed projection,48025,89.83079200184645,0,0,0,231.128
280,identity_events,250,provenance,Head-tail sampling,37676,92.02217427301545,0,0,0,0.511
280,identity_events,250,provenance,Anomaly sampling,94360,80.01943848608497,1,1,0,183.496
280,identity_events,250,provenance,Task-aware unverified,2070,99.5616811961233,1,1,0,18.959
280,identity_events,250,provenance,Pattern-retention guard,94358,80.01986198251383,1,1,0,199.8
280,identity_events,250,provenance,Invariant-preserving gate,94360,80.01943848608497,1,1,0,208.433
281,identity_events,500,lookup,Raw,943951,0.0,1,1,0,0.0
281,identity_events,500,lookup,Fixed projection,95915,89.83898528631254,0,0,0,470.016
281,identity_events,500,lookup,Head-tail sampling,37727,96.0032883062786,0,0,0,0.531
281,identity_events,500,lookup,Anomaly sampling,168005,82.20193632932218,1,1,0,322.154
281,identity_events,500,lookup,Task-aware unverified,441,99.95328147329681,1,1,0,16.445
281,identity_events,500,lookup,Pattern-retention guard,168003,82.20214820472674,1,1,0,399.891
281,identity_events,500,lookup,Invariant-preserving gate,168005,82.20193632932218,1,1,0,356.956
282,identity_events,500,rare_event,Raw,943951,0.0,1,1,0,0.0
282,identity_events,500,rare_event,Fixed projection,95915,89.83898528631254,1,1,0,472.83
282,identity_events,500,rare_event,Head-tail sampling,37727,96.0032883062786,0,0,0,0.49
282,identity_events,500,rare_event,Anomaly sampling,168005,82.20193632932218,1,1,0,328.564
282,identity_events,500,rare_event,Task-aware unverified,1677,99.82234247328516,1,1,0,28.814
282,identity_events,500,rare_event,Pattern-retention guard,168003,82.20214820472674,1,1,0,367.111
282,identity_events,500,rare_event,Invariant-preserving gate,168005,82.20193632932218,1,1,0,360.862
283,identity_events,500,latest_state,Raw,943951,0.0,1,1,0,0.0
283,identity_events,500,latest_state,Fixed projection,95915,89.83898528631254,1,1,0,467.372
283,identity_events,500,latest_state,Head-tail sampling,37727,96.0032883062786,0,0,0,0.52
283,identity_events,500,latest_state,Anomaly sampling,168005,82.20193632932218,0,0,0,315.524
283,identity_events,500,latest_state,Task-aware unverified,174,99.98156683980419,1,0,0,16.434
283,identity_events,500,latest_state,Pattern-retention guard,181146,80.80980898372903,1,1,1,403.256
283,identity_events,500,latest_state,Invariant-preserving gate,723,99.92340704125532,1,1,1,373.902
284,identity_events,500,aggregation,Raw,943951,0.0,1,1,0,0.0
284,identity_events,500,aggregation,Fixed projection,95915,89.83898528631254,0,0,0,482.024
284,identity_events,500,aggregation,Head-tail sampling,37727,96.0032883062786,0,0,0,0.531
284,identity_events,500,aggregation,Anomaly sampling,168005,82.20193632932218,0,0,0,334.192
284,identity_events,500,aggregation,Task-aware unverified,3520,99.6270992879927,1,1,0,73.14
284,identity_events,500,aggregation,Pattern-retention guard,307528,67.42119029483521,1,1,1,426.32
284,identity_events,500,aggregation,Invariant-preserving gate,3516,99.6275230388018,1,1,1,470.477
285,identity_events,500,join,Raw,943951,0.0,1,1,0,0.0
285,identity_events,500,join,Fixed projection,95915,89.83898528631254,0,0,0,469.616
285,identity_events,500,join,Head-tail sampling,37727,96.0032883062786,0,0,0,0.501
285,identity_events,500,join,Anomaly sampling,168005,82.20193632932218,0,0,0,344.607
285,identity_events,500,join,Task-aware unverified,1006,99.89342667151155,1,1,0,25.037
285,identity_events,500,join,Pattern-retention guard,184929,80.40904665602346,1,1,1,392.48
285,identity_events,500,join,Invariant-preserving gate,1002,99.89385042232065,1,1,1,397.397
286,identity_events,500,negative_evidence,Raw,943951,0.0,1,1,0,0.0
286,identity_events,500,negative_evidence,Fixed projection,95915,89.83898528631254,1,1,0,492.53
286,identity_events,500,negative_evidence,Head-tail sampling,37727,96.0032883062786,0,0,0,0.501
286,identity_events,500,negative_evidence,Anomaly sampling,168005,82.20193632932218,0,0,0,326.2
286,identity_events,500,negative_evidence,Task-aware unverified,81,99.99141904611574,0,0,0,0.471
286,identity_events,500,negative_evidence,Pattern-retention guard,179341,81.00102653633505,1,1,1,390.286
286,identity_events,500,negative_evidence,Invariant-preserving gate,399,99.95773085679235,1,1,1,385.559
287,identity_events,500,threshold,Raw,943951,0.0,1,1,0,0.0
287,identity_events,500,threshold,Fixed projection,95915,89.83898528631254,0,0,0,607.432
287,identity_events,500,threshold,Head-tail sampling,37727,96.0032883062786,0,0,0,0.51
287,identity_events,500,threshold,Anomaly sampling,168005,82.20193632932218,1,1,0,343.075
287,identity_events,500,threshold,Task-aware unverified,184,99.98050746278143,1,1,0,19.96
287,identity_events,500,threshold,Pattern-retention guard,307402,67.43453844532185,1,1,1,413.752
287,identity_events,500,threshold,Invariant-preserving gate,168005,82.20193632932218,1,1,0,363.596
288,identity_events,500,provenance,Raw,943951,0.0,1,1,0,0.0
288,identity_events,500,provenance,Fixed projection,95915,89.83898528631254,0,0,0,469.886
288,identity_events,500,provenance,Head-tail sampling,37727,96.0032883062786,0,0,0,0.571
288,identity_events,500,provenance,Anomaly sampling,168005,82.20193632932218,1,1,0,318.779
288,identity_events,500,provenance,Task-aware unverified,2499,99.73526168201528,1,1,0,31.827
288,identity_events,500,provenance,Pattern-retention guard,168003,82.20214820472674,1,1,0,407.201
288,identity_events,500,provenance,Invariant-preserving gate,168005,82.20193632932218,1,1,0,360.282
289,identity_events,500,lookup,Raw,943437,0.0,1,1,0,0.0
289,identity_events,500,lookup,Fixed projection,95979,89.82666569150881,0,0,0,468.554
289,identity_events,500,lookup,Head-tail sampling,37630,96.01139238762102,0,0,0,0.501
289,identity_events,500,lookup,Anomaly sampling,167800,82.21396871227226,0,0,0,325.759
289,identity_events,500,lookup,Task-aware unverified,459,99.95134810273501,1,1,0,15.843
289,identity_events,500,lookup,Pattern-retention guard,169671,82.01565128355153,1,1,1,400.842
289,identity_events,500,lookup,Invariant-preserving gate,455,99.95177208441052,1,1,1,420.111
290,identity_events,500,rare_event,Raw,943437,0.0,1,1,0,0.0
290,identity_events,500,rare_event,Fixed projection,95979,89.82666569150881,1,1,0,514.903
290,identity_events,500,rare_event,Head-tail sampling,37630,96.01139238762102,0,0,0,0.561
290,identity_events,500,rare_event,Anomaly sampling,167800,82.21396871227226,1,1,0,348.233
290,identity_events,500,rare_event,Task-aware unverified,1892,99.79945666748283,1,1,0,28.323
290,identity_events,500,rare_event,Pattern-retention guard,167798,82.21418070311002,1,1,0,401.123
290,identity_events,500,rare_event,Invariant-preserving gate,167800,82.21396871227226,1,1,0,361.914
291,identity_events,500,latest_state,Raw,943437,0.0,1,1,0,0.0
291,identity_events,500,latest_state,Fixed projection,95979,89.82666569150881,1,1,0,611.249
291,identity_events,500,latest_state,Head-tail sampling,37630,96.01139238762102,0,0,0,0.591
291,identity_events,500,latest_state,Anomaly sampling,167800,82.21396871227226,0,0,0,337.096
291,identity_events,500,latest_state,Task-aware unverified,173,99.98166279253411,0,0,0,16.565
291,identity_events,500,latest_state,Pattern-retention guard,179103,81.01590249269427,1,1,1,374.452
291,identity_events,500,latest_state,Invariant-preserving gate,817,99.91340174277667,1,1,1,431.618
292,identity_events,500,aggregation,Raw,943437,0.0,1,1,0,0.0
292,identity_events,500,aggregation,Fixed projection,95979,89.82666569150881,0,0,0,486.351
292,identity_events,500,aggregation,Head-tail sampling,37630,96.01139238762102,0,0,0,0.521
292,identity_events,500,aggregation,Anomaly sampling,167800,82.21396871227226,0,0,0,327.802
292,identity_events,500,aggregation,Task-aware unverified,3451,99.63420980945203,1,1,0,77.236
292,identity_events,500,aggregation,Pattern-retention guard,292152,69.03322638395568,1,1,1,407.012
292,identity_events,500,aggregation,Invariant-preserving gate,3447,99.63463379112754,1,1,1,468.744
293,identity_events,500,join,Raw,943437,0.0,1,1,0,0.0
293,identity_events,500,join,Fixed projection,95979,89.82666569150881,0,0,0,478.149
293,identity_events,500,join,Head-tail sampling,37630,96.01139238762102,0,0,0,0.501
293,identity_events,500,join,Anomaly sampling,167800,82.21396871227226,0,0,0,354.312
293,identity_events,500,join,Task-aware unverified,914,99.9031201871455,1,1,0,24.477
293,identity_events,500,join,Pattern-retention guard,184760,80.41628640810144,1,1,1,402.294
293,identity_events,500,join,Invariant-preserving gate,910,99.90354416882103,1,1,1,420.251
294,identity_events,500,negative_evidence,Raw,943437,0.0,1,1,0,0.0
294,identity_events,500,negative_evidence,Fixed projection,95979,89.82666569150881,1,1,0,480.121
294,identity_events,500,negative_evidence,Head-tail sampling,37630,96.01139238762102,0,0,0,0.481
294,identity_events,500,negative_evidence,Anomaly sampling,167800,82.21396871227226,0,0,0,342.955
294,identity_events,500,negative_evidence,Task-aware unverified,81,99.99141437107089,0,0,0,0.501
294,identity_events,500,negative_evidence,Pattern-retention guard,171551,81.8163798960609,1,1,1,401.974
294,identity_events,500,negative_evidence,Invariant-preserving gate,235,99.97509107656367,1,1,1,406.34
295,identity_events,500,threshold,Raw,943437,0.0,1,1,0,0.0
295,identity_events,500,threshold,Fixed projection,95979,89.82666569150881,0,0,0,476.425
295,identity_events,500,threshold,Head-tail sampling,37630,96.01139238762102,0,0,0,0.541
295,identity_events,500,threshold,Anomaly sampling,167800,82.21396871227226,1,1,0,330.477
295,identity_events,500,threshold,Task-aware unverified,184,99.98049684292644,1,1,0,17.987
295,identity_events,500,threshold,Pattern-retention guard,322145,65.85410578554796,1,1,1,393.652
295,identity_events,500,threshold,Invariant-preserving gate,167800,82.21396871227226,1,1,0,395.203
296,identity_events,500,provenance,Raw,943437,0.0,1,1,0,0.0
296,identity_events,500,provenance,Fixed projection,95979,89.82666569150881,0,0,0,546.861
296,identity_events,500,provenance,Head-tail sampling,37630,96.01139238762102,0,0,0,0.531
296,identity_events,500,provenance,Anomaly sampling,167800,82.21396871227226,1,1,0,350.607
296,identity_events,500,provenance,Task-aware unverified,2771,99.70628669428908,1,1,0,32.289
296,identity_events,500,provenance,Pattern-retention guard,167798,82.21418070311002,1,1,0,379.159
296,identity_events,500,provenance,Invariant-preserving gate,167800,82.21396871227226,1,1,0,372.099
297,identity_events,500,lookup,Raw,944564,0.0,1,1,0,0.0
297,identity_events,500,lookup,Fixed projection,95949,89.8419800034725,0,0,0,469.035
297,identity_events,500,lookup,Head-tail sampling,37787,95.99952994185678,0,0,0,0.511
297,identity_events,500,lookup,Anomaly sampling,162462,82.80031845380515,0,0,0,358.378
297,identity_events,500,lookup,Task-aware unverified,449,99.95246484092132,1,1,0,16.544
297,identity_events,500,lookup,Pattern-retention guard,164342,82.60128482559149,1,1,1,382.575
297,identity_events,500,lookup,Invariant-preserving gate,445,99.95288831672602,1,1,1,412.44
298,identity_events,500,rare_event,Raw,944564,0.0,1,1,0,0.0
298,identity_events,500,rare_event,Fixed projection,95949,89.8419800034725,1,1,0,485.609
298,identity_events,500,rare_event,Head-tail sampling,37787,95.99952994185678,0,0,0,0.621
298,identity_events,500,rare_event,Anomaly sampling,162462,82.80031845380515,1,1,0,331.889
298,identity_events,500,rare_event,Task-aware unverified,1233,99.86946358319817,1,1,0,24.356
298,identity_events,500,rare_event,Pattern-retention guard,162460,82.8005301917075,1,1,0,423.807
298,identity_events,500,rare_event,Invariant-preserving gate,162462,82.80031845380515,1,1,0,366.531
299,identity_events,500,latest_state,Raw,944564,0.0,1,1,0,0.0
299,identity_events,500,latest_state,Fixed projection,95949,89.8419800034725,1,1,0,478.439
299,identity_events,500,latest_state,Head-tail sampling,37787,95.99952994185678,0,0,0,0.521
299,identity_events,500,latest_state,Anomaly sampling,162462,82.80031845380515,0,0,0,364.427
299,identity_events,500,latest_state,Task-aware unverified,174,99.98157880249512,1,0,0,16.295
299,identity_events,500,latest_state,Pattern-retention guard,173803,81.59965867850141,1,1,1,377.797
299,identity_events,500,latest_state,Invariant-preserving gate,732,99.92250392773809,1,1,1,403.125
300,identity_events,500,aggregation,Raw,944564,0.0,1,1,0,0.0
300,identity_events,500,aggregation,Fixed projection,95949,89.8419800034725,0,0,0,496.706
300,identity_events,500,aggregation,Head-tail sampling,37787,95.99952994185678,0,0,0,0.641
300,identity_events,500,aggregation,Anomaly sampling,162462,82.80031845380515,0,0,0,343.967
300,identity_events,500,aggregation,Task-aware unverified,3014,99.6809109811511,1,1,0,64.727
300,identity_events,500,aggregation,Pattern-retention guard,277461,70.62549493734676,1,1,1,415.714
300,identity_events,500,aggregation,Invariant-preserving gate,3010,99.68133445695581,1,1,1,466.651
301,identity_events,500,join,Raw,944564,0.0,1,1,0,0.0
301,identity_events,500,join,Fixed projection,95949,89.8419800034725,0,0,0,471.378
301,identity_events,500,join,Head-tail sampling,37787,95.99952994185678,0,0,0,0.511
301,identity_events,500,join,Anomaly sampling,162462,82.80031845380515,0,0,0,338.789
301,identity_events,500,join,Task-aware unverified,1468,99.84458437967146,1,1,0,31.147
301,identity_events,500,join,Pattern-retention guard,185116,80.40196323383063,1,1,1,405.579
301,identity_events,500,join,Invariant-preserving gate,1464,99.84500785547617,1,1,1,492.98
302,identity_events,500,negative_evidence,Raw,944564,0.0,1,1,0,0.0
302,identity_events,500,negative_evidence,Fixed projection,95949,89.8419800034725,1,1,0,489.475
302,identity_events,500,negative_evidence,Head-tail sampling,37787,95.99952994185678,0,0,0,0.581
302,identity_events,500,negative_evidence,Anomaly sampling,162462,82.80031845380515,0,0,0,330.606
302,identity_events,500,negative_evidence,Task-aware unverified,81,99.99142461495462,0,0,0,0.501
302,identity_events,500,negative_evidence,Pattern-retention guard,169938,82.00884217480234,1,1,1,413.0
302,identity_events,500,negative_evidence,Invariant-preserving gate,312,99.96696888723264,1,1,1,415.243
303,identity_events,500,threshold,Raw,944564,0.0,1,1,0,0.0
303,identity_events,500,threshold,Fixed projection,95949,89.8419800034725,0,0,0,463.706
303,identity_events,500,threshold,Head-tail sampling,37787,95.99952994185678,0,0,0,0.531
303,identity_events,500,threshold,Anomaly sampling,162462,82.80031845380515,1,1,0,332.33
303,identity_events,500,threshold,Task-aware unverified,184,99.98052011298334,1,1,0,20.311
303,identity_events,500,threshold,Pattern-retention guard,330526,65.00755904311407,1,1,1,424.417
303,identity_events,500,threshold,Invariant-preserving gate,162462,82.80031845380515,1,1,0,373.541
304,identity_events,500,provenance,Raw,944564,0.0,1,1,0,0.0
304,identity_events,500,provenance,Fixed projection,95949,89.8419800034725,0,0,0,506.541
304,identity_events,500,provenance,Head-tail sampling,37787,95.99952994185678,0,0,0,0.491
304,identity_events,500,provenance,Anomaly sampling,162462,82.80031845380515,1,1,0,351.868
304,identity_events,500,provenance,Task-aware unverified,3004,99.68196967066287,1,1,0,30.015
304,identity_events,500,provenance,Pattern-retention guard,162460,82.8005301917075,1,1,0,401.494
304,identity_events,500,provenance,Invariant-preserving gate,162462,82.80031845380515,1,1,0,389.405
305,identity_events,500,lookup,Raw,944703,0.0,1,1,0,0.0
305,identity_events,500,lookup,Fixed projection,95876,89.85120191213535,0,0,0,481.163
305,identity_events,500,lookup,Head-tail sampling,37761,96.00287074350351,0,0,0,0.6
305,identity_events,500,lookup,Anomaly sampling,164471,82.59018972100226,0,0,0,335.754
305,identity_events,500,lookup,Task-aware unverified,440,99.95342451542972,1,1,0,16.065
305,identity_events,500,lookup,Pattern-retention guard,166371,82.38906831035786,1,1,1,375.904
305,identity_events,500,lookup,Invariant-preserving gate,436,99.95384792892581,1,1,1,424.969
306,identity_events,500,rare_event,Raw,944703,0.0,1,1,0,0.0
306,identity_events,500,rare_event,Fixed projection,95876,89.85120191213535,1,1,0,505.95
306,identity_events,500,rare_event,Head-tail sampling,37761,96.00287074350351,0,0,0,0.481
306,identity_events,500,rare_event,Anomaly sampling,164471,82.59018972100226,1,1,0,322.735
306,identity_events,500,rare_event,Task-aware unverified,1778,99.81179270098644,1,1,0,29.735
306,identity_events,500,rare_event,Pattern-retention guard,164469,82.59040142775032,1,1,0,418.358
306,identity_events,500,rare_event,Invariant-preserving gate,164471,82.59018972100226,1,1,0,428.354
307,identity_events,500,latest_state,Raw,944703,0.0,1,1,0,0.0
307,identity_events,500,latest_state,Fixed projection,95876,89.85120191213535,1,1,0,471.838
307,identity_events,500,latest_state,Head-tail sampling,37761,96.00287074350351,0,0,0,0.961
307,identity_events,500,latest_state,Anomaly sampling,164471,82.59018972100226,0,0,0,323.035
307,identity_events,500,latest_state,Task-aware unverified,173,99.98168736629395,0,0,0,16.695
307,identity_events,500,latest_state,Pattern-retention guard,177714,81.18837348881077,1,1,1,394.612
307,identity_events,500,latest_state,Invariant-preserving gate,822,99.9129885265528,1,1,1,416.666
308,identity_events,500,aggregation,Raw,944703,0.0,1,1,0,0.0
308,identity_events,500,aggregation,Fixed projection,95876,89.85120191213535,0,0,0,477.197
308,identity_events,500,aggregation,Head-tail sampling,37761,96.00287074350351,0,0,0,0.541
308,identity_events,500,aggregation,Anomaly sampling,164471,82.59018972100226,0,0,0,329.505
308,identity_events,500,aggregation,Task-aware unverified,3449,99.63491171299339,1,1,0,73.561
308,identity_events,500,aggregation,Pattern-retention guard,300179,68.22504003903873,1,1,1,414.512
308,identity_events,500,aggregation,Invariant-preserving gate,3445,99.6353351264895,1,1,1,475.494
309,identity_events,500,join,Raw,944703,0.0,1,1,0,0.0
309,identity_events,500,join,Fixed projection,95876,89.85120191213535,0,0,0,453.502
309,identity_events,500,join,Head-tail sampling,37761,96.00287074350351,0,0,0,0.501
309,identity_events,500,join,Anomaly sampling,164471,82.59018972100226,0,0,0,327.012
309,identity_events,500,join,Task-aware unverified,1370,99.85498087758799,1,1,0,28.473
309,identity_events,500,join,Pattern-retention guard,183348,80.5919955795631,1,1,1,377.847
309,identity_events,500,join,Invariant-preserving gate,1366,99.85540429108407,1,1,1,404.358
310,identity_events,500,negative_evidence,Raw,944703,0.0,1,1,0,0.0
310,identity_events,500,negative_evidence,Fixed projection,95876,89.85120191213535,1,1,0,478.989
310,identity_events,500,negative_evidence,Head-tail sampling,37761,96.00287074350351,0,0,0,0.531
310,identity_events,500,negative_evidence,Anomaly sampling,164471,82.59018972100226,0,0,0,359.38
310,identity_events,500,negative_evidence,Task-aware unverified,81,99.99142587670411,0,0,0,0.501
310,identity_events,500,negative_evidence,Pattern-retention guard,172104,81.78221091708188,1,1,1,374.222
310,identity_events,500,negative_evidence,Invariant-preserving gate,355,99.9624220522217,1,1,1,379.45
311,identity_events,500,threshold,Raw,944703,0.0,1,1,0,0.0
311,identity_events,500,threshold,Fixed projection,95876,89.85120191213535,0,0,0,483.496
311,identity_events,500,threshold,Head-tail sampling,37761,96.00287074350351,0,0,0,0.49
311,identity_events,500,threshold,Anomaly sampling,164471,82.59018972100226,1,1,0,316.315
311,identity_events,500,threshold,Task-aware unverified,184,99.9805229791797,1,1,0,18.127
311,identity_events,500,threshold,Pattern-retention guard,319265,66.20472254242868,1,1,1,416.876
311,identity_events,500,threshold,Invariant-preserving gate,164471,82.59018972100226,1,1,0,365.97
312,identity_events,500,provenance,Raw,944703,0.0,1,1,0,0.0
312,identity_events,500,provenance,Fixed projection,95876,89.85120191213535,0,0,0,487.702
312,identity_events,500,provenance,Head-tail sampling,37761,96.00287074350351,0,0,0,0.501
312,identity_events,500,provenance,Anomaly sampling,164471,82.59018972100226,1,1,0,324.667
312,identity_events,500,provenance,Task-aware unverified,3274,99.65343605344749,1,1,0,30.976
312,identity_events,500,provenance,Pattern-retention guard,164469,82.59040142775032,1,1,0,383.847
312,identity_events,500,provenance,Invariant-preserving gate,164471,82.59018972100226,1,1,0,408.754
313,identity_events,500,lookup,Raw,944299,0.0,1,1,0,0.0
313,identity_events,500,lookup,Fixed projection,96018,89.83182233593385,0,0,0,495.955
313,identity_events,500,lookup,Head-tail sampling,37762,96.0010547506669,0,0,0,0.48
313,identity_events,500,lookup,Anomaly sampling,160328,83.02147942547859,1,1,0,341.473
313,identity_events,500,lookup,Task-aware unverified,437,99.95372228499659,1,1,0,16.495
313,identity_events,500,lookup,Pattern-retention guard,160326,83.02169122280125,1,1,0,396.876
313,identity_events,500,lookup,Invariant-preserving gate,160328,83.02147942547859,1,1,0,354.713
314,identity_events,500,rare_event,Raw,944299,0.0,1,1,0,0.0
314,identity_events,500,rare_event,Fixed projection,96018,89.83182233593385,1,1,0,469.475
314,identity_events,500,rare_event,Head-tail sampling,37762,96.0010547506669,0,0,0,0.501
314,identity_events,500,rare_event,Anomaly sampling,160328,83.02147942547859,1,1,0,330.907
314,identity_events,500,rare_event,Task-aware unverified,1244,99.86826206529923,1,1,0,24.407
314,identity_events,500,rare_event,Pattern-retention guard,160326,83.02169122280125,1,1,0,410.757
314,identity_events,500,rare_event,Invariant-preserving gate,160328,83.02147942547859,1,1,0,356.476
315,identity_events,500,latest_state,Raw,944299,0.0,1,1,0,0.0
315,identity_events,500,latest_state,Fixed projection,96018,89.83182233593385,1,1,0,472.901
315,identity_events,500,latest_state,Head-tail sampling,37762,96.0010547506669,0,0,0,0.491
315,identity_events,500,latest_state,Anomaly sampling,160328,83.02147942547859,0,0,0,329.465
315,identity_events,500,latest_state,Task-aware unverified,172,99.98178543025038,0,0,0,16.876
315,identity_events,500,latest_state,Pattern-retention guard,177431,81.2102946206657,1,1,1,384.057
315,identity_events,500,latest_state,Invariant-preserving gate,1195,99.87345109970465,1,1,1,394.062
316,identity_events,500,aggregation,Raw,944299,0.0,1,1,0,0.0
316,identity_events,500,aggregation,Fixed projection,96018,89.83182233593385,0,0,0,482.275
316,identity_events,500,aggregation,Head-tail sampling,37762,96.0010547506669,0,0,0,0.51
316,identity_events,500,aggregation,Anomaly sampling,160328,83.02147942547859,0,0,0,329.805
316,identity_events,500,aggregation,Task-aware unverified,4101,99.56570958986507,1,1,0,91.658
316,identity_events,500,aggregation,Pattern-retention guard,320804,66.02728584907958,1,1,1,405.609
316,identity_events,500,aggregation,Invariant-preserving gate,4097,99.56613318451042,1,1,1,473.271
317,identity_events,500,join,Raw,944299,0.0,1,1,0,0.0
317,identity_events,500,join,Fixed projection,96018,89.83182233593385,0,0,0,468.744
317,identity_events,500,join,Head-tail sampling,37762,96.0010547506669,0,0,0,0.491
317,identity_events,500,join,Anomaly sampling,160328,83.02147942547859,0,0,0,335.524
317,identity_events,500,join,Task-aware unverified,1181,99.87493368096334,1,1,0,27.021
317,identity_events,500,join,Pattern-retention guard,181003,80.83202460237699,1,1,1,380.171
317,identity_events,500,join,Invariant-preserving gate,1177,99.87535727560868,1,1,1,386.591
318,identity_events,500,negative_evidence,Raw,944299,0.0,1,1,0,0.0
318,identity_events,500,negative_evidence,Fixed projection,96018,89.83182233593385,1,1,0,494.513
318,identity_events,500,negative_evidence,Head-tail sampling,37762,96.0010547506669,0,0,0,0.501
318,identity_events,500,negative_evidence,Anomaly sampling,160328,83.02147942547859,0,0,0,312.81
318,identity_events,500,negative_evidence,Task-aware unverified,81,99.99142220843187,0,0,0,0.471
318,identity_events,500,negative_evidence,Pattern-retention guard,162196,82.82366072610476,1,1,1,381.683
318,identity_events,500,negative_evidence,Invariant-preserving gate,199,99.97892616639433,1,1,1,384.898
319,identity_events,500,threshold,Raw,944299,0.0,1,1,0,0.0
319,identity_events,500,threshold,Fixed projection,96018,89.83182233593385,0,0,0,494.162
319,identity_events,500,threshold,Head-tail sampling,37762,96.0010547506669,0,0,0,0.511
319,identity_events,500,threshold,Anomaly sampling,160328,83.02147942547859,1,1,0,372.72
319,identity_events,500,threshold,Task-aware unverified,184,99.98051464631436,1,1,0,19.349
319,identity_events,500,threshold,Pattern-retention guard,316806,66.45066869709699,1,1,1,452.24
319,identity_events,500,threshold,Invariant-preserving gate,160328,83.02147942547859,1,1,0,366.731
320,identity_events,500,provenance,Raw,944299,0.0,1,1,0,0.0
320,identity_events,500,provenance,Fixed projection,96018,89.83182233593385,0,0,0,492.981
320,identity_events,500,provenance,Head-tail sampling,37762,96.0010547506669,0,0,0,0.521
320,identity_events,500,provenance,Anomaly sampling,160328,83.02147942547859,1,1,0,315.524
320,identity_events,500,provenance,Task-aware unverified,2764,99.70729610007,1,1,0,29.845
320,identity_events,500,provenance,Pattern-retention guard,160326,83.02169122280125,1,1,0,370.076
320,identity_events,500,provenance,Invariant-preserving gate,160328,83.02147942547859,1,1,0,359.991
321,cloud_inventory,50,lookup,Raw,95371,0.0,1,1,0,0.0
321,cloud_inventory,50,lookup,Fixed projection,9657,89.87428044164368,0,0,0,47.882
321,cloud_inventory,50,lookup,Head-tail sampling,37856,60.30659215065377,0,0,0,0.5
321,cloud_inventory,50,lookup,Anomaly sampling,35836,62.42463641987606,0,0,0,70.776
321,cloud_inventory,50,lookup,Task-aware unverified,446,99.53235260194398,1,1,0,3.065
321,cloud_inventory,50,lookup,Pattern-retention guard,37684,60.48694047456774,1,1,1,85.048
321,cloud_inventory,50,lookup,Invariant-preserving gate,442,99.53654674901176,1,1,1,80.08
322,cloud_inventory,50,rare_event,Raw,95371,0.0,1,1,0,0.0
322,cloud_inventory,50,rare_event,Fixed projection,9657,89.87428044164368,1,1,0,46.74
322,cloud_inventory,50,rare_event,Head-tail sampling,37856,60.30659215065377,0,0,0,0.461
322,cloud_inventory,50,rare_event,Anomaly sampling,35836,62.42463641987606,1,1,0,65.008
322,cloud_inventory,50,rare_event,Task-aware unverified,352,99.6309150580365,1,1,0,4.166
322,cloud_inventory,50,rare_event,Pattern-retention guard,35834,62.42673349340995,1,1,0,68.172
322,cloud_inventory,50,rare_event,Invariant-preserving gate,35836,62.42463641987606,1,1,0,69.114
323,cloud_inventory,50,latest_state,Raw,95371,0.0,1,1,0,0.0
323,cloud_inventory,50,latest_state,Fixed projection,9657,89.87428044164368,1,1,0,45.629
323,cloud_inventory,50,latest_state,Head-tail sampling,37856,60.30659215065377,0,0,0,0.491
323,cloud_inventory,50,latest_state,Anomaly sampling,35836,62.42463641987606,1,0,0,64.707
323,cloud_inventory,50,latest_state,Task-aware unverified,175,99.81650606578519,0,0,0,3.085
323,cloud_inventory,50,latest_state,Pattern-retention guard,52748,44.691782617357475,1,1,1,73.17
323,cloud_inventory,50,latest_state,Invariant-preserving gate,1187,98.75538685764016,1,1,1,82.253
324,cloud_inventory,50,aggregation,Raw,95371,0.0,1,1,0,0.0
324,cloud_inventory,50,aggregation,Fixed projection,9657,89.87428044164368,0,0,0,44.477
324,cloud_inventory,50,aggregation,Head-tail sampling,37856,60.30659215065377,0,0,0,0.461
324,cloud_inventory,50,aggregation,Anomaly sampling,35836,62.42463641987606,0,0,0,60.23
324,cloud_inventory,50,aggregation,Task-aware unverified,440,99.53864382254564,1,1,0,8.232
324,cloud_inventory,50,aggregation,Pattern-retention guard,45255,52.54846861205188,1,1,1,74.351
324,cloud_inventory,50,aggregation,Invariant-preserving gate,436,99.5428379696134,1,1,1,84.477
325,cloud_inventory,50,join,Raw,95371,0.0,1,1,0,0.0
325,cloud_inventory,50,join,Fixed projection,9657,89.87428044164368,0,0,0,44.447
325,cloud_inventory,50,join,Head-tail sampling,37856,60.30659215065377,0,0,0,0.44
325,cloud_inventory,50,join,Anomaly sampling,35836,62.42463641987606,0,0,0,67.522
325,cloud_inventory,50,join,Task-aware unverified,1374,98.55931048222206,1,1,0,12.81
325,cloud_inventory,50,join,Pattern-retention guard,49020,48.60072768451625,1,1,1,79.249
325,cloud_inventory,50,join,Invariant-preserving gate,1370,98.56350462928982,1,1,1,96.835
326,cloud_inventory,50,negative_evidence,Raw,95371,0.0,1,1,0,0.0
326,cloud_inventory,50,negative_evidence,Fixed projection,9657,89.87428044164368,1,1,0,45.348
326,cloud_inventory,50,negative_evidence,Head-tail sampling,37856,60.30659215065377,0,0,0,0.471
326,cloud_inventory,50,negative_evidence,Anomaly sampling,35836,62.42463641987606,0,0,0,63.586
326,cloud_inventory,50,negative_evidence,Task-aware unverified,81,99.91506852187771,0,0,0,0.461
326,cloud_inventory,50,negative_evidence,Pattern-retention guard,39602,58.475846955573495,1,1,1,68.593
326,cloud_inventory,50,negative_evidence,Invariant-preserving gate,277,99.70955531555714,1,1,1,79.75
327,cloud_inventory,50,threshold,Raw,95371,0.0,1,1,0,0.0
327,cloud_inventory,50,threshold,Fixed projection,9657,89.87428044164368,0,0,0,45.898
327,cloud_inventory,50,threshold,Head-tail sampling,37856,60.30659215065377,0,0,0,0.511
327,cloud_inventory,50,threshold,Anomaly sampling,35836,62.42463641987606,1,1,0,63.235
327,cloud_inventory,50,threshold,Task-aware unverified,184,99.80706923488272,1,1,0,3.055
327,cloud_inventory,50,threshold,Pattern-retention guard,47138,50.5740738799006,1,1,1,70.135
327,cloud_inventory,50,threshold,Invariant-preserving gate,35836,62.42463641987606,1,1,0,66.67
328,cloud_inventory,50,provenance,Raw,95371,0.0,1,1,0,0.0
328,cloud_inventory,50,provenance,Fixed projection,9657,89.87428044164368,0,0,0,46.139
328,cloud_inventory,50,provenance,Head-tail sampling,37856,60.30659215065377,0,0,0,0.45
328,cloud_inventory,50,provenance,Anomaly sampling,35836,62.42463641987606,1,1,0,71.888
328,cloud_inventory,50,provenance,Task-aware unverified,737,99.22722840276394,1,1,0,5.688
328,cloud_inventory,50,provenance,Pattern-retention guard,35834,62.42673349340995,1,1,0,73.611
328,cloud_inventory,50,provenance,Invariant-preserving gate,35836,62.42463641987606,1,1,0,70.797
329,cloud_inventory,50,lookup,Raw,95475,0.0,1,1,0,0.0
329,cloud_inventory,50,lookup,Fixed projection,9710,89.82979837653836,0,0,0,44.738
329,cloud_inventory,50,lookup,Head-tail sampling,37857,60.34878240377062,0,0,0,0.531
329,cloud_inventory,50,lookup,Anomaly sampling,30195,68.37391987431265,1,1,0,62.313
329,cloud_inventory,50,lookup,Task-aware unverified,438,99.541241162608,1,1,0,2.944
329,cloud_inventory,50,lookup,Pattern-retention guard,30193,68.37601466352447,1,1,0,75.604
329,cloud_inventory,50,lookup,Invariant-preserving gate,30195,68.37391987431265,1,1,0,66.249
330,cloud_inventory,50,rare_event,Raw,95475,0.0,1,1,0,0.0
330,cloud_inventory,50,rare_event,Fixed projection,9710,89.82979837653836,1,1,0,45.438
330,cloud_inventory,50,rare_event,Head-tail sampling,37857,60.34878240377062,0,0,0,0.521
330,cloud_inventory,50,rare_event,Anomaly sampling,30195,68.37391987431265,1,1,0,61.272
330,cloud_inventory,50,rare_event,Task-aware unverified,269,99.71825085100812,1,1,0,3.505
330,cloud_inventory,50,rare_event,Pattern-retention guard,30193,68.37601466352447,1,1,0,64.938
330,cloud_inventory,50,rare_event,Invariant-preserving gate,30195,68.37391987431265,1,1,0,66.109
331,cloud_inventory,50,latest_state,Raw,95475,0.0,1,1,0,0.0
331,cloud_inventory,50,latest_state,Fixed projection,9710,89.82979837653836,1,1,0,46.239
331,cloud_inventory,50,latest_state,Head-tail sampling,37857,60.34878240377062,0,0,0,0.481
331,cloud_inventory,50,latest_state,Anomaly sampling,30195,68.37391987431265,0,0,0,63.996
331,cloud_inventory,50,latest_state,Task-aware unverified,174,99.8177533385703,1,0,0,3.005
331,cloud_inventory,50,latest_state,Pattern-retention guard,41473,56.561403508771924,1,1,1,66.9
331,cloud_inventory,50,latest_state,Invariant-preserving gate,634,99.33595181984812,1,1,1,74.152
332,cloud_inventory,50,aggregation,Raw,95475,0.0,1,1,0,0.0
332,cloud_inventory,50,aggregation,Fixed projection,9710,89.82979837653836,0,0,0,44.206
332,cloud_inventory,50,aggregation,Head-tail sampling,37857,60.34878240377062,0,0,0,0.471
332,cloud_inventory,50,aggregation,Anomaly sampling,30195,68.37391987431265,0,0,0,69.003
332,cloud_inventory,50,aggregation,Task-aware unverified,354,99.62922230950511,1,1,0,6.851
332,cloud_inventory,50,aggregation,Pattern-retention guard,39662,58.45823514008903,1,1,1,80.891
332,cloud_inventory,50,aggregation,Invariant-preserving gate,350,99.63341188792879,1,1,1,78.448
333,cloud_inventory,50,join,Raw,95475,0.0,1,1,0,0.0
333,cloud_inventory,50,join,Fixed projection,9710,89.82979837653836,0,0,0,44.337
333,cloud_inventory,50,join,Head-tail sampling,37857,60.34878240377062,0,0,0,0.481
333,cloud_inventory,50,join,Anomaly sampling,30195,68.37391987431265,0,0,0,60.31
333,cloud_inventory,50,join,Task-aware unverified,905,99.05210788164442,1,1,0,9.354
333,cloud_inventory,50,join,Pattern-retention guard,43465,54.47499345378372,1,1,1,77.015
333,cloud_inventory,50,join,Invariant-preserving gate,901,99.05629746006808,1,1,1,97.176
334,cloud_inventory,50,negative_evidence,Raw,95475,0.0,1,1,0,0.0
334,cloud_inventory,50,negative_evidence,Fixed projection,9710,89.82979837653836,1,1,0,44.276
334,cloud_inventory,50,negative_evidence,Head-tail sampling,37857,60.34878240377062,0,0,0,0.521
334,cloud_inventory,50,negative_evidence,Anomaly sampling,30195,68.37391987431265,0,0,0,65.718
334,cloud_inventory,50,negative_evidence,Task-aware unverified,81,99.91516103692067,0,0,0,0.461
334,cloud_inventory,50,negative_evidence,Pattern-retention guard,32061,66.41948153967007,1,1,1,70.285
334,cloud_inventory,50,negative_evidence,Invariant-preserving gate,160,99.83241686305315,1,1,1,80.08
335,cloud_inventory,50,threshold,Raw,95475,0.0,1,1,0,0.0
335,cloud_inventory,50,threshold,Fixed projection,9710,89.82979837653836,0,0,0,46.88
335,cloud_inventory,50,threshold,Head-tail sampling,37857,60.34878240377062,0,0,0,0.481
335,cloud_inventory,50,threshold,Anomaly sampling,30195,68.37391987431265,1,1,0,61.132
335,cloud_inventory,50,threshold,Task-aware unverified,184,99.80727939251113,1,1,0,3.175
335,cloud_inventory,50,threshold,Pattern-retention guard,39653,58.4676616915423,1,1,1,71.938
335,cloud_inventory,50,threshold,Invariant-preserving gate,30195,68.37391987431265,1,1,0,66.109
336,cloud_inventory,50,provenance,Raw,95475,0.0,1,1,0,0.0
336,cloud_inventory,50,provenance,Fixed projection,9710,89.82979837653836,0,0,0,46.951
336,cloud_inventory,50,provenance,Head-tail sampling,37857,60.34878240377062,0,0,0,0.461
336,cloud_inventory,50,provenance,Anomaly sampling,30195,68.37391987431265,1,1,0,59.259
336,cloud_inventory,50,provenance,Task-aware unverified,752,99.21235925634983,1,1,0,5.798
336,cloud_inventory,50,provenance,Pattern-retention guard,30193,68.37601466352447,1,1,0,65.588
336,cloud_inventory,50,provenance,Invariant-preserving gate,30195,68.37391987431265,1,1,0,65.799
337,cloud_inventory,50,lookup,Raw,95304,0.0,1,1,0,0.0
337,cloud_inventory,50,lookup,Fixed projection,9668,89.85561991102158,0,0,0,45.879
337,cloud_inventory,50,lookup,Head-tail sampling,37700,60.44237387727692,0,0,0,0.52
337,cloud_inventory,50,lookup,Anomaly sampling,30212,68.29933685889364,0,0,0,64.016
337,cloud_inventory,50,lookup,Task-aware unverified,452,99.52572819608831,1,1,0,2.895
337,cloud_inventory,50,lookup,Pattern-retention guard,32077,66.34244103080668,1,1,1,65.148
337,cloud_inventory,50,lookup,Invariant-preserving gate,448,99.52992529169813,1,1,1,68.343
338,cloud_inventory,50,rare_event,Raw,95304,0.0,1,1,0,0.0
338,cloud_inventory,50,rare_event,Fixed projection,9668,89.85561991102158,1,1,0,46.57
338,cloud_inventory,50,rare_event,Head-tail sampling,37700,60.44237387727692,0,0,0,0.601
338,cloud_inventory,50,rare_event,Anomaly sampling,30212,68.29933685889364,1,1,0,58.348
338,cloud_inventory,50,rare_event,Task-aware unverified,266,99.72089314194578,1,1,0,3.435
338,cloud_inventory,50,rare_event,Pattern-retention guard,30210,68.30143540669856,1,1,0,64.567
338,cloud_inventory,50,rare_event,Invariant-preserving gate,30212,68.29933685889364,1,1,0,63.756
339,cloud_inventory,50,latest_state,Raw,95304,0.0,1,1,0,0.0
339,cloud_inventory,50,latest_state,Fixed projection,9668,89.85561991102158,1,1,0,44.487
339,cloud_inventory,50,latest_state,Head-tail sampling,37700,60.44237387727692,0,0,0,0.46
339,cloud_inventory,50,latest_state,Anomaly sampling,30212,68.29933685889364,0,0,0,72.318
339,cloud_inventory,50,latest_state,Task-aware unverified,175,99.81637706706958,0,0,0,3.255
339,cloud_inventory,50,latest_state,Pattern-retention guard,39576,58.473936036262906,1,1,1,76.345
339,cloud_inventory,50,latest_state,Invariant-preserving gate,824,99.13539830437338,1,1,1,79.189
340,cloud_inventory,50,aggregation,Raw,95304,0.0,1,1,0,0.0
340,cloud_inventory,50,aggregation,Fixed projection,9668,89.85561991102158,0,0,0,47.421
340,cloud_inventory,50,aggregation,Head-tail sampling,37700,60.44237387727692,0,0,0,0.501
340,cloud_inventory,50,aggregation,Anomaly sampling,30212,68.29933685889364,0,0,0,62.694
340,cloud_inventory,50,aggregation,Task-aware unverified,478,99.49844707462437,1,1,0,8.784
340,cloud_inventory,50,aggregation,Pattern-retention guard,43289,54.57798203643078,1,1,1,67.561
340,cloud_inventory,50,aggregation,Invariant-preserving gate,474,99.5026441702342,1,1,1,73.621
341,cloud_inventory,50,join,Raw,95304,0.0,1,1,0,0.0
341,cloud_inventory,50,join,Fixed projection,9668,89.85561991102158,0,0,0,44.857
341,cloud_inventory,50,join,Head-tail sampling,37700,60.44237387727692,0,0,0,0.47
341,cloud_inventory,50,join,Anomaly sampling,30212,68.29933685889364,0,0,0,60.21
341,cloud_inventory,50,join,Task-aware unverified,1096,98.84999580290439,1,1,0,10.736
341,cloud_inventory,50,join,Pattern-retention guard,43406,54.45521698984304,1,1,1,64.687
341,cloud_inventory,50,join,Invariant-preserving gate,1092,98.85419289851423,1,1,1,83.736
342,cloud_inventory,50,negative_evidence,Raw,95304,0.0,1,1,0,0.0
342,cloud_inventory,50,negative_evidence,Fixed projection,9668,89.85561991102158,1,1,0,46.65
342,cloud_inventory,50,negative_evidence,Head-tail sampling,37700,60.44237387727692,0,0,0,0.48
342,cloud_inventory,50,negative_evidence,Anomaly sampling,30212,68.29933685889364,0,0,0,60.761
342,cloud_inventory,50,negative_evidence,Task-aware unverified,81,99.91500881390078,0,0,0,0.451
342,cloud_inventory,50,negative_evidence,Pattern-retention guard,35883,62.348904558045824,1,1,1,63.765
342,cloud_inventory,50,negative_evidence,Invariant-preserving gate,238,99.75027281121463,1,1,1,68.844
343,cloud_inventory,50,threshold,Raw,95304,0.0,1,1,0,0.0
343,cloud_inventory,50,threshold,Fixed projection,9668,89.85561991102158,0,0,0,45.969
343,cloud_inventory,50,threshold,Head-tail sampling,37700,60.44237387727692,0,0,0,0.45
343,cloud_inventory,50,threshold,Anomaly sampling,30212,68.29933685889364,1,1,0,57.627
343,cloud_inventory,50,threshold,Task-aware unverified,184,99.80693360194746,1,1,0,3.134
343,cloud_inventory,50,threshold,Pattern-retention guard,48974,48.61285990094855,1,1,1,66.77
343,cloud_inventory,50,threshold,Invariant-preserving gate,30212,68.29933685889364,1,1,0,67.411
344,cloud_inventory,50,provenance,Raw,95304,0.0,1,1,0,0.0
344,cloud_inventory,50,provenance,Fixed projection,9668,89.85561991102158,0,0,0,44.446
344,cloud_inventory,50,provenance,Head-tail sampling,37700,60.44237387727692,0,0,0,0.471
344,cloud_inventory,50,provenance,Anomaly sampling,30212,68.29933685889364,1,1,0,58.497
344,cloud_inventory,50,provenance,Task-aware unverified,613,99.35679509779233,1,1,0,4.947
344,cloud_inventory,50,provenance,Pattern-retention guard,30210,68.30143540669856,1,1,0,64.807
344,cloud_inventory,50,provenance,Invariant-preserving gate,30212,68.29933685889364,1,1,0,64.487
345,cloud_inventory,50,lookup,Raw,95432,0.0,1,1,0,0.0
345,cloud_inventory,50,lookup,Fixed projection,9632,89.90694945091792,0,0,0,45.999
345,cloud_inventory,50,lookup,Head-tail sampling,37823,60.366543716992204,0,0,0,0.46
345,cloud_inventory,50,lookup,Anomaly sampling,39716,58.38293234973594,0,0,0,64.728
345,cloud_inventory,50,lookup,Task-aware unverified,443,99.53579512113338,1,1,0,3.034
345,cloud_inventory,50,lookup,Pattern-retention guard,41584,56.4255176460726,1,1,1,70.415
345,cloud_inventory,50,lookup,Invariant-preserving gate,439,99.53998658730823,1,1,1,72.178
346,cloud_inventory,50,rare_event,Raw,95432,0.0,1,1,0,0.0
346,cloud_inventory,50,rare_event,Fixed projection,9632,89.90694945091792,1,1,0,45.999
346,cloud_inventory,50,rare_event,Head-tail sampling,37823,60.366543716992204,0,0,0,0.501
346,cloud_inventory,50,rare_event,Anomaly sampling,39716,58.38293234973594,1,1,0,73.099
346,cloud_inventory,50,rare_event,Task-aware unverified,441,99.5378908542208,1,1,0,5.007
346,cloud_inventory,50,rare_event,Pattern-retention guard,39714,58.385028082823375,1,1,0,76.024
346,cloud_inventory,50,rare_event,Invariant-preserving gate,39716,58.38293234973594,1,1,0,70.476
347,cloud_inventory,50,latest_state,Raw,95432,0.0,1,1,0,0.0
347,cloud_inventory,50,latest_state,Fixed projection,9632,89.90694945091792,1,1,0,44.887
347,cloud_inventory,50,latest_state,Head-tail sampling,37823,60.366543716992204,0,0,0,0.49
347,cloud_inventory,50,latest_state,Anomaly sampling,39716,58.38293234973594,0,0,0,61.452
347,cloud_inventory,50,latest_state,Task-aware unverified,173,99.81871908793696,0,0,0,3.135
347,cloud_inventory,50,latest_state,Pattern-retention guard,49100,48.549752703495685,1,1,1,69.565
347,cloud_inventory,50,latest_state,Invariant-preserving gate,724,99.24134462234889,1,1,1,74.983
348,cloud_inventory,50,aggregation,Raw,95432,0.0,1,1,0,0.0
348,cloud_inventory,50,aggregation,Fixed projection,9632,89.90694945091792,0,0,0,45.869
348,cloud_inventory,50,aggregation,Head-tail sampling,37823,60.366543716992204,0,0,0,0.451
348,cloud_inventory,50,aggregation,Anomaly sampling,39716,58.38293234973594,0,0,0,60.531
348,cloud_inventory,50,aggregation,Task-aware unverified,393,99.58818844831923,1,1,0,7.621
348,cloud_inventory,50,aggregation,Pattern-retention guard,43482,54.436666946097745,1,1,1,70.275
348,cloud_inventory,50,aggregation,Invariant-preserving gate,389,99.59237991449409,1,1,1,78.207
349,cloud_inventory,50,join,Raw,95432,0.0,1,1,0,0.0
349,cloud_inventory,50,join,Fixed projection,9632,89.90694945091792,0,0,0,46.49
349,cloud_inventory,50,join,Head-tail sampling,37823,60.366543716992204,0,0,0,0.491
349,cloud_inventory,50,join,Anomaly sampling,39716,58.38293234973594,0,0,0,63.155
349,cloud_inventory,50,join,Task-aware unverified,811,99.15018023304552,1,1,0,8.402
349,cloud_inventory,50,join,Pattern-retention guard,49124,48.52460390644647,1,1,1,80.401
349,cloud_inventory,50,join,Invariant-preserving gate,807,99.15437169922039,1,1,1,90.356
350,cloud_inventory,50,negative_evidence,Raw,95432,0.0,1,1,0,0.0
350,cloud_inventory,50,negative_evidence,Fixed projection,9632,89.90694945091792,1,1,0,46.23
350,cloud_inventory,50,negative_evidence,Head-tail sampling,37823,60.366543716992204,0,0,0,0.56
350,cloud_inventory,50,negative_evidence,Anomaly sampling,39716,58.38293234973594,0,0,0,68.303
350,cloud_inventory,50,negative_evidence,Task-aware unverified,81,99.91512280995892,0,0,0,0.471
350,cloud_inventory,50,negative_evidence,Pattern-retention guard,41579,56.43075697879119,1,1,1,69.714
350,cloud_inventory,50,negative_evidence,Invariant-preserving gate,238,99.75060776259535,1,1,1,75.153
351,cloud_inventory,50,threshold,Raw,95432,0.0,1,1,0,0.0
351,cloud_inventory,50,threshold,Fixed projection,9632,89.90694945091792,0,0,0,45.278
351,cloud_inventory,50,threshold,Head-tail sampling,37823,60.366543716992204,0,0,0,0.501
351,cloud_inventory,50,threshold,Anomaly sampling,39716,58.38293234973594,1,1,0,62.534
351,cloud_inventory,50,threshold,Task-aware unverified,184,99.80719255595606,1,1,0,2.914
351,cloud_inventory,50,threshold,Pattern-retention guard,45378,52.44991197921033,1,1,1,66.891
351,cloud_inventory,50,threshold,Invariant-preserving gate,39716,58.38293234973594,1,1,0,65.909
352,cloud_inventory,50,provenance,Raw,95432,0.0,1,1,0,0.0
352,cloud_inventory,50,provenance,Fixed projection,9632,89.90694945091792,0,0,0,44.937
352,cloud_inventory,50,provenance,Head-tail sampling,37823,60.366543716992204,0,0,0,0.481
352,cloud_inventory,50,provenance,Anomaly sampling,39716,58.38293234973594,1,1,0,60.291
352,cloud_inventory,50,provenance,Task-aware unverified,479,99.49807192555956,1,1,0,4.176
352,cloud_inventory,50,provenance,Pattern-retention guard,39714,58.385028082823375,1,1,0,68.453
352,cloud_inventory,50,provenance,Invariant-preserving gate,39716,58.38293234973594,1,1,0,66.91
353,cloud_inventory,50,lookup,Raw,95184,0.0,1,1,0,0.0
353,cloud_inventory,50,lookup,Fixed projection,9649,89.86279206589343,0,0,0,44.557
353,cloud_inventory,50,lookup,Head-tail sampling,37856,60.22860985039502,0,0,0,0.501
353,cloud_inventory,50,lookup,Anomaly sampling,30359,68.1049336022861,0,0,0,71.097
353,cloud_inventory,50,lookup,Task-aware unverified,466,99.51042191965035,1,1,0,3.355
353,cloud_inventory,50,lookup,Pattern-retention guard,32254,66.11405278198018,1,1,1,67.822
353,cloud_inventory,50,lookup,Invariant-preserving gate,462,99.51462430660615,1,1,1,71.978
354,cloud_inventory,50,rare_event,Raw,95184,0.0,1,1,0,0.0
354,cloud_inventory,50,rare_event,Fixed projection,9649,89.86279206589343,1,1,0,46.65
354,cloud_inventory,50,rare_event,Head-tail sampling,37856,60.22860985039502,0,0,0,0.491
354,cloud_inventory,50,rare_event,Anomaly sampling,30359,68.1049336022861,1,1,0,58.989
354,cloud_inventory,50,rare_event,Task-aware unverified,350,99.6322911413683,1,1,0,4.186
354,cloud_inventory,50,rare_event,Pattern-retention guard,30357,68.107034795764,1,1,0,64.206
354,cloud_inventory,50,rare_event,Invariant-preserving gate,30359,68.1049336022861,1,1,0,64.057
355,cloud_inventory,50,latest_state,Raw,95184,0.0,1,1,0,0.0
355,cloud_inventory,50,latest_state,Fixed projection,9649,89.86279206589343,1,1,0,46.57
355,cloud_inventory,50,latest_state,Head-tail sampling,37856,60.22860985039502,0,0,0,0.481
355,cloud_inventory,50,latest_state,Anomaly sampling,30359,68.1049336022861,0,0,0,58.858
355,cloud_inventory,50,latest_state,Task-aware unverified,172,99.81929736090099,0,0,0,3.065
355,cloud_inventory,50,latest_state,Pattern-retention guard,37871,60.21285089931081,1,1,1,65.599
355,cloud_inventory,50,latest_state,Invariant-preserving gate,723,99.2404185577408,1,1,1,70.917
356,cloud_inventory,50,aggregation,Raw,95184,0.0,1,1,0,0.0
356,cloud_inventory,50,aggregation,Fixed projection,9649,89.86279206589343,0,0,0,46.359
356,cloud_inventory,50,aggregation,Head-tail sampling,37856,60.22860985039502,0,0,0,0.471
356,cloud_inventory,50,aggregation,Anomaly sampling,30359,68.1049336022861,0,0,0,58.368
356,cloud_inventory,50,aggregation,Task-aware unverified,434,99.54404101529668,1,1,0,8.262
356,cloud_inventory,50,aggregation,Pattern-retention guard,45414,52.28819969742814,1,1,1,70.116
356,cloud_inventory,50,aggregation,Invariant-preserving gate,430,99.54824340225248,1,1,1,90.326
357,cloud_inventory,50,join,Raw,95184,0.0,1,1,0,0.0
357,cloud_inventory,50,join,Fixed projection,9649,89.86279206589343,0,0,0,45.999
357,cloud_inventory,50,join,Head-tail sampling,37856,60.22860985039502,0,0,0,0.49
357,cloud_inventory,50,join,Anomaly sampling,30359,68.1049336022861,0,0,0,62.383
357,cloud_inventory,50,join,Task-aware unverified,540,99.43267776096822,1,1,0,6.7
357,cloud_inventory,50,join,Pattern-retention guard,37839,60.24646999495713,1,1,1,66.59
357,cloud_inventory,50,join,Invariant-preserving gate,536,99.43688014792403,1,1,1,78.338
358,cloud_inventory,50,negative_evidence,Raw,95184,0.0,1,1,0,0.0
358,cloud_inventory,50,negative_evidence,Fixed projection,9649,89.86279206589343,1,1,0,45.298
358,cloud_inventory,50,negative_evidence,Head-tail sampling,37856,60.22860985039502,0,0,0,0.501
358,cloud_inventory,50,negative_evidence,Anomaly sampling,30359,68.1049336022861,0,0,0,57.306
358,cloud_inventory,50,negative_evidence,Task-aware unverified,81,99.91490166414523,0,0,0,0.461
358,cloud_inventory,50,negative_evidence,Pattern-retention guard,37852,60.23281223735082,1,1,1,70.025
358,cloud_inventory,50,negative_evidence,Invariant-preserving gate,275,99.71108589678937,1,1,1,75.694
359,cloud_inventory,50,threshold,Raw,95184,0.0,1,1,0,0.0
359,cloud_inventory,50,threshold,Fixed projection,9649,89.86279206589343,0,0,0,44.617
359,cloud_inventory,50,threshold,Head-tail sampling,37856,60.22860985039502,0,0,0,0.511
359,cloud_inventory,50,threshold,Anomaly sampling,30359,68.1049336022861,1,1,0,58.878
359,cloud_inventory,50,threshold,Task-aware unverified,184,99.80669020003361,1,1,0,3.135
359,cloud_inventory,50,threshold,Pattern-retention guard,49083,48.433560262228944,1,1,1,71.066
359,cloud_inventory,50,threshold,Invariant-preserving gate,30359,68.1049336022861,1,1,0,64.167
360,cloud_inventory,50,provenance,Raw,95184,0.0,1,1,0,0.0
360,cloud_inventory,50,provenance,Fixed projection,9649,89.86279206589343,0,0,0,46.309
360,cloud_inventory,50,provenance,Head-tail sampling,37856,60.22860985039502,0,0,0,0.481
360,cloud_inventory,50,provenance,Anomaly sampling,30359,68.1049336022861,1,1,0,58.809
360,cloud_inventory,50,provenance,Task-aware unverified,216,99.77307110438728,1,1,0,2.714
360,cloud_inventory,50,provenance,Pattern-retention guard,30357,68.107034795764,1,1,0,63.305
360,cloud_inventory,50,provenance,Invariant-preserving gate,30359,68.1049336022861,1,1,0,64.998
361,cloud_inventory,100,lookup,Raw,189750,0.0,1,1,0,0.0
361,cloud_inventory,100,lookup,Fixed projection,19276,89.84137022397893,0,0,0,89.975
361,cloud_inventory,100,lookup,Head-tail sampling,37816,80.07061923583663,0,0,0,0.551
361,cloud_inventory,100,lookup,Anomaly sampling,52890,72.12648221343873,0,0,0,101.312
361,cloud_inventory,100,lookup,Task-aware unverified,442,99.76706192358367,1,1,0,4.787
361,cloud_inventory,100,lookup,Pattern-retention guard,54767,71.1372859025033,1,1,1,107.452
361,cloud_inventory,100,lookup,Invariant-preserving gate,438,99.76916996047431,1,1,1,100.471
362,cloud_inventory,100,rare_event,Raw,189750,0.0,1,1,0,0.0
362,cloud_inventory,100,rare_event,Fixed projection,19276,89.84137022397893,1,1,0,91.046
362,cloud_inventory,100,rare_event,Head-tail sampling,37816,80.07061923583663,0,0,0,0.51
362,cloud_inventory,100,rare_event,Anomaly sampling,52890,72.12648221343873,1,1,0,90.195
362,cloud_inventory,100,rare_event,Task-aware unverified,540,99.71541501976284,1,1,0,6.98
362,cloud_inventory,100,rare_event,Pattern-retention guard,52888,72.12753623188406,1,1,0,103.456
362,cloud_inventory,100,rare_event,Invariant-preserving gate,52890,72.12648221343873,1,1,0,96.425
363,cloud_inventory,100,latest_state,Raw,189750,0.0,1,1,0,0.0
363,cloud_inventory,100,latest_state,Fixed projection,19276,89.84137022397893,1,1,0,92.299
363,cloud_inventory,100,latest_state,Head-tail sampling,37816,80.07061923583663,0,0,0,0.481
363,cloud_inventory,100,latest_state,Anomaly sampling,52890,72.12648221343873,0,0,0,89.434
363,cloud_inventory,100,latest_state,Task-aware unverified,173,99.90882740447958,0,0,0,4.737
363,cloud_inventory,100,latest_state,Pattern-retention guard,64150,66.1923583662714,1,1,1,102.263
363,cloud_inventory,100,latest_state,Invariant-preserving gate,1006,99.46982872200265,1,1,1,142.124
364,cloud_inventory,100,aggregation,Raw,189750,0.0,1,1,0,0.0
364,cloud_inventory,100,aggregation,Fixed projection,19276,89.84137022397893,0,0,0,92.529
364,cloud_inventory,100,aggregation,Head-tail sampling,37816,80.07061923583663,0,0,0,0.511
364,cloud_inventory,100,aggregation,Anomaly sampling,52890,72.12648221343873,0,0,0,94.682
364,cloud_inventory,100,aggregation,Task-aware unverified,630,99.66798418972333,1,1,0,13.32
364,cloud_inventory,100,aggregation,Pattern-retention guard,71874,62.12173913043478,1,1,1,108.453
364,cloud_inventory,100,aggregation,Invariant-preserving gate,626,99.67009222661397,1,1,1,117.146
365,cloud_inventory,100,join,Raw,189750,0.0,1,1,0,0.0
365,cloud_inventory,100,join,Fixed projection,19276,89.84137022397893,0,0,0,91.978
365,cloud_inventory,100,join,Head-tail sampling,37816,80.07061923583663,0,0,0,0.501
365,cloud_inventory,100,join,Anomaly sampling,52890,72.12648221343873,0,0,0,86.13
365,cloud_inventory,100,join,Task-aware unverified,1281,99.32490118577076,1,1,0,13.771
365,cloud_inventory,100,join,Pattern-retention guard,69837,63.195256916996044,1,1,1,115.874
365,cloud_inventory,100,join,Invariant-preserving gate,1277,99.3270092226614,1,1,1,136.946
366,cloud_inventory,100,negative_evidence,Raw,189750,0.0,1,1,0,0.0
366,cloud_inventory,100,negative_evidence,Fixed projection,19276,89.84137022397893,1,1,0,92.75
366,cloud_inventory,100,negative_evidence,Head-tail sampling,37816,80.07061923583663,0,0,0,0.591
366,cloud_inventory,100,negative_evidence,Anomaly sampling,52890,72.12648221343873,0,0,0,101.663
366,cloud_inventory,100,negative_evidence,Task-aware unverified,81,99.95731225296443,0,0,0,0.511
366,cloud_inventory,100,negative_evidence,Pattern-retention guard,64198,66.16706192358366,1,1,1,103.335
366,cloud_inventory,100,negative_evidence,Invariant-preserving gate,359,99.81080368906456,1,1,1,112.169
367,cloud_inventory,100,threshold,Raw,189750,0.0,1,1,0,0.0
367,cloud_inventory,100,threshold,Fixed projection,19276,89.84137022397893,0,0,0,93.2
367,cloud_inventory,100,threshold,Head-tail sampling,37816,80.07061923583663,0,0,0,0.461
367,cloud_inventory,100,threshold,Anomaly sampling,52890,72.12648221343873,1,1,0,87.932
367,cloud_inventory,100,threshold,Task-aware unverified,184,99.9030303030303,1,1,0,5.078
367,cloud_inventory,100,threshold,Pattern-retention guard,88607,53.30329380764163,1,1,1,100.461
367,cloud_inventory,100,threshold,Invariant-preserving gate,52890,72.12648221343873,1,1,0,96.375
368,cloud_inventory,100,provenance,Raw,189750,0.0,1,1,0,0.0
368,cloud_inventory,100,provenance,Fixed projection,19276,89.84137022397893,0,0,0,96.345
368,cloud_inventory,100,provenance,Head-tail sampling,37816,80.07061923583663,0,0,0,0.471
368,cloud_inventory,100,provenance,Anomaly sampling,52890,72.12648221343873,1,1,0,87.952
368,cloud_inventory,100,provenance,Task-aware unverified,751,99.60421607378129,1,1,0,7.271
368,cloud_inventory,100,provenance,Pattern-retention guard,52888,72.12753623188406,1,1,0,98.538
368,cloud_inventory,100,provenance,Invariant-preserving gate,52890,72.12648221343873,1,1,0,97.366
369,cloud_inventory,100,lookup,Raw,189540,0.0,1,1,0,0.0
369,cloud_inventory,100,lookup,Fixed projection,19229,89.85491189194893,0,0,0,92.108
369,cloud_inventory,100,lookup,Head-tail sampling,37915,79.99630684815871,0,0,0,0.521
369,cloud_inventory,100,lookup,Anomaly sampling,43594,77.00010551862404,0,0,0,99.099
369,cloud_inventory,100,lookup,Task-aware unverified,452,99.76152790967606,1,1,0,4.546
369,cloud_inventory,100,lookup,Pattern-retention guard,45470,76.01034082515564,1,1,1,101.593
369,cloud_inventory,100,lookup,Invariant-preserving gate,448,99.76363828215679,1,1,1,110.025
370,cloud_inventory,100,rare_event,Raw,189540,0.0,1,1,0,0.0
370,cloud_inventory,100,rare_event,Fixed projection,19229,89.85491189194893,1,1,0,93.18
370,cloud_inventory,100,rare_event,Head-tail sampling,37915,79.99630684815871,0,0,0,0.491
370,cloud_inventory,100,rare_event,Anomaly sampling,43594,77.00010551862404,1,1,0,89.976
370,cloud_inventory,100,rare_event,Task-aware unverified,358,99.8111216629735,1,1,0,5.569
370,cloud_inventory,100,rare_event,Pattern-retention guard,43592,77.0011607048644,1,1,0,114.001
370,cloud_inventory,100,rare_event,Invariant-preserving gate,43594,77.00010551862404,1,1,0,98.307
371,cloud_inventory,100,latest_state,Raw,189540,0.0,1,1,0,0.0
371,cloud_inventory,100,latest_state,Fixed projection,19229,89.85491189194893,1,1,0,93.019
371,cloud_inventory,100,latest_state,Head-tail sampling,37915,79.99630684815871,0,0,0,0.52
371,cloud_inventory,100,latest_state,Anomaly sampling,43594,77.00010551862404,0,0,0,95.674
371,cloud_inventory,100,latest_state,Task-aware unverified,172,99.90925398332806,0,0,0,4.557
371,cloud_inventory,100,latest_state,Pattern-retention guard,54852,71.06046217157329,1,1,1,103.365
371,cloud_inventory,100,latest_state,Invariant-preserving gate,911,99.51936266751082,1,1,1,112.069
372,cloud_inventory,100,aggregation,Raw,189540,0.0,1,1,0,0.0
372,cloud_inventory,100,aggregation,Fixed projection,19229,89.85491189194893,0,0,0,94.342
372,cloud_inventory,100,aggregation,Head-tail sampling,37915,79.99630684815871,0,0,0,0.481
372,cloud_inventory,100,aggregation,Anomaly sampling,43594,77.00010551862404,0,0,0,92.208
372,cloud_inventory,100,aggregation,Task-aware unverified,523,99.72406879814287,1,1,0,11.086
372,cloud_inventory,100,aggregation,Pattern-retention guard,62308,67.1267278674686,1,1,1,109.835
372,cloud_inventory,100,aggregation,Invariant-preserving gate,519,99.72617917062362,1,1,1,114.091
373,cloud_inventory,100,join,Raw,189540,0.0,1,1,0,0.0
373,cloud_inventory,100,join,Fixed projection,19229,89.85491189194893,0,0,0,92.258
373,cloud_inventory,100,join,Head-tail sampling,37915,79.99630684815871,0,0,0,0.52
373,cloud_inventory,100,join,Anomaly sampling,43594,77.00010551862404,0,0,0,98.027
373,cloud_inventory,100,join,Task-aware unverified,1463,99.2281312651683,1,1,0,16.675
373,cloud_inventory,100,join,Pattern-retention guard,69951,63.09433364988921,1,1,1,103.365
373,cloud_inventory,100,join,Invariant-preserving gate,1459,99.23024163764904,1,1,1,139.139
374,cloud_inventory,100,negative_evidence,Raw,189540,0.0,1,1,0,0.0
374,cloud_inventory,100,negative_evidence,Fixed projection,19229,89.85491189194893,1,1,0,90.856
374,cloud_inventory,100,negative_evidence,Head-tail sampling,37915,79.99630684815871,0,0,0,0.47
374,cloud_inventory,100,negative_evidence,Anomaly sampling,43594,77.00010551862404,0,0,0,86.41
374,cloud_inventory,100,negative_evidence,Task-aware unverified,81,99.95726495726495,0,0,0,0.461
374,cloud_inventory,100,negative_evidence,Pattern-retention guard,54918,71.02564102564102,1,1,1,101.292
374,cloud_inventory,100,negative_evidence,Invariant-preserving gate,349,99.81587000105519,1,1,1,112.629
375,cloud_inventory,100,threshold,Raw,189540,0.0,1,1,0,0.0
375,cloud_inventory,100,threshold,Fixed projection,19229,89.85491189194893,0,0,0,89.504
375,cloud_inventory,100,threshold,Head-tail sampling,37915,79.99630684815871,0,0,0,0.531
375,cloud_inventory,100,threshold,Anomaly sampling,43594,77.00010551862404,1,1,0,96.224
375,cloud_inventory,100,threshold,Task-aware unverified,184,99.90292286588583,1,1,0,4.787
375,cloud_inventory,100,threshold,Pattern-retention guard,70011,63.06267806267807,1,1,1,102.804
375,cloud_inventory,100,threshold,Invariant-preserving gate,43594,77.00010551862404,1,1,0,111.528
376,cloud_inventory,100,provenance,Raw,189540,0.0,1,1,0,0.0
376,cloud_inventory,100,provenance,Fixed projection,19229,89.85491189194893,0,0,0,93.43
376,cloud_inventory,100,provenance,Head-tail sampling,37915,79.99630684815871,0,0,0,0.491
376,cloud_inventory,100,provenance,Anomaly sampling,43594,77.00010551862404,1,1,0,87.161
376,cloud_inventory,100,provenance,Task-aware unverified,758,99.60008441489923,1,1,0,7.091
376,cloud_inventory,100,provenance,Pattern-retention guard,43592,77.0011607048644,1,1,0,99.88
376,cloud_inventory,100,provenance,Invariant-preserving gate,43594,77.00010551862404,1,1,0,97.527
377,cloud_inventory,100,lookup,Raw,189291,0.0,1,1,0,0.0
377,cloud_inventory,100,lookup,Fixed projection,19225,89.84367983686494,0,0,0,91.217
377,cloud_inventory,100,lookup,Head-tail sampling,37510,80.18394958027586,0,0,0,0.53
377,cloud_inventory,100,lookup,Anomaly sampling,41476,78.08876280435942,1,1,0,99.129
377,cloud_inventory,100,lookup,Task-aware unverified,439,99.76808194790033,1,1,0,4.567
377,cloud_inventory,100,lookup,Pattern-retention guard,41474,78.08981937862866,1,1,0,101.282
377,cloud_inventory,100,lookup,Invariant-preserving gate,41476,78.08876280435942,1,1,0,98.878
378,cloud_inventory,100,rare_event,Raw,189291,0.0,1,1,0,0.0
378,cloud_inventory,100,rare_event,Fixed projection,19225,89.84367983686494,1,1,0,90.827
378,cloud_inventory,100,rare_event,Head-tail sampling,37510,80.18394958027586,0,0,0,0.451
378,cloud_inventory,100,rare_event,Anomaly sampling,41476,78.08876280435942,1,1,0,91.448
378,cloud_inventory,100,rare_event,Task-aware unverified,434,99.77072338357344,1,1,0,6.42
378,cloud_inventory,100,rare_event,Pattern-retention guard,41474,78.08981937862866,1,1,0,99.97
378,cloud_inventory,100,rare_event,Invariant-preserving gate,41476,78.08876280435942,1,1,0,108.333
379,cloud_inventory,100,latest_state,Raw,189291,0.0,1,1,0,0.0
379,cloud_inventory,100,latest_state,Fixed projection,19225,89.84367983686494,1,1,0,91.437
379,cloud_inventory,100,latest_state,Head-tail sampling,37510,80.18394958027586,0,0,0,0.511
379,cloud_inventory,100,latest_state,Anomaly sampling,41476,78.08876280435942,0,0,0,92.849
379,cloud_inventory,100,latest_state,Task-aware unverified,174,99.90807803857552,0,0,0,4.737
379,cloud_inventory,100,latest_state,Pattern-retention guard,50891,73.11493943188,1,1,1,101.152
379,cloud_inventory,100,latest_state,Invariant-preserving gate,639,99.66242452097565,1,1,1,111.057
380,cloud_inventory,100,aggregation,Raw,189291,0.0,1,1,0,0.0
380,cloud_inventory,100,aggregation,Fixed projection,19225,89.84367983686494,0,0,0,93.07
380,cloud_inventory,100,aggregation,Head-tail sampling,37510,80.18394958027586,0,0,0,0.48
380,cloud_inventory,100,aggregation,Anomaly sampling,41476,78.08876280435942,0,0,0,91.938
380,cloud_inventory,100,aggregation,Task-aware unverified,827,99.56310653966644,1,1,0,17.146
380,cloud_inventory,100,aggregation,Pattern-retention guard,67725,64.22175380762953,1,1,1,110.286
380,cloud_inventory,100,aggregation,Invariant-preserving gate,823,99.56521968820493,1,1,1,118.247
381,cloud_inventory,100,join,Raw,189291,0.0,1,1,0,0.0
381,cloud_inventory,100,join,Fixed projection,19225,89.84367983686494,0,0,0,90.375
381,cloud_inventory,100,join,Head-tail sampling,37510,80.18394958027586,0,0,0,0.501
381,cloud_inventory,100,join,Anomaly sampling,41476,78.08876280435942,0,0,0,178.678
381,cloud_inventory,100,join,Task-aware unverified,1279,99.32432075481665,1,1,0,19.95
381,cloud_inventory,100,join,Pattern-retention guard,60261,68.16488898045866,1,1,1,109.364
381,cloud_inventory,100,join,Invariant-preserving gate,1275,99.32643390335515,1,1,1,136.355
382,cloud_inventory,100,negative_evidence,Raw,189291,0.0,1,1,0,0.0
382,cloud_inventory,100,negative_evidence,Fixed projection,19225,89.84367983686494,1,1,0,93.09
382,cloud_inventory,100,negative_evidence,Head-tail sampling,37510,80.18394958027586,0,0,0,0.491
382,cloud_inventory,100,negative_evidence,Anomaly sampling,41476,78.08876280435942,0,0,0,103.306
382,cloud_inventory,100,negative_evidence,Task-aware unverified,81,99.9572087420955,0,0,0,0.46
382,cloud_inventory,100,negative_evidence,Pattern-retention guard,49013,74.10706267070277,1,1,1,111.427
382,cloud_inventory,100,negative_evidence,Invariant-preserving gate,274,99.85524932511318,1,1,1,127.872
383,cloud_inventory,100,threshold,Raw,189291,0.0,1,1,0,0.0
383,cloud_inventory,100,threshold,Fixed projection,19225,89.84367983686494,0,0,0,90.115
383,cloud_inventory,100,threshold,Head-tail sampling,37510,80.18394958027586,0,0,0,0.5
383,cloud_inventory,100,threshold,Anomaly sampling,41476,78.08876280435942,1,1,0,105.088
383,cloud_inventory,100,threshold,Task-aware unverified,184,99.9027951672293,1,1,0,4.707
383,cloud_inventory,100,threshold,Pattern-retention guard,69664,63.19740505359472,1,1,1,111.858
383,cloud_inventory,100,threshold,Invariant-preserving gate,41476,78.08876280435942,1,1,0,98.377
384,cloud_inventory,100,provenance,Raw,189291,0.0,1,1,0,0.0
384,cloud_inventory,100,provenance,Fixed projection,19225,89.84367983686494,0,0,0,90.676
384,cloud_inventory,100,provenance,Head-tail sampling,37510,80.18394958027586,0,0,0,0.491
384,cloud_inventory,100,provenance,Anomaly sampling,41476,78.08876280435942,1,1,0,97.286
384,cloud_inventory,100,provenance,Task-aware unverified,745,99.60642608470556,1,1,0,7.17
384,cloud_inventory,100,provenance,Pattern-retention guard,41474,78.08981937862866,1,1,0,101.602
384,cloud_inventory,100,provenance,Invariant-preserving gate,41476,78.08876280435942,1,1,0,103.105
385,cloud_inventory,100,lookup,Raw,189738,0.0,1,1,0,0.0
385,cloud_inventory,100,lookup,Fixed projection,19298,89.8291328041826,0,0,0,93.1
385,cloud_inventory,100,lookup,Head-tail sampling,37591,80.18794337454807,0,0,0,0.521
385,cloud_inventory,100,lookup,Anomaly sampling,39679,79.08747852301595,0,0,0,98.117
385,cloud_inventory,100,lookup,Task-aware unverified,446,99.76493902117657,1,1,0,4.647
385,cloud_inventory,100,lookup,Pattern-retention guard,41558,78.09716556514773,1,1,1,102.974
385,cloud_inventory,100,lookup,Invariant-preserving gate,442,99.76704719139023,1,1,1,99.429
386,cloud_inventory,100,rare_event,Raw,189738,0.0,1,1,0,0.0
386,cloud_inventory,100,rare_event,Fixed projection,19298,89.8291328041826,1,1,0,95.393
386,cloud_inventory,100,rare_event,Head-tail sampling,37591,80.18794337454807,0,0,0,0.47
386,cloud_inventory,100,rare_event,Anomaly sampling,39679,79.08747852301595,1,1,0,90.336
386,cloud_inventory,100,rare_event,Task-aware unverified,518,99.72699195733064,1,1,0,7.401
386,cloud_inventory,100,rare_event,Pattern-retention guard,39677,79.08853260812279,1,1,0,105.067
386,cloud_inventory,100,rare_event,Invariant-preserving gate,39679,79.08747852301595,1,1,0,98.818
387,cloud_inventory,100,latest_state,Raw,189738,0.0,1,1,0,0.0
387,cloud_inventory,100,latest_state,Fixed projection,19298,89.8291328041826,1,1,0,93.38
387,cloud_inventory,100,latest_state,Head-tail sampling,37591,80.18794337454807,0,0,0,0.481
387,cloud_inventory,100,latest_state,Anomaly sampling,39679,79.08747852301595,0,0,0,91.747
387,cloud_inventory,100,latest_state,Task-aware unverified,172,99.9093486808125,0,0,0,4.577
387,cloud_inventory,100,latest_state,Pattern-retention guard,50979,73.13189766941784,1,1,1,102.444
387,cloud_inventory,100,latest_state,Invariant-preserving gate,726,99.61736710622016,1,1,1,112.589
388,cloud_inventory,100,aggregation,Raw,189738,0.0,1,1,0,0.0
388,cloud_inventory,100,aggregation,Fixed projection,19298,89.8291328041826,0,0,0,93.801
388,cloud_inventory,100,aggregation,Head-tail sampling,37591,80.18794337454807,0,0,0,0.48
388,cloud_inventory,100,aggregation,Anomaly sampling,39679,79.08747852301595,0,0,0,90.926
388,cloud_inventory,100,aggregation,Task-aware unverified,765,99.59681244663695,1,1,0,15.333
388,cloud_inventory,100,aggregation,Pattern-retention guard,67855,64.23752753797342,1,1,1,102.534
388,cloud_inventory,100,aggregation,Invariant-preserving gate,761,99.5989206168506,1,1,1,118.688
389,cloud_inventory,100,join,Raw,189738,0.0,1,1,0,0.0
389,cloud_inventory,100,join,Fixed projection,19298,89.8291328041826,0,0,0,91.788
389,cloud_inventory,100,join,Head-tail sampling,37591,80.18794337454807,0,0,0,0.461
389,cloud_inventory,100,join,Anomaly sampling,39679,79.08747852301595,0,0,0,90.666
389,cloud_inventory,100,join,Task-aware unverified,1097,99.42183431890291,1,1,0,12.539
389,cloud_inventory,100,join,Pattern-retention guard,54713,71.16392077496336,1,1,1,102.154
389,cloud_inventory,100,join,Invariant-preserving gate,1093,99.42394248911657,1,1,1,125.759
390,cloud_inventory,100,negative_evidence,Raw,189738,0.0,1,1,0,0.0
390,cloud_inventory,100,negative_evidence,Fixed projection,19298,89.8291328041826,1,1,0,93.28
390,cloud_inventory,100,negative_evidence,Head-tail sampling,37591,80.18794337454807,0,0,0,0.481
390,cloud_inventory,100,negative_evidence,Anomaly sampling,39679,79.08747852301595,0,0,0,93.46
390,cloud_inventory,100,negative_evidence,Task-aware unverified,81,99.95730955317332,0,0,0,0.47
390,cloud_inventory,100,negative_evidence,Pattern-retention guard,49079,74.13327852090778,1,1,1,114.773
390,cloud_inventory,100,negative_evidence,Invariant-preserving gate,322,99.83029229780013,1,1,1,116.736
391,cloud_inventory,100,threshold,Raw,189738,0.0,1,1,0,0.0
391,cloud_inventory,100,threshold,Fixed projection,19298,89.8291328041826,0,0,0,94.672
391,cloud_inventory,100,threshold,Head-tail sampling,37591,80.18794337454807,0,0,0,0.481
391,cloud_inventory,100,threshold,Anomaly sampling,39679,79.08747852301595,1,1,0,98.327
391,cloud_inventory,100,threshold,Task-aware unverified,184,99.90302417017149,1,1,0,4.997
391,cloud_inventory,100,threshold,Pattern-retention guard,73771,61.11954379196576,1,1,1,113.921
391,cloud_inventory,100,threshold,Invariant-preserving gate,39679,79.08747852301595,1,1,0,98.979
392,cloud_inventory,100,provenance,Raw,189738,0.0,1,1,0,0.0
392,cloud_inventory,100,provenance,Fixed projection,19298,89.8291328041826,0,0,0,90.666
392,cloud_inventory,100,provenance,Head-tail sampling,37591,80.18794337454807,0,0,0,0.46
392,cloud_inventory,100,provenance,Anomaly sampling,39679,79.08747852301595,1,1,0,109.294
392,cloud_inventory,100,provenance,Task-aware unverified,888,99.5319862125668,1,1,0,8.002
392,cloud_inventory,100,provenance,Pattern-retention guard,39677,79.08853260812279,1,1,0,112.018
392,cloud_inventory,100,provenance,Invariant-preserving gate,39679,79.08747852301595,1,1,0,108.092
393,cloud_inventory,100,lookup,Raw,189782,0.0,1,1,0,0.0
393,cloud_inventory,100,lookup,Fixed projection,19359,89.7993487264335,0,0,0,92.869
393,cloud_inventory,100,lookup,Head-tail sampling,37762,80.10243331822828,0,0,0,0.551
393,cloud_inventory,100,lookup,Anomaly sampling,43556,77.04945674510755,0,0,0,87.532
393,cloud_inventory,100,lookup,Task-aware unverified,449,99.76341275779579,1,1,0,4.667
393,cloud_inventory,100,lookup,Pattern-retention guard,45463,76.04461961619121,1,1,1,95.063
393,cloud_inventory,100,lookup,Invariant-preserving gate,445,99.76552043924082,1,1,1,94.813
394,cloud_inventory,100,rare_event,Raw,189782,0.0,1,1,0,0.0
394,cloud_inventory,100,rare_event,Fixed projection,19359,89.7993487264335,1,1,0,90.987
394,cloud_inventory,100,rare_event,Head-tail sampling,37762,80.10243331822828,0,0,0,0.551
394,cloud_inventory,100,rare_event,Anomaly sampling,43556,77.04945674510755,1,1,0,86.07
394,cloud_inventory,100,rare_event,Task-aware unverified,441,99.76762812068584,1,1,0,6.43
394,cloud_inventory,100,rare_event,Pattern-retention guard,43554,77.05051058583005,1,1,0,98.338
394,cloud_inventory,100,rare_event,Invariant-preserving gate,43556,77.04945674510755,1,1,0,94.752
395,cloud_inventory,100,latest_state,Raw,189782,0.0,1,1,0,0.0
395,cloud_inventory,100,latest_state,Fixed projection,19359,89.7993487264335,1,1,0,91.647
395,cloud_inventory,100,latest_state,Head-tail sampling,37762,80.10243331822828,0,0,0,0.752
395,cloud_inventory,100,latest_state,Anomaly sampling,43556,77.04945674510755,0,0,0,84.196
395,cloud_inventory,100,latest_state,Task-aware unverified,174,99.90831585714135,1,0,0,4.587
395,cloud_inventory,100,latest_state,Pattern-retention guard,54778,71.13635645108599,1,1,1,94.271
395,cloud_inventory,100,latest_state,Invariant-preserving gate,729,99.61587505664394,1,1,1,102.023
396,cloud_inventory,100,aggregation,Raw,189782,0.0,1,1,0,0.0
396,cloud_inventory,100,aggregation,Fixed projection,19359,89.7993487264335,0,0,0,89.855
396,cloud_inventory,100,aggregation,Head-tail sampling,37762,80.10243331822828,0,0,0,0.49
396,cloud_inventory,100,aggregation,Anomaly sampling,43556,77.04945674510755,0,0,0,81.092
396,cloud_inventory,100,aggregation,Task-aware unverified,588,99.69017082758111,1,1,0,12.399
396,cloud_inventory,100,aggregation,Pattern-retention guard,60545,68.09760672771917,1,1,1,92.85
396,cloud_inventory,100,aggregation,Invariant-preserving gate,584,99.69227850902614,1,1,1,106.119
397,cloud_inventory,100,join,Raw,189782,0.0,1,1,0,0.0
397,cloud_inventory,100,join,Fixed projection,19359,89.7993487264335,0,0,0,90.115
397,cloud_inventory,100,join,Head-tail sampling,37762,80.10243331822828,0,0,0,0.511
397,cloud_inventory,100,join,Anomaly sampling,43556,77.04945674510755,0,0,0,81.162
397,cloud_inventory,100,join,Task-aware unverified,816,99.57003298521462,1,1,0,10.105
397,cloud_inventory,100,join,Pattern-retention guard,56811,70.06512735665132,1,1,1,92.139
397,cloud_inventory,100,join,Invariant-preserving gate,812,99.57214066665964,1,1,1,115.153
398,cloud_inventory,100,negative_evidence,Raw,189782,0.0,1,1,0,0.0
398,cloud_inventory,100,negative_evidence,Fixed projection,19359,89.7993487264335,1,1,0,97.346
398,cloud_inventory,100,negative_evidence,Head-tail sampling,37762,80.10243331822828,0,0,0,0.501
398,cloud_inventory,100,negative_evidence,Anomaly sampling,43556,77.04945674510755,0,0,0,84.898
398,cloud_inventory,100,negative_evidence,Task-aware unverified,81,99.95731945073821,0,0,0,0.481
398,cloud_inventory,100,negative_evidence,Pattern-retention guard,47349,75.05084781486127,1,1,1,95.874
398,cloud_inventory,100,negative_evidence,Invariant-preserving gate,272,99.8566776617382,1,1,1,102.665
399,cloud_inventory,100,threshold,Raw,189782,0.0,1,1,0,0.0
399,cloud_inventory,100,threshold,Fixed projection,19359,89.7993487264335,0,0,0,92.289
399,cloud_inventory,100,threshold,Head-tail sampling,37762,80.10243331822828,0,0,0,0.511
399,cloud_inventory,100,threshold,Anomaly sampling,43556,77.04945674510755,1,1,0,88.874
399,cloud_inventory,100,threshold,Task-aware unverified,184,99.90304665352878,1,1,0,4.928
399,cloud_inventory,100,threshold,Pattern-retention guard,66231,65.10153755361414,1,1,1,96.675
399,cloud_inventory,100,threshold,Invariant-preserving gate,43556,77.04945674510755,1,1,0,88.943
400,cloud_inventory,100,provenance,Raw,189782,0.0,1,1,0,0.0
400,cloud_inventory,100,provenance,Fixed projection,19359,89.7993487264335,0,0,0,89.735
400,cloud_inventory,100,provenance,Head-tail sampling,37762,80.10243331822828,0,0,0,0.501
400,cloud_inventory,100,provenance,Anomaly sampling,43556,77.04945674510755,1,1,0,89.735
400,cloud_inventory,100,provenance,Task-aware unverified,882,99.53525624137168,1,1,0,8.353
400,cloud_inventory,100,provenance,Pattern-retention guard,43554,77.05051058583005,1,1,0,111.037
400,cloud_inventory,100,provenance,Invariant-preserving gate,43556,77.04945674510755,1,1,0,110.957
401,cloud_inventory,250,lookup,Raw,472856,0.0,1,1,0,0.0
401,cloud_inventory,250,lookup,Fixed projection,48196,89.80746781261104,0,0,0,236.766
401,cloud_inventory,250,lookup,Head-tail sampling,37705,92.02611365828075,0,0,0,0.541
401,cloud_inventory,250,lookup,Anomaly sampling,96215,79.6523677398616,0,0,0,192.639
401,cloud_inventory,250,lookup,Task-aware unverified,432,99.90864026257465,1,1,0,9.083
401,cloud_inventory,250,lookup,Pattern-retention guard,98084,79.25710998697278,1,1,1,202.614
401,cloud_inventory,250,lookup,Invariant-preserving gate,428,99.90948618606933,1,1,1,208.203
402,cloud_inventory,250,rare_event,Raw,472856,0.0,1,1,0,0.0
402,cloud_inventory,250,rare_event,Fixed projection,48196,89.80746781261104,1,1,0,236.576
402,cloud_inventory,250,rare_event,Head-tail sampling,37705,92.02611365828075,0,0,0,0.481
402,cloud_inventory,250,rare_event,Anomaly sampling,96215,79.6523677398616,1,1,0,189.414
402,cloud_inventory,250,rare_event,Task-aware unverified,537,99.88643477083933,1,1,0,11.247
402,cloud_inventory,250,rare_event,Pattern-retention guard,96213,79.65279070160895,1,1,0,230.166
402,cloud_inventory,250,rare_event,Invariant-preserving gate,96215,79.6523677398616,1,1,0,209.004
403,cloud_inventory,250,latest_state,Raw,472856,0.0,1,1,0,0.0
403,cloud_inventory,250,latest_state,Fixed projection,48196,89.80746781261104,1,1,0,233.571
403,cloud_inventory,250,latest_state,Head-tail sampling,37705,92.02611365828075,0,0,0,0.511
403,cloud_inventory,250,latest_state,Anomaly sampling,96215,79.6523677398616,0,0,0,187.872
403,cloud_inventory,250,latest_state,Task-aware unverified,172,99.9636252897288,0,0,0,9.665
403,cloud_inventory,250,latest_state,Pattern-retention guard,117009,75.25483445277209,1,1,1,234.412
403,cloud_inventory,250,latest_state,Invariant-preserving gate,1101,99.76715955808957,1,1,1,231.368
404,cloud_inventory,250,aggregation,Raw,472856,0.0,1,1,0,0.0
404,cloud_inventory,250,aggregation,Fixed projection,48196,89.80746781261104,0,0,0,232.069
404,cloud_inventory,250,aggregation,Head-tail sampling,37705,92.02611365828075,0,0,0,0.521
404,cloud_inventory,250,aggregation,Anomaly sampling,96215,79.6523677398616,0,0,0,211.788
404,cloud_inventory,250,aggregation,Task-aware unverified,1644,99.65232544368688,1,1,0,34.151
404,cloud_inventory,250,aggregation,Pattern-retention guard,166204,64.851032872587,1,1,1,209.885
404,cloud_inventory,250,aggregation,Invariant-preserving gate,1640,99.65317136718154,1,1,1,255.173
405,cloud_inventory,250,join,Raw,472856,0.0,1,1,0,0.0
405,cloud_inventory,250,join,Fixed projection,48196,89.80746781261104,0,0,0,276.826
405,cloud_inventory,250,join,Head-tail sampling,37705,92.02611365828075,0,0,0,0.501
405,cloud_inventory,250,join,Anomaly sampling,96215,79.6523677398616,0,0,0,178.828
405,cloud_inventory,250,join,Task-aware unverified,1281,99.72909300082901,1,1,0,18.959
405,cloud_inventory,250,join,Pattern-retention guard,120852,74.4421134552591,1,1,1,219.529
405,cloud_inventory,250,join,Invariant-preserving gate,1277,99.72993892432368,1,1,1,269.645
406,cloud_inventory,250,negative_evidence,Raw,472856,0.0,1,1,0,0.0
406,cloud_inventory,250,negative_evidence,Fixed projection,48196,89.80746781261104,1,1,0,233.07
406,cloud_inventory,250,negative_evidence,Head-tail sampling,37705,92.02611365828075,0,0,0,0.541
406,cloud_inventory,250,negative_evidence,Anomaly sampling,96215,79.6523677398616,0,0,0,174.331
406,cloud_inventory,250,negative_evidence,Task-aware unverified,81,99.98287004923276,0,0,0,0.47
406,cloud_inventory,250,negative_evidence,Pattern-retention guard,101876,78.45517451401696,1,1,1,200.982
406,cloud_inventory,250,negative_evidence,Invariant-preserving gate,361,99.9236554046052,1,1,1,204.517
407,cloud_inventory,250,threshold,Raw,472856,0.0,1,1,0,0.0
407,cloud_inventory,250,threshold,Fixed projection,48196,89.80746781261104,0,0,0,228.553
407,cloud_inventory,250,threshold,Head-tail sampling,37705,92.02611365828075,0,0,0,0.47
407,cloud_inventory,250,threshold,Anomaly sampling,96215,79.6523677398616,1,1,0,174.001
407,cloud_inventory,250,threshold,Task-aware unverified,184,99.96108751924476,1,1,0,10.215
407,cloud_inventory,250,threshold,Pattern-retention guard,175418,62.9024481025936,1,1,1,209.855
407,cloud_inventory,250,threshold,Invariant-preserving gate,96215,79.6523677398616,1,1,0,212.479
408,cloud_inventory,250,provenance,Raw,472856,0.0,1,1,0,0.0
408,cloud_inventory,250,provenance,Fixed projection,48196,89.80746781261104,0,0,0,236.916
408,cloud_inventory,250,provenance,Head-tail sampling,37705,92.02611365828075,0,0,0,0.521
408,cloud_inventory,250,provenance,Anomaly sampling,96215,79.6523677398616,1,1,0,177.136
408,cloud_inventory,250,provenance,Task-aware unverified,2754,99.41758167391342,1,1,0,22.785
408,cloud_inventory,250,provenance,Pattern-retention guard,96213,79.65279070160895,1,1,0,206.269
408,cloud_inventory,250,provenance,Invariant-preserving gate,96215,79.6523677398616,1,1,0,203.135
409,cloud_inventory,250,lookup,Raw,472741,0.0,1,1,0,0.0
409,cloud_inventory,250,lookup,Fixed projection,48018,89.84264110792168,0,0,0,229.014
409,cloud_inventory,250,lookup,Head-tail sampling,37964,91.96938704279933,0,0,0,0.561
409,cloud_inventory,250,lookup,Anomaly sampling,86852,81.62799503322115,0,0,0,190.016
409,cloud_inventory,250,lookup,Task-aware unverified,435,99.90798344125007,1,1,0,8.923
409,cloud_inventory,250,lookup,Pattern-retention guard,88712,81.23454491994559,1,1,1,207.051
409,cloud_inventory,250,lookup,Invariant-preserving gate,431,99.90882957052594,1,1,1,202.695
410,cloud_inventory,250,rare_event,Raw,472741,0.0,1,1,0,0.0
410,cloud_inventory,250,rare_event,Fixed projection,48018,89.84264110792168,1,1,0,234.502
410,cloud_inventory,250,rare_event,Head-tail sampling,37964,91.96938704279933,0,0,0,0.49
410,cloud_inventory,250,rare_event,Anomaly sampling,86852,81.62799503322115,1,1,0,179.92
410,cloud_inventory,250,rare_event,Task-aware unverified,877,99.81448615626739,1,1,0,14.682
410,cloud_inventory,250,rare_event,Pattern-retention guard,86850,81.62841809785908,1,1,0,195.143
410,cloud_inventory,250,rare_event,Invariant-preserving gate,86852,81.62799503322115,1,1,0,219.931
411,cloud_inventory,250,latest_state,Raw,472741,0.0,1,1,0,0.0
411,cloud_inventory,250,latest_state,Fixed projection,48018,89.84264110792168,1,1,0,234.202
411,cloud_inventory,250,latest_state,Head-tail sampling,37964,91.96938704279933,0,0,0,0.53
411,cloud_inventory,250,latest_state,Anomaly sampling,86852,81.62799503322115,0,0,0,225.588
411,cloud_inventory,250,latest_state,Task-aware unverified,174,99.96319337650003,1,0,0,9.615
411,cloud_inventory,250,latest_state,Pattern-retention guard,94374,80.03684892996377,1,1,1,210.446
411,cloud_inventory,250,latest_state,Invariant-preserving gate,637,99.86525391281907,1,1,1,215.935
412,cloud_inventory,250,aggregation,Raw,472741,0.0,1,1,0,0.0
412,cloud_inventory,250,aggregation,Fixed projection,48018,89.84264110792168,0,0,0,235.043
412,cloud_inventory,250,aggregation,Head-tail sampling,37964,91.96938704279933,0,0,0,0.561
412,cloud_inventory,250,aggregation,Anomaly sampling,86852,81.62799503322115,0,0,0,198.028
412,cloud_inventory,250,aggregation,Task-aware unverified,1957,99.5860312517848,1,1,0,39.52
412,cloud_inventory,250,aggregation,Pattern-retention guard,160503,66.04842820910393,1,1,1,216.906
412,cloud_inventory,250,aggregation,Invariant-preserving gate,1953,99.58687738106067,1,1,1,241.042
413,cloud_inventory,250,join,Raw,472741,0.0,1,1,0,0.0
413,cloud_inventory,250,join,Fixed projection,48018,89.84264110792168,0,0,0,229.785
413,cloud_inventory,250,join,Head-tail sampling,37964,91.96938704279933,0,0,0,0.501
413,cloud_inventory,250,join,Anomaly sampling,86852,81.62799503322115,0,0,0,169.445
413,cloud_inventory,250,join,Task-aware unverified,1090,99.76942977232777,1,1,0,17.517
413,cloud_inventory,250,join,Pattern-retention guard,102039,78.41545370509434,1,1,1,198.078
413,cloud_inventory,250,join,Invariant-preserving gate,1086,99.77027590160363,1,1,1,215.664
414,cloud_inventory,250,negative_evidence,Raw,472741,0.0,1,1,0,0.0
414,cloud_inventory,250,negative_evidence,Fixed projection,48018,89.84264110792168,1,1,0,225.298
414,cloud_inventory,250,negative_evidence,Head-tail sampling,37964,91.96938704279933,0,0,0,0.501
414,cloud_inventory,250,negative_evidence,Anomaly sampling,86852,81.62799503322115,0,0,0,168.483
414,cloud_inventory,250,negative_evidence,Task-aware unverified,81,99.98286588216381,0,0,0,0.491
414,cloud_inventory,250,negative_evidence,Pattern-retention guard,100079,78.83005705026642,1,1,1,199.069
414,cloud_inventory,250,negative_evidence,Invariant-preserving gate,393,99.91686779864662,1,1,1,198.868
415,cloud_inventory,250,threshold,Raw,472741,0.0,1,1,0,0.0
415,cloud_inventory,250,threshold,Fixed projection,48018,89.84264110792168,0,0,0,247.582
415,cloud_inventory,250,threshold,Head-tail sampling,37964,91.96938704279933,0,0,0,0.501
415,cloud_inventory,250,threshold,Anomaly sampling,86852,81.62799503322115,1,1,0,193.18
415,cloud_inventory,250,threshold,Task-aware unverified,184,99.96107805331037,1,1,0,9.845
415,cloud_inventory,250,threshold,Pattern-retention guard,169860,64.06912030054512,1,1,1,241.002
415,cloud_inventory,250,threshold,Invariant-preserving gate,86852,81.62799503322115,1,1,0,191.148
416,cloud_inventory,250,provenance,Raw,472741,0.0,1,1,0,0.0
416,cloud_inventory,250,provenance,Fixed projection,48018,89.84264110792168,0,0,0,235.714
416,cloud_inventory,250,provenance,Head-tail sampling,37964,91.96938704279933,0,0,0,0.471
416,cloud_inventory,250,provenance,Anomaly sampling,86852,81.62799503322115,1,1,0,173.641
416,cloud_inventory,250,provenance,Task-aware unverified,1938,99.59005036584514,1,1,0,18.077
416,cloud_inventory,250,provenance,Pattern-retention guard,86850,81.62841809785908,1,1,0,219.78
416,cloud_inventory,250,provenance,Invariant-preserving gate,86852,81.62799503322115,1,1,0,211.488
417,cloud_inventory,250,lookup,Raw,472729,0.0,1,1,0,0.0
417,cloud_inventory,250,lookup,Fixed projection,48101,89.82482564006015,0,0,0,232.709
417,cloud_inventory,250,lookup,Head-tail sampling,37719,92.02100992323298,0,0,0,0.531
417,cloud_inventory,250,lookup,Anomaly sampling,101896,78.44515568116194,1,1,0,182.664
417,cloud_inventory,250,lookup,Task-aware unverified,426,99.90988494465117,1,1,0,9.154
417,cloud_inventory,250,lookup,Pattern-retention guard,101894,78.44557875653916,1,1,0,208.383
417,cloud_inventory,250,lookup,Invariant-preserving gate,101896,78.44515568116194,1,1,0,188.183
418,cloud_inventory,250,rare_event,Raw,472729,0.0,1,1,0,0.0
418,cloud_inventory,250,rare_event,Fixed projection,48101,89.82482564006015,1,1,0,263.927
418,cloud_inventory,250,rare_event,Head-tail sampling,37719,92.02100992323298,0,0,0,0.521
418,cloud_inventory,250,rare_event,Anomaly sampling,101896,78.44515568116194,1,1,0,183.225
418,cloud_inventory,250,rare_event,Task-aware unverified,876,99.81469298477563,1,1,0,14.201
418,cloud_inventory,250,rare_event,Pattern-retention guard,101894,78.44557875653916,1,1,0,244.838
418,cloud_inventory,250,rare_event,Invariant-preserving gate,101896,78.44515568116194,1,1,0,199.039
419,cloud_inventory,250,latest_state,Raw,472729,0.0,1,1,0,0.0
419,cloud_inventory,250,latest_state,Fixed projection,48101,89.82482564006015,1,1,0,257.537
419,cloud_inventory,250,latest_state,Head-tail sampling,37719,92.02100992323298,0,0,0,0.501
419,cloud_inventory,250,latest_state,Anomaly sampling,101896,78.44515568116194,0,0,0,219.79
419,cloud_inventory,250,latest_state,Task-aware unverified,175,99.96298090449285,0,0,0,9.444
419,cloud_inventory,250,latest_state,Pattern-retention guard,118772,74.8752456481409,1,1,1,205.478
419,cloud_inventory,250,latest_state,Invariant-preserving gate,1003,99.78782769832188,1,1,1,229.945
420,cloud_inventory,250,aggregation,Raw,472729,0.0,1,1,0,0.0
420,cloud_inventory,250,aggregation,Fixed projection,48101,89.82482564006015,0,0,0,236.986
420,cloud_inventory,250,aggregation,Head-tail sampling,37719,92.02100992323298,0,0,0,0.561
420,cloud_inventory,250,aggregation,Anomaly sampling,101896,78.44515568116194,0,0,0,201.603
420,cloud_inventory,250,aggregation,Task-aware unverified,1562,99.6695781303876,1,1,0,38.397
420,cloud_inventory,250,aggregation,Pattern-retention guard,158572,66.4560456413717,1,1,1,210.727
420,cloud_inventory,250,aggregation,Invariant-preserving gate,1558,99.67042428114205,1,1,1,251.287
421,cloud_inventory,250,join,Raw,472729,0.0,1,1,0,0.0
421,cloud_inventory,250,join,Fixed projection,48101,89.82482564006015,0,0,0,230.826
421,cloud_inventory,250,join,Head-tail sampling,37719,92.02100992323298,0,0,0,0.501
421,cloud_inventory,250,join,Anomaly sampling,101896,78.44515568116194,0,0,0,174.853
421,cloud_inventory,250,join,Task-aware unverified,821,99.82632755764931,1,1,0,15.223
421,cloud_inventory,250,join,Pattern-retention guard,113194,76.05520287522026,1,1,1,230.777
421,cloud_inventory,250,join,Invariant-preserving gate,817,99.82717370840376,1,1,1,220.992
422,cloud_inventory,250,negative_evidence,Raw,472729,0.0,1,1,0,0.0
422,cloud_inventory,250,negative_evidence,Fixed projection,48101,89.82482564006015,1,1,0,246.7
422,cloud_inventory,250,negative_evidence,Head-tail sampling,37719,92.02100992323298,0,0,0,0.561
422,cloud_inventory,250,negative_evidence,Anomaly sampling,101896,78.44515568116194,0,0,0,177.266
422,cloud_inventory,250,negative_evidence,Task-aware unverified,81,99.98286544722241,0,0,0,0.501
422,cloud_inventory,250,negative_evidence,Pattern-retention guard,107628,77.23262165003628,1,1,1,200.281
422,cloud_inventory,250,negative_evidence,Invariant-preserving gate,395,99.91644261299814,1,1,1,225.178
423,cloud_inventory,250,threshold,Raw,472729,0.0,1,1,0,0.0
423,cloud_inventory,250,threshold,Fixed projection,48101,89.82482564006015,0,0,0,236.285
423,cloud_inventory,250,threshold,Head-tail sampling,37719,92.02100992323298,0,0,0,0.481
423,cloud_inventory,250,threshold,Anomaly sampling,101896,78.44515568116194,1,1,0,177.206
423,cloud_inventory,250,threshold,Task-aware unverified,184,99.96107706529533,1,1,0,9.874
423,cloud_inventory,250,threshold,Pattern-retention guard,164182,65.26931920825673,1,1,1,208.153
423,cloud_inventory,250,threshold,Invariant-preserving gate,101896,78.44515568116194,1,1,0,204.587
424,cloud_inventory,250,provenance,Raw,472729,0.0,1,1,0,0.0
424,cloud_inventory,250,provenance,Fixed projection,48101,89.82482564006015,0,0,0,258.368
424,cloud_inventory,250,provenance,Head-tail sampling,37719,92.02100992323298,0,0,0,0.521
424,cloud_inventory,250,provenance,Anomaly sampling,101896,78.44515568116194,1,1,0,186.971
424,cloud_inventory,250,provenance,Task-aware unverified,2184,99.53800168807075,1,1,0,18.659
424,cloud_inventory,250,provenance,Pattern-retention guard,101894,78.44557875653916,1,1,0,230.556
424,cloud_inventory,250,provenance,Invariant-preserving gate,101896,78.44515568116194,1,1,0,244.758
425,cloud_inventory,250,lookup,Raw,472727,0.0,1,1,0,0.0
425,cloud_inventory,250,lookup,Fixed projection,48041,89.83747490623553,0,0,0,233.0
425,cloud_inventory,250,lookup,Head-tail sampling,37732,92.01822616436125,0,0,0,0.531
425,cloud_inventory,250,lookup,Anomaly sampling,75602,84.00726000418847,0,0,0,199.45
425,cloud_inventory,250,lookup,Task-aware unverified,450,99.90480763738903,1,1,0,9.154
425,cloud_inventory,250,lookup,Pattern-retention guard,77496,83.60660592688804,1,1,1,189.415
425,cloud_inventory,250,lookup,Invariant-preserving gate,446,99.90565379172334,1,1,1,227.231
426,cloud_inventory,250,rare_event,Raw,472727,0.0,1,1,0,0.0
426,cloud_inventory,250,rare_event,Fixed projection,48041,89.83747490623553,1,1,0,226.25
426,cloud_inventory,250,rare_event,Head-tail sampling,37732,92.01822616436125,0,0,0,0.47
426,cloud_inventory,250,rare_event,Anomaly sampling,75602,84.00726000418847,1,1,0,167.401
426,cloud_inventory,250,rare_event,Task-aware unverified,450,99.90480763738903,1,1,0,10.215
426,cloud_inventory,250,rare_event,Pattern-retention guard,75600,84.00768308135562,1,1,0,188.614
426,cloud_inventory,250,rare_event,Invariant-preserving gate,75602,84.00726000418847,1,1,0,192.69
427,cloud_inventory,250,latest_state,Raw,472727,0.0,1,1,0,0.0
427,cloud_inventory,250,latest_state,Fixed projection,48041,89.83747490623553,1,1,0,232.89
427,cloud_inventory,250,latest_state,Head-tail sampling,37732,92.01822616436125,0,0,0,0.591
427,cloud_inventory,250,latest_state,Anomaly sampling,75602,84.00726000418847,0,0,0,176.816
427,cloud_inventory,250,latest_state,Task-aware unverified,175,99.9629807478735,0,0,0,9.244
427,cloud_inventory,250,latest_state,Pattern-retention guard,92476,80.43775794486035,1,1,1,193.661
427,cloud_inventory,250,latest_state,Invariant-preserving gate,1005,99.78740372350214,1,1,1,212.659
428,cloud_inventory,250,aggregation,Raw,472727,0.0,1,1,0,0.0
428,cloud_inventory,250,aggregation,Fixed projection,48041,89.83747490623553,0,0,0,226.38
428,cloud_inventory,250,aggregation,Head-tail sampling,37732,92.01822616436125,0,0,0,0.471
428,cloud_inventory,250,aggregation,Anomaly sampling,75602,84.00726000418847,0,0,0,188.112
428,cloud_inventory,250,aggregation,Task-aware unverified,1771,99.6253651684799,1,1,0,38.658
428,cloud_inventory,250,aggregation,Pattern-retention guard,143472,69.65013633661712,1,1,1,201.533
428,cloud_inventory,250,aggregation,Invariant-preserving gate,1767,99.62621132281423,1,1,1,246.93
429,cloud_inventory,250,join,Raw,472727,0.0,1,1,0,0.0
429,cloud_inventory,250,join,Fixed projection,48041,89.83747490623553,0,0,0,231.879
429,cloud_inventory,250,join,Head-tail sampling,37732,92.01822616436125,0,0,0,0.481
429,cloud_inventory,250,join,Anomaly sampling,75602,84.00726000418847,0,0,0,179.079
429,cloud_inventory,250,join,Task-aware unverified,726,99.84642298832097,1,1,0,14.462
429,cloud_inventory,250,join,Pattern-retention guard,83117,82.41754754858512,1,1,1,227.582
429,cloud_inventory,250,join,Invariant-preserving gate,722,99.84726914265526,1,1,1,210.737
430,cloud_inventory,250,negative_evidence,Raw,472727,0.0,1,1,0,0.0
430,cloud_inventory,250,negative_evidence,Fixed projection,48041,89.83747490623553,1,1,0,233.811
430,cloud_inventory,250,negative_evidence,Head-tail sampling,37732,92.01822616436125,0,0,0,0.481
430,cloud_inventory,250,negative_evidence,Anomaly sampling,75602,84.00726000418847,0,0,0,172.469
430,cloud_inventory,250,negative_evidence,Task-aware unverified,81,99.98286537473003,0,0,0,0.471
430,cloud_inventory,250,negative_evidence,Pattern-retention guard,88816,81.21198916076298,1,1,1,210.707
430,cloud_inventory,250,negative_evidence,Invariant-preserving gate,396,99.91623072090235,1,1,1,212.96
431,cloud_inventory,250,threshold,Raw,472727,0.0,1,1,0,0.0
431,cloud_inventory,250,threshold,Fixed projection,48041,89.83747490623553,0,0,0,246.61
431,cloud_inventory,250,threshold,Head-tail sampling,37732,92.01822616436125,0,0,0,0.851
431,cloud_inventory,250,threshold,Anomaly sampling,75602,84.00726000418847,1,1,0,169.475
431,cloud_inventory,250,threshold,Task-aware unverified,184,99.9610769006213,1,1,0,10.175
431,cloud_inventory,250,threshold,Pattern-retention guard,168033,64.45453718530992,1,1,1,217.817
431,cloud_inventory,250,threshold,Invariant-preserving gate,75602,84.00726000418847,1,1,0,179.25
432,cloud_inventory,250,provenance,Raw,472727,0.0,1,1,0,0.0
432,cloud_inventory,250,provenance,Fixed projection,48041,89.83747490623553,0,0,0,231.448
432,cloud_inventory,250,provenance,Head-tail sampling,37732,92.01822616436125,0,0,0,0.511
432,cloud_inventory,250,provenance,Anomaly sampling,75602,84.00726000418847,1,1,0,164.337
432,cloud_inventory,250,provenance,Task-aware unverified,2081,99.55978820757012,1,1,0,18.007
432,cloud_inventory,250,provenance,Pattern-retention guard,75600,84.00768308135562,1,1,0,209.915
432,cloud_inventory,250,provenance,Invariant-preserving gate,75602,84.00726000418847,1,1,0,196.806
433,cloud_inventory,250,lookup,Raw,472640,0.0,1,1,0,0.0
433,cloud_inventory,250,lookup,Fixed projection,48057,89.83221902505078,0,0,0,233.291
433,cloud_inventory,250,lookup,Head-tail sampling,37786,92.0053317535545,0,0,0,0.521
433,cloud_inventory,250,lookup,Anomaly sampling,83043,82.42996784021666,1,1,0,195.534
433,cloud_inventory,250,lookup,Task-aware unverified,439,99.90711746784021,1,1,0,9.484
433,cloud_inventory,250,lookup,Pattern-retention guard,83041,82.43039099526067,1,1,0,228.884
433,cloud_inventory,250,lookup,Invariant-preserving gate,83043,82.42996784021666,1,1,0,201.723
434,cloud_inventory,250,rare_event,Raw,472640,0.0,1,1,0,0.0
434,cloud_inventory,250,rare_event,Fixed projection,48057,89.83221902505078,1,1,0,235.414
434,cloud_inventory,250,rare_event,Head-tail sampling,37786,92.0053317535545,0,0,0,0.561
434,cloud_inventory,250,rare_event,Anomaly sampling,83043,82.42996784021666,1,1,0,175.183
434,cloud_inventory,250,rare_event,Task-aware unverified,876,99.81465809072444,1,1,0,14.492
434,cloud_inventory,250,rare_event,Pattern-retention guard,83041,82.43039099526067,1,1,0,202.934
434,cloud_inventory,250,rare_event,Invariant-preserving gate,83043,82.42996784021666,1,1,0,212.439
435,cloud_inventory,250,latest_state,Raw,472640,0.0,1,1,0,0.0
435,cloud_inventory,250,latest_state,Fixed projection,48057,89.83221902505078,1,1,0,231.658
435,cloud_inventory,250,latest_state,Head-tail sampling,37786,92.0053317535545,0,0,0,0.52
435,cloud_inventory,250,latest_state,Anomaly sampling,83043,82.42996784021666,0,0,0,178.128
435,cloud_inventory,250,latest_state,Task-aware unverified,172,99.9636086662153,0,0,0,9.174
435,cloud_inventory,250,latest_state,Pattern-retention guard,86829,81.62893534190927,1,1,1,201.522
435,cloud_inventory,250,latest_state,Invariant-preserving gate,631,99.86649458361543,1,1,1,208.403
436,cloud_inventory,250,aggregation,Raw,472640,0.0,1,1,0,0.0
436,cloud_inventory,250,aggregation,Fixed projection,48057,89.83221902505078,0,0,0,232.258
436,cloud_inventory,250,aggregation,Head-tail sampling,37786,92.0053317535545,0,0,0,0.48
436,cloud_inventory,250,aggregation,Anomaly sampling,83043,82.42996784021666,0,0,0,217.106
436,cloud_inventory,250,aggregation,Task-aware unverified,1729,99.63418246445498,1,1,0,40.061
436,cloud_inventory,250,aggregation,Pattern-retention guard,154749,67.25859004739337,1,1,1,222.043
436,cloud_inventory,250,aggregation,Invariant-preserving gate,1725,99.63502877454299,1,1,1,255.264
437,cloud_inventory,250,join,Raw,472640,0.0,1,1,0,0.0
437,cloud_inventory,250,join,Fixed projection,48057,89.83221902505078,0,0,0,234.923
437,cloud_inventory,250,join,Head-tail sampling,37786,92.0053317535545,0,0,0,0.581
437,cloud_inventory,250,join,Anomaly sampling,83043,82.42996784021666,0,0,0,194.321
437,cloud_inventory,250,join,Task-aware unverified,631,99.86649458361543,1,1,0,15.574
437,cloud_inventory,250,join,Pattern-retention guard,92471,80.43521496276236,1,1,1,251.748
437,cloud_inventory,250,join,Invariant-preserving gate,627,99.86734089370344,1,1,1,215.954
438,cloud_inventory,250,negative_evidence,Raw,472640,0.0,1,1,0,0.0
438,cloud_inventory,250,negative_evidence,Fixed projection,48057,89.83221902505078,1,1,0,230.446
438,cloud_inventory,250,negative_evidence,Head-tail sampling,37786,92.0053317535545,0,0,0,0.461
438,cloud_inventory,250,negative_evidence,Anomaly sampling,83043,82.42996784021666,0,0,0,185.939
438,cloud_inventory,250,negative_evidence,Task-aware unverified,81,99.98286222071768,0,0,0,0.48
438,cloud_inventory,250,negative_evidence,Pattern-retention guard,94272,80.05416384563304,1,1,1,244.076
438,cloud_inventory,250,negative_evidence,Invariant-preserving gate,360,99.92383209207854,1,1,1,249.305
439,cloud_inventory,250,threshold,Raw,472640,0.0,1,1,0,0.0
439,cloud_inventory,250,threshold,Fixed projection,48057,89.83221902505078,0,0,0,231.498
439,cloud_inventory,250,threshold,Head-tail sampling,37786,92.0053317535545,0,0,0,0.541
439,cloud_inventory,250,threshold,Anomaly sampling,83043,82.42996784021666,1,1,0,184.757
439,cloud_inventory,250,threshold,Task-aware unverified,184,99.96106973595126,1,1,0,9.754
439,cloud_inventory,250,threshold,Pattern-retention guard,158474,66.47046377792823,1,1,1,216.926
439,cloud_inventory,250,threshold,Invariant-preserving gate,83043,82.42996784021666,1,1,0,200.992
440,cloud_inventory,250,provenance,Raw,472640,0.0,1,1,0,0.0
440,cloud_inventory,250,provenance,Fixed projection,48057,89.83221902505078,0,0,0,243.736
440,cloud_inventory,250,provenance,Head-tail sampling,37786,92.0053317535545,0,0,0,0.501
440,cloud_inventory,250,provenance,Anomaly sampling,83043,82.42996784021666,1,1,0,176.305
440,cloud_inventory,250,provenance,Task-aware unverified,1645,99.65195497630332,1,1,0,16.545
440,cloud_inventory,250,provenance,Pattern-retention guard,83041,82.43039099526067,1,1,0,235.203
440,cloud_inventory,250,provenance,Invariant-preserving gate,83043,82.42996784021666,1,1,0,220.441
441,cloud_inventory,500,lookup,Raw,944848,0.0,1,1,0,0.0
441,cloud_inventory,500,lookup,Fixed projection,96028,89.83667214197416,0,0,0,471.028
441,cloud_inventory,500,lookup,Head-tail sampling,37768,96.00274329839297,0,0,0,0.611
441,cloud_inventory,500,lookup,Anomaly sampling,190765,79.80998001794998,0,0,0,315.154
441,cloud_inventory,500,lookup,Task-aware unverified,438,99.95364333734103,1,1,0,16.885
441,cloud_inventory,500,lookup,Pattern-retention guard,192649,79.6105828662388,1,1,1,371.709
441,cloud_inventory,500,lookup,Invariant-preserving gate,434,99.95406668585846,1,1,1,374.813
442,cloud_inventory,500,rare_event,Raw,944848,0.0,1,1,0,0.0
442,cloud_inventory,500,rare_event,Fixed projection,96028,89.83667214197416,1,1,0,467.472
442,cloud_inventory,500,rare_event,Head-tail sampling,37768,96.00274329839297,0,0,0,0.501
442,cloud_inventory,500,rare_event,Anomaly sampling,190765,79.80998001794998,1,1,0,346.771
442,cloud_inventory,500,rare_event,Task-aware unverified,1497,99.84156181735051,1,1,0,29.023
442,cloud_inventory,500,rare_event,Pattern-retention guard,190763,79.81019169220869,1,1,0,376.075
442,cloud_inventory,500,rare_event,Invariant-preserving gate,190765,79.80998001794998,1,1,0,350.287
443,cloud_inventory,500,latest_state,Raw,944848,0.0,1,1,0,0.0
443,cloud_inventory,500,latest_state,Fixed projection,96028,89.83667214197416,1,1,0,453.03
443,cloud_inventory,500,latest_state,Head-tail sampling,37768,96.00274329839297,0,0,0,0.461
443,cloud_inventory,500,latest_state,Anomaly sampling,190765,79.80998001794998,0,0,0,311.047
443,cloud_inventory,500,latest_state,Task-aware unverified,175,99.9814785023623,0,0,0,16.354
443,cloud_inventory,500,latest_state,Pattern-retention guard,200159,78.81574602475743,1,1,1,362.955
443,cloud_inventory,500,latest_state,Invariant-preserving gate,823,99.91289604253805,1,1,1,375.775
444,cloud_inventory,500,aggregation,Raw,944848,0.0,1,1,0,0.0
444,cloud_inventory,500,aggregation,Fixed projection,96028,89.83667214197416,0,0,0,473.462
444,cloud_inventory,500,aggregation,Head-tail sampling,37768,96.00274329839297,0,0,0,0.48
444,cloud_inventory,500,aggregation,Anomaly sampling,190765,79.80998001794998,0,0,0,322.965
444,cloud_inventory,500,aggregation,Task-aware unverified,3728,99.60543918175199,1,1,0,77.517
444,cloud_inventory,500,aggregation,Pattern-retention guard,335788,64.46116200701066,1,1,1,400.181
444,cloud_inventory,500,aggregation,Invariant-preserving gate,3724,99.60586253026942,1,1,1,465.72
445,cloud_inventory,500,join,Raw,944848,0.0,1,1,0,0.0
445,cloud_inventory,500,join,Fixed projection,96028,89.83667214197416,0,0,0,470.577
445,cloud_inventory,500,join,Head-tail sampling,37768,96.00274329839297,0,0,0,0.501
445,cloud_inventory,500,join,Anomaly sampling,190765,79.80998001794998,0,0,0,317.487
445,cloud_inventory,500,join,Task-aware unverified,1095,99.88410834335258,1,1,0,25.408
445,cloud_inventory,500,join,Pattern-retention guard,209597,77.8168551978731,1,1,1,387.813
445,cloud_inventory,500,join,Invariant-preserving gate,1091,99.88453169187001,1,1,1,389.886
446,cloud_inventory,500,negative_evidence,Raw,944848,0.0,1,1,0,0.0
446,cloud_inventory,500,negative_evidence,Fixed projection,96028,89.83667214197416,1,1,0,457.828
446,cloud_inventory,500,negative_evidence,Head-tail sampling,37768,96.00274329839297,0,0,0,0.511
446,cloud_inventory,500,negative_evidence,Anomaly sampling,190765,79.80998001794998,0,0,0,326.961
446,cloud_inventory,500,negative_evidence,Task-aware unverified,81,99.99142719252198,0,0,0,0.48
446,cloud_inventory,500,negative_evidence,Pattern-retention guard,200236,78.80759656579683,1,1,1,381.262
446,cloud_inventory,500,negative_evidence,Invariant-preserving gate,353,99.9626394933365,1,1,1,389.615
447,cloud_inventory,500,threshold,Raw,944848,0.0,1,1,0,0.0
447,cloud_inventory,500,threshold,Fixed projection,96028,89.83667214197416,0,0,0,475.364
447,cloud_inventory,500,threshold,Head-tail sampling,37768,96.00274329839297,0,0,0,0.501
447,cloud_inventory,500,threshold,Anomaly sampling,190765,79.80998001794998,1,1,0,314.162
447,cloud_inventory,500,threshold,Task-aware unverified,184,99.98052596819807,1,1,0,18.738
447,cloud_inventory,500,threshold,Pattern-retention guard,358693,62.036962559057116,1,1,1,420.482
447,cloud_inventory,500,threshold,Invariant-preserving gate,190765,79.80998001794998,1,1,0,363.847
448,cloud_inventory,500,provenance,Raw,944848,0.0,1,1,0,0.0
448,cloud_inventory,500,provenance,Fixed projection,96028,89.83667214197416,0,0,0,493.08
448,cloud_inventory,500,provenance,Head-tail sampling,37768,96.00274329839297,0,0,0,0.471
448,cloud_inventory,500,provenance,Anomaly sampling,190765,79.80998001794998,1,1,0,348.614
448,cloud_inventory,500,provenance,Task-aware unverified,4331,99.54161939274888,1,1,0,40.01
448,cloud_inventory,500,provenance,Pattern-retention guard,190763,79.81019169220869,1,1,0,388.344
448,cloud_inventory,500,provenance,Invariant-preserving gate,190765,79.80998001794998,1,1,0,377.857
449,cloud_inventory,500,lookup,Raw,944147,0.0,1,1,0,0.0
449,cloud_inventory,500,lookup,Fixed projection,95808,89.85242764103472,0,0,0,488.704
449,cloud_inventory,500,lookup,Head-tail sampling,37752,96.00147011005701,0,0,0,0.56
449,cloud_inventory,500,lookup,Anomaly sampling,175282,81.43488249181536,0,0,0,392.359
449,cloud_inventory,500,lookup,Task-aware unverified,449,99.95244384613837,1,1,0,15.994
449,cloud_inventory,500,lookup,Pattern-retention guard,177165,81.23544320958494,1,1,1,401.503
449,cloud_inventory,500,lookup,Invariant-preserving gate,445,99.95286750897901,1,1,1,417.006
450,cloud_inventory,500,rare_event,Raw,944147,0.0,1,1,0,0.0
450,cloud_inventory,500,rare_event,Fixed projection,95808,89.85242764103472,1,1,0,478.028
450,cloud_inventory,500,rare_event,Head-tail sampling,37752,96.00147011005701,0,0,0,0.541
450,cloud_inventory,500,rare_event,Anomaly sampling,175282,81.43488249181536,1,1,0,337.898
450,cloud_inventory,500,rare_event,Task-aware unverified,1243,99.86834677227169,1,1,0,24.087
450,cloud_inventory,500,rare_event,Pattern-retention guard,175280,81.43509432323567,1,1,0,404.567
450,cloud_inventory,500,rare_event,Invariant-preserving gate,175282,81.43488249181536,1,1,0,397.037
451,cloud_inventory,500,latest_state,Raw,944147,0.0,1,1,0,0.0
451,cloud_inventory,500,latest_state,Fixed projection,95808,89.85242764103472,1,1,0,517.518
451,cloud_inventory,500,latest_state,Head-tail sampling,37752,96.00147011005701,0,0,0,0.561
451,cloud_inventory,500,latest_state,Anomaly sampling,175282,81.43488249181536,0,0,0,326.771
451,cloud_inventory,500,latest_state,Task-aware unverified,174,99.98157066643223,1,0,0,16.344
451,cloud_inventory,500,latest_state,Pattern-retention guard,186660,80.2297735416201,1,1,1,382.024
451,cloud_inventory,500,latest_state,Invariant-preserving gate,727,99.922999278714,1,1,1,385.399
452,cloud_inventory,500,aggregation,Raw,944147,0.0,1,1,0,0.0
452,cloud_inventory,500,aggregation,Fixed projection,95808,89.85242764103472,0,0,0,472.72
452,cloud_inventory,500,aggregation,Head-tail sampling,37752,96.00147011005701,0,0,0,0.561
452,cloud_inventory,500,aggregation,Anomaly sampling,175282,81.43488249181536,0,0,0,325.869
452,cloud_inventory,500,aggregation,Task-aware unverified,2702,99.71381575114891,1,1,0,63.476
452,cloud_inventory,500,aggregation,Pattern-retention guard,277212,70.63889415525337,1,1,1,388.534
452,cloud_inventory,500,aggregation,Invariant-preserving gate,2698,99.71423941398956,1,1,1,421.994
453,cloud_inventory,500,join,Raw,944147,0.0,1,1,0,0.0
453,cloud_inventory,500,join,Fixed projection,95808,89.85242764103472,0,0,0,464.107
453,cloud_inventory,500,join,Head-tail sampling,37752,96.00147011005701,0,0,0,0.491
453,cloud_inventory,500,join,Anomaly sampling,175282,81.43488249181536,0,0,0,326.881
453,cloud_inventory,500,join,Task-aware unverified,1282,99.86421605957547,1,1,0,26.6
453,cloud_inventory,500,join,Pattern-retention guard,197966,79.03229052255634,1,1,1,391.639
453,cloud_inventory,500,join,Invariant-preserving gate,1278,99.8646397224161,1,1,1,423.867
454,cloud_inventory,500,negative_evidence,Raw,944147,0.0,1,1,0,0.0
454,cloud_inventory,500,negative_evidence,Fixed projection,95808,89.85242764103472,1,1,0,465.93
454,cloud_inventory,500,negative_evidence,Head-tail sampling,37752,96.00147011005701,0,0,0,0.481
454,cloud_inventory,500,negative_evidence,Anomaly sampling,175282,81.43488249181536,0,0,0,326.41
454,cloud_inventory,500,negative_evidence,Task-aware unverified,81,99.99142082747707,0,0,0,0.48
454,cloud_inventory,500,negative_evidence,Pattern-retention guard,177190,81.23279531683096,1,1,1,389.015
454,cloud_inventory,500,negative_evidence,Invariant-preserving gate,238,99.97479206098203,1,1,1,367.863
455,cloud_inventory,500,threshold,Raw,944147,0.0,1,1,0,0.0
455,cloud_inventory,500,threshold,Fixed projection,95808,89.85242764103472,0,0,0,479.661
455,cloud_inventory,500,threshold,Head-tail sampling,37752,96.00147011005701,0,0,0,0.561
455,cloud_inventory,500,threshold,Anomaly sampling,175282,81.43488249181536,1,1,0,323.306
455,cloud_inventory,500,threshold,Task-aware unverified,184,99.98051150933065,1,1,0,17.937
455,cloud_inventory,500,threshold,Pattern-retention guard,315018,66.63464481696177,1,1,1,390.898
455,cloud_inventory,500,threshold,Invariant-preserving gate,175282,81.43488249181536,1,1,0,363.486
456,cloud_inventory,500,provenance,Raw,944147,0.0,1,1,0,0.0
456,cloud_inventory,500,provenance,Fixed projection,95808,89.85242764103472,0,0,0,483.256
456,cloud_inventory,500,provenance,Head-tail sampling,37752,96.00147011005701,0,0,0,0.54
456,cloud_inventory,500,provenance,Anomaly sampling,175282,81.43488249181536,1,1,0,326.551
456,cloud_inventory,500,provenance,Task-aware unverified,2951,99.6874427393192,1,1,0,30.476
456,cloud_inventory,500,provenance,Pattern-retention guard,175280,81.43509432323567,1,1,0,384.768
456,cloud_inventory,500,provenance,Invariant-preserving gate,175282,81.43488249181536,1,1,0,373.501
457,cloud_inventory,500,lookup,Raw,944590,0.0,1,1,0,0.0
457,cloud_inventory,500,lookup,Fixed projection,96075,89.82892048401952,0,0,0,501.113
457,cloud_inventory,500,lookup,Head-tail sampling,37850,95.99297049513545,0,0,0,0.551
457,cloud_inventory,500,lookup,Anomaly sampling,162300,82.81794217597053,0,0,0,336.115
457,cloud_inventory,500,lookup,Task-aware unverified,433,99.9541600059285,1,1,0,16.625
457,cloud_inventory,500,lookup,Pattern-retention guard,164177,82.6192316243026,1,1,1,400.872
457,cloud_inventory,500,lookup,Invariant-preserving gate,429,99.95458347007697,1,1,1,369.505
458,cloud_inventory,500,rare_event,Raw,944590,0.0,1,1,0,0.0
458,cloud_inventory,500,rare_event,Fixed projection,96075,89.82892048401952,1,1,0,496.266
458,cloud_inventory,500,rare_event,Head-tail sampling,37850,95.99297049513545,0,0,0,0.511
458,cloud_inventory,500,rare_event,Anomaly sampling,162300,82.81794217597053,1,1,0,321.833
458,cloud_inventory,500,rare_event,Task-aware unverified,1055,99.88831133084194,1,1,0,23.295
458,cloud_inventory,500,rare_event,Pattern-retention guard,162298,82.81815390804476,1,1,0,382.314
458,cloud_inventory,500,rare_event,Invariant-preserving gate,162300,82.81794217597053,1,1,0,362.335
459,cloud_inventory,500,latest_state,Raw,944590,0.0,1,1,0,0.0
459,cloud_inventory,500,latest_state,Fixed projection,96075,89.82892048401952,1,1,0,478.959
459,cloud_inventory,500,latest_state,Head-tail sampling,37850,95.99297049513545,0,0,0,0.511
459,cloud_inventory,500,latest_state,Anomaly sampling,162300,82.81794217597053,0,0,0,322.093
459,cloud_inventory,500,latest_state,Task-aware unverified,172,99.98179104161594,0,0,0,17.086
459,cloud_inventory,500,latest_state,Pattern-retention guard,183002,80.62630347558199,1,1,1,409.265
459,cloud_inventory,500,latest_state,Invariant-preserving gate,1198,99.87317248753428,1,1,1,392.409
460,cloud_inventory,500,aggregation,Raw,944590,0.0,1,1,0,0.0
460,cloud_inventory,500,aggregation,Fixed projection,96075,89.82892048401952,0,0,0,473.351
460,cloud_inventory,500,aggregation,Head-tail sampling,37850,95.99297049513545,0,0,0,0.511
460,cloud_inventory,500,aggregation,Anomaly sampling,162300,82.81794217597053,0,0,0,320.191
460,cloud_inventory,500,aggregation,Task-aware unverified,3336,99.64683090017891,1,1,0,71.928
460,cloud_inventory,500,aggregation,Pattern-retention guard,288616,69.44536783154595,1,1,1,435.053
460,cloud_inventory,500,aggregation,Invariant-preserving gate,3332,99.64725436432738,1,1,1,463.717
461,cloud_inventory,500,join,Raw,944590,0.0,1,1,0,0.0
461,cloud_inventory,500,join,Fixed projection,96075,89.82892048401952,0,0,0,494.042
461,cloud_inventory,500,join,Head-tail sampling,37850,95.99297049513545,0,0,0,0.521
461,cloud_inventory,500,join,Anomaly sampling,162300,82.81794217597053,0,0,0,338.199
461,cloud_inventory,500,join,Task-aware unverified,722,99.9235647212018,1,1,0,23.795
461,cloud_inventory,500,join,Pattern-retention guard,166057,82.42020347452333,1,1,1,420.992
461,cloud_inventory,500,join,Invariant-preserving gate,718,99.92398818535025,1,1,1,405.248
462,cloud_inventory,500,negative_evidence,Raw,944590,0.0,1,1,0,0.0
462,cloud_inventory,500,negative_evidence,Fixed projection,96075,89.82892048401952,1,1,0,485.64
462,cloud_inventory,500,negative_evidence,Head-tail sampling,37850,95.99297049513545,0,0,0,0.531
462,cloud_inventory,500,negative_evidence,Anomaly sampling,162300,82.81794217597053,0,0,0,362.725
462,cloud_inventory,500,negative_evidence,Task-aware unverified,81,99.99142485099355,0,0,0,0.551
462,cloud_inventory,500,negative_evidence,Pattern-retention guard,173640,81.6174213150679,1,1,1,393.29
462,cloud_inventory,500,negative_evidence,Invariant-preserving gate,360,99.96188822663801,1,1,1,388.223
463,cloud_inventory,500,threshold,Raw,944590,0.0,1,1,0,0.0
463,cloud_inventory,500,threshold,Fixed projection,96075,89.82892048401952,0,0,0,470.867
463,cloud_inventory,500,threshold,Head-tail sampling,37850,95.99297049513545,0,0,0,0.561
463,cloud_inventory,500,threshold,Anomaly sampling,162300,82.81794217597053,1,1,0,335.053
463,cloud_inventory,500,threshold,Task-aware unverified,184,99.98052064917053,1,1,0,19.75
463,cloud_inventory,500,threshold,Pattern-retention guard,313176,66.84529795996146,1,1,1,396.917
463,cloud_inventory,500,threshold,Invariant-preserving gate,162300,82.81794217597053,1,1,0,362.464
464,cloud_inventory,500,provenance,Raw,944590,0.0,1,1,0,0.0
464,cloud_inventory,500,provenance,Fixed projection,96075,89.82892048401952,0,0,0,484.238
464,cloud_inventory,500,provenance,Head-tail sampling,37850,95.99297049513545,0,0,0,0.511
464,cloud_inventory,500,provenance,Anomaly sampling,162300,82.81794217597053,1,1,0,339.27
464,cloud_inventory,500,provenance,Task-aware unverified,3409,99.6391026794694,1,1,0,32.298
464,cloud_inventory,500,provenance,Pattern-retention guard,162298,82.81815390804476,1,1,0,386.17
464,cloud_inventory,500,provenance,Invariant-preserving gate,162300,82.81794217597053,1,1,0,371.628
465,cloud_inventory,500,lookup,Raw,943868,0.0,1,1,0,0.0
465,cloud_inventory,500,lookup,Fixed projection,95987,89.83046358177202,0,0,0,482.024
465,cloud_inventory,500,lookup,Head-tail sampling,37749,96.00060601694305,0,0,0,0.611
465,cloud_inventory,500,lookup,Anomaly sampling,149055,84.20806722973975,0,0,0,366.801
465,cloud_inventory,500,lookup,Task-aware unverified,452,99.95211194785712,1,1,0,16.575
465,cloud_inventory,500,lookup,Pattern-retention guard,150938,84.00856899481707,1,1,1,384.598
465,cloud_inventory,500,lookup,Invariant-preserving gate,448,99.95253573592917,1,1,1,379.6
466,cloud_inventory,500,rare_event,Raw,943868,0.0,1,1,0,0.0
466,cloud_inventory,500,rare_event,Fixed projection,95987,89.83046358177202,1,1,0,479.741
466,cloud_inventory,500,rare_event,Head-tail sampling,37749,96.00060601694305,0,0,0,0.551
466,cloud_inventory,500,rare_event,Anomaly sampling,149055,84.20806722973975,1,1,0,346.651
466,cloud_inventory,500,rare_event,Task-aware unverified,1061,99.88759021388583,1,1,0,24.177
466,cloud_inventory,500,rare_event,Pattern-retention guard,149053,84.20827912377578,1,1,0,460.021
466,cloud_inventory,500,rare_event,Invariant-preserving gate,149055,84.20806722973975,1,1,0,419.77
467,cloud_inventory,500,latest_state,Raw,943868,0.0,1,1,0,0.0
467,cloud_inventory,500,latest_state,Fixed projection,95987,89.83046358177202,1,1,0,481.393
467,cloud_inventory,500,latest_state,Head-tail sampling,37749,96.00060601694305,0,0,0,0.501
467,cloud_inventory,500,latest_state,Anomaly sampling,149055,84.20806722973975,0,0,0,360.802
467,cloud_inventory,500,latest_state,Task-aware unverified,174,99.98156521886536,1,0,0,17.577
467,cloud_inventory,500,latest_state,Pattern-retention guard,156594,83.40933266092291,1,1,1,424.067
467,cloud_inventory,500,latest_state,Invariant-preserving gate,640,99.93219390847025,1,1,1,419.75
468,cloud_inventory,500,aggregation,Raw,943868,0.0,1,1,0,0.0
468,cloud_inventory,500,aggregation,Fixed projection,95987,89.83046358177202,0,0,0,509.195
468,cloud_inventory,500,aggregation,Head-tail sampling,37749,96.00060601694305,0,0,0,0.511
468,cloud_inventory,500,aggregation,Anomaly sampling,149055,84.20806722973975,0,0,0,365.168
468,cloud_inventory,500,aggregation,Task-aware unverified,3540,99.62494755622609,1,1,0,73.881
468,cloud_inventory,500,aggregation,Pattern-retention guard,286488,69.64745070285252,1,1,1,440.892
468,cloud_inventory,500,aggregation,Invariant-preserving gate,3536,99.62537134429815,1,1,1,502.946
469,cloud_inventory,500,join,Raw,943868,0.0,1,1,0,0.0
469,cloud_inventory,500,join,Fixed projection,95987,89.83046358177202,0,0,0,498.909
469,cloud_inventory,500,join,Head-tail sampling,37749,96.00060601694305,0,0,0,0.53
469,cloud_inventory,500,join,Anomaly sampling,149055,84.20806722973975,0,0,0,376.295
469,cloud_inventory,500,join,Task-aware unverified,1650,99.82518742027486,1,1,0,30.276
469,cloud_inventory,500,join,Pattern-retention guard,173506,81.61755669224934,1,1,1,426.571
469,cloud_inventory,500,join,Invariant-preserving gate,1646,99.82561120834693,1,1,1,438.869
470,cloud_inventory,500,negative_evidence,Raw,943868,0.0,1,1,0,0.0
470,cloud_inventory,500,negative_evidence,Fixed projection,95987,89.83046358177202,1,1,0,477.207
470,cloud_inventory,500,negative_evidence,Head-tail sampling,37749,96.00060601694305,0,0,0,0.501
470,cloud_inventory,500,negative_evidence,Anomaly sampling,149055,84.20806722973975,0,0,0,364.518
470,cloud_inventory,500,negative_evidence,Task-aware unverified,81,99.99141829154077,0,0,0,0.481
470,cloud_inventory,500,negative_evidence,Pattern-retention guard,158461,83.21152957828849,1,1,1,395.625
470,cloud_inventory,500,negative_evidence,Invariant-preserving gate,310,99.96715642441528,1,1,1,391.989
471,cloud_inventory,500,threshold,Raw,943868,0.0,1,1,0,0.0
471,cloud_inventory,500,threshold,Fixed projection,95987,89.83046358177202,0,0,0,478.639
471,cloud_inventory,500,threshold,Head-tail sampling,37749,96.00060601694305,0,0,0,0.491
471,cloud_inventory,500,threshold,Anomaly sampling,149055,84.20806722973975,1,1,0,340.771
471,cloud_inventory,500,threshold,Task-aware unverified,184,99.9805057486852,1,1,0,18.147
471,cloud_inventory,500,threshold,Pattern-retention guard,296268,68.61128886666357,1,1,1,411.518
471,cloud_inventory,500,threshold,Invariant-preserving gate,149055,84.20806722973975,1,1,0,370.617
472,cloud_inventory,500,provenance,Raw,943868,0.0,1,1,0,0.0
472,cloud_inventory,500,provenance,Fixed projection,95987,89.83046358177202,0,0,0,473.241
472,cloud_inventory,500,provenance,Head-tail sampling,37749,96.00060601694305,0,0,0,0.571
472,cloud_inventory,500,provenance,Anomaly sampling,149055,84.20806722973975,1,1,0,356.746
472,cloud_inventory,500,provenance,Task-aware unverified,3534,99.62558323833417,1,1,0,33.04
472,cloud_inventory,500,provenance,Pattern-retention guard,149053,84.20827912377578,1,1,0,412.209
472,cloud_inventory,500,provenance,Invariant-preserving gate,149055,84.20806722973975,1,1,0,406.08
473,cloud_inventory,500,lookup,Raw,944215,0.0,1,1,0,0.0
473,cloud_inventory,500,lookup,Fixed projection,95853,89.84839258007975,0,0,0,494.593
473,cloud_inventory,500,lookup,Head-tail sampling,37840,95.9924381629184,0,0,0,0.541
473,cloud_inventory,500,lookup,Anomaly sampling,162329,82.80804689609887,0,0,0,349.404
473,cloud_inventory,500,lookup,Task-aware unverified,451,99.95223545484873,1,1,0,16.194
473,cloud_inventory,500,lookup,Pattern-retention guard,164217,82.6080924365743,1,1,1,400.441
473,cloud_inventory,500,lookup,Invariant-preserving gate,447,99.95265908717825,1,1,1,455.615
474,cloud_inventory,500,rare_event,Raw,944215,0.0,1,1,0,0.0
474,cloud_inventory,500,rare_event,Fixed projection,95853,89.84839258007975,1,1,0,492.27
474,cloud_inventory,500,rare_event,Head-tail sampling,37840,95.9924381629184,0,0,0,0.531
474,cloud_inventory,500,rare_event,Anomaly sampling,162329,82.80804689609887,1,1,0,339.63
474,cloud_inventory,500,rare_event,Task-aware unverified,1255,99.86708535661899,1,1,0,25.338
474,cloud_inventory,500,rare_event,Pattern-retention guard,162327,82.80825871226362,1,1,0,377.717
474,cloud_inventory,500,rare_event,Invariant-preserving gate,162329,82.80804689609887,1,1,0,402.565
475,cloud_inventory,500,latest_state,Raw,944215,0.0,1,1,0,0.0
475,cloud_inventory,500,latest_state,Fixed projection,95853,89.84839258007975,1,1,0,458.419
475,cloud_inventory,500,latest_state,Head-tail sampling,37840,95.9924381629184,0,0,0,0.5
475,cloud_inventory,500,latest_state,Anomaly sampling,162329,82.80804689609887,0,0,0,315.063
475,cloud_inventory,500,latest_state,Task-aware unverified,172,99.98178380983146,0,0,0,16.906
475,cloud_inventory,500,latest_state,Pattern-retention guard,177362,81.21593069375089,1,1,1,394.512
475,cloud_inventory,500,latest_state,Invariant-preserving gate,908,99.90383546120322,1,1,1,394.313
476,cloud_inventory,500,aggregation,Raw,944215,0.0,1,1,0,0.0
476,cloud_inventory,500,aggregation,Fixed projection,95853,89.84839258007975,0,0,0,477.117
476,cloud_inventory,500,aggregation,Head-tail sampling,37840,95.9924381629184,0,0,0,0.481
476,cloud_inventory,500,aggregation,Anomaly sampling,162329,82.80804689609887,0,0,0,330.547
476,cloud_inventory,500,aggregation,Task-aware unverified,3130,99.66850770216529,1,1,0,69.444
476,cloud_inventory,500,aggregation,Pattern-retention guard,288704,69.42391298591953,1,1,1,409.825
476,cloud_inventory,500,aggregation,Invariant-preserving gate,3126,99.66893133449479,1,1,1,499.691
477,cloud_inventory,500,join,Raw,944215,0.0,1,1,0,0.0
477,cloud_inventory,500,join,Fixed projection,95853,89.84839258007975,0,0,0,511.839
477,cloud_inventory,500,join,Head-tail sampling,37840,95.9924381629184,0,0,0,0.54
477,cloud_inventory,500,join,Anomaly sampling,162329,82.80804689609887,0,0,0,317.707
477,cloud_inventory,500,join,Task-aware unverified,1458,99.8455860158968,1,1,0,29.335
477,cloud_inventory,500,join,Pattern-retention guard,186853,80.21075708392686,1,1,1,374.352
477,cloud_inventory,500,join,Invariant-preserving gate,1454,99.84600964822631,1,1,1,399.561
478,cloud_inventory,500,negative_evidence,Raw,944215,0.0,1,1,0,0.0
478,cloud_inventory,500,negative_evidence,Fixed projection,95853,89.84839258007975,1,1,0,468.864
478,cloud_inventory,500,negative_evidence,Head-tail sampling,37840,95.9924381629184,0,0,0,0.501
478,cloud_inventory,500,negative_evidence,Anomaly sampling,162329,82.80804689609887,0,0,0,317.186
478,cloud_inventory,500,negative_evidence,Task-aware unverified,81,99.9914214453276,0,0,0,0.461
478,cloud_inventory,500,negative_evidence,Pattern-retention guard,171731,81.81229910560624,1,1,1,383.826
478,cloud_inventory,500,negative_evidence,Invariant-preserving gate,318,99.96632122980465,1,1,1,373.06
479,cloud_inventory,500,threshold,Raw,944215,0.0,1,1,0,0.0
479,cloud_inventory,500,threshold,Fixed projection,95853,89.84839258007975,0,0,0,478.609
479,cloud_inventory,500,threshold,Head-tail sampling,37840,95.9924381629184,0,0,0,0.521
479,cloud_inventory,500,threshold,Anomaly sampling,162329,82.80804689609887,1,1,0,332.179
479,cloud_inventory,500,threshold,Task-aware unverified,184,99.98051291284294,1,1,0,18.117
479,cloud_inventory,500,threshold,Pattern-retention guard,315349,66.60199213102949,1,1,1,420.522
479,cloud_inventory,500,threshold,Invariant-preserving gate,162329,82.80804689609887,1,1,0,366.561
480,cloud_inventory,500,provenance,Raw,944215,0.0,1,1,0,0.0
480,cloud_inventory,500,provenance,Fixed projection,95853,89.84839258007975,0,0,0,477.157
480,cloud_inventory,500,provenance,Head-tail sampling,37840,95.9924381629184,0,0,0,0.51
480,cloud_inventory,500,provenance,Anomaly sampling,162329,82.80804689609887,1,1,0,327.782
480,cloud_inventory,500,provenance,Task-aware unverified,2994,99.68291120136833,1,1,0,31.217
480,cloud_inventory,500,provenance,Pattern-retention guard,162327,82.80825871226362,1,1,0,383.597
480,cloud_inventory,500,provenance,Invariant-preserving gate,162329,82.80804689609887,1,1,0,372.56
481,issue_tracking,50,lookup,Raw,95449,0.0,1,1,0,0.0
481,issue_tracking,50,lookup,Fixed projection,9703,89.8343618057811,0,0,0,48.022
481,issue_tracking,50,lookup,Head-tail sampling,37683,60.52027784471288,0,0,0,0.471
481,issue_tracking,50,lookup,Anomaly sampling,30299,68.25634632107199,0,0,0,63.866
481,issue_tracking,50,lookup,Task-aware unverified,443,99.53587779861496,1,1,0,2.915
481,issue_tracking,50,lookup,Pattern-retention guard,32181,66.28461272512023,1,1,1,67.541
481,issue_tracking,50,lookup,Invariant-preserving gate,439,99.5400685182663,1,1,1,69.534
482,issue_tracking,50,rare_event,Raw,95449,0.0,1,1,0,0.0
482,issue_tracking,50,rare_event,Fixed projection,9703,89.8343618057811,1,1,0,46.209
482,issue_tracking,50,rare_event,Head-tail sampling,37683,60.52027784471288,0,0,0,0.471
482,issue_tracking,50,rare_event,Anomaly sampling,30299,68.25634632107199,1,1,0,68.133
482,issue_tracking,50,rare_event,Task-aware unverified,268,99.71922178336075,1,1,0,3.495
482,issue_tracking,50,rare_event,Pattern-retention guard,30297,68.25844168089765,1,1,0,69.134
482,issue_tracking,50,rare_event,Invariant-preserving gate,30299,68.25634632107199,1,1,0,64.437
483,issue_tracking,50,latest_state,Raw,95449,0.0,1,1,0,0.0
483,issue_tracking,50,latest_state,Fixed projection,9703,89.8343618057811,1,1,0,48.172
483,issue_tracking,50,latest_state,Head-tail sampling,37683,60.52027784471288,0,0,0,0.5
483,issue_tracking,50,latest_state,Anomaly sampling,30299,68.25634632107199,0,0,0,62.795
483,issue_tracking,50,latest_state,Task-aware unverified,174,99.81770369516705,0,0,0,3.174
483,issue_tracking,50,latest_state,Pattern-retention guard,37813,60.38407945604458,1,1,1,69.294
483,issue_tracking,50,latest_state,Invariant-preserving gate,725,99.24043206319605,1,1,1,80.561
484,issue_tracking,50,aggregation,Raw,95449,0.0,1,1,0,0.0
484,issue_tracking,50,aggregation,Fixed projection,9703,89.8343618057811,0,0,0,45.779
484,issue_tracking,50,aggregation,Head-tail sampling,37683,60.52027784471288,0,0,0,0.501
484,issue_tracking,50,aggregation,Anomaly sampling,30299,68.25634632107199,0,0,0,61.843
484,issue_tracking,50,aggregation,Task-aware unverified,392,99.58930947416945,1,1,0,7.451
484,issue_tracking,50,aggregation,Pattern-retention guard,39711,58.39558298148751,1,1,1,66.48
484,issue_tracking,50,aggregation,Invariant-preserving gate,388,99.59350019382079,1,1,1,74.041
485,issue_tracking,50,join,Raw,95449,0.0,1,1,0,0.0
485,issue_tracking,50,join,Fixed projection,9703,89.8343618057811,0,0,0,45.048
485,issue_tracking,50,join,Head-tail sampling,37683,60.52027784471288,0,0,0,0.47
485,issue_tracking,50,join,Anomaly sampling,30299,68.25634632107199,0,0,0,64.227
485,issue_tracking,50,join,Task-aware unverified,631,99.33891397500236,1,1,0,6.751
485,issue_tracking,50,join,Pattern-retention guard,37824,60.372554977003425,1,1,1,66.33
485,issue_tracking,50,join,Invariant-preserving gate,627,99.34310469465369,1,1,1,92.809
486,issue_tracking,50,negative_evidence,Raw,95449,0.0,1,1,0,0.0
486,issue_tracking,50,negative_evidence,Fixed projection,9703,89.8343618057811,1,1,0,45.859
486,issue_tracking,50,negative_evidence,Head-tail sampling,37683,60.52027784471288,1,1,0,0.501
486,issue_tracking,50,negative_evidence,Anomaly sampling,30299,68.25634632107199,1,1,0,61.793
486,issue_tracking,50,negative_evidence,Task-aware unverified,80,99.91618560697336,0,0,0,0.481
486,issue_tracking,50,negative_evidence,Pattern-retention guard,30297,68.25844168089765,1,1,0,66.48
486,issue_tracking,50,negative_evidence,Invariant-preserving gate,30299,68.25634632107199,1,1,0,62.844
487,issue_tracking,50,threshold,Raw,95449,0.0,1,1,0,0.0
487,issue_tracking,50,threshold,Fixed projection,9703,89.8343618057811,0,0,0,45.479
487,issue_tracking,50,threshold,Head-tail sampling,37683,60.52027784471288,0,0,0,0.451
487,issue_tracking,50,threshold,Anomaly sampling,30299,68.25634632107199,1,1,0,59.219
487,issue_tracking,50,threshold,Task-aware unverified,183,99.80827457595154,1,1,0,3.145
487,issue_tracking,50,threshold,Pattern-retention guard,43470,54.457354189148134,1,1,1,65.098
487,issue_tracking,50,threshold,Invariant-preserving gate,30299,68.25634632107199,1,1,0,64.887
488,issue_tracking,50,provenance,Raw,95449,0.0,1,1,0,0.0
488,issue_tracking,50,provenance,Fixed projection,9703,89.8343618057811,0,0,0,46.199
488,issue_tracking,50,provenance,Head-tail sampling,37683,60.52027784471288,0,0,0,0.461
488,issue_tracking,50,provenance,Anomaly sampling,30299,68.25634632107199,1,1,0,59.77
488,issue_tracking,50,provenance,Task-aware unverified,614,99.35672453352052,1,1,0,4.807
488,issue_tracking,50,provenance,Pattern-retention guard,30297,68.25844168089765,1,1,0,64.176
488,issue_tracking,50,provenance,Invariant-preserving gate,30299,68.25634632107199,1,1,0,65.168
489,issue_tracking,50,lookup,Raw,95430,0.0,1,1,0,0.0
489,issue_tracking,50,lookup,Fixed projection,9639,89.89940270355234,0,0,0,45.518
489,issue_tracking,50,lookup,Head-tail sampling,37754,60.438017394949185,0,0,0,0.47
489,issue_tracking,50,lookup,Anomaly sampling,28305,70.33951587551084,0,0,0,55.814
489,issue_tracking,50,lookup,Task-aware unverified,432,99.54731216598553,1,1,0,3.095
489,issue_tracking,50,lookup,Pattern-retention guard,30186,68.36843759823954,1,1,1,60.2
489,issue_tracking,50,lookup,Invariant-preserving gate,428,99.55150372000419,1,1,1,63.676
490,issue_tracking,50,rare_event,Raw,95430,0.0,1,1,0,0.0
490,issue_tracking,50,rare_event,Fixed projection,9639,89.89940270355234,1,1,0,58.177
490,issue_tracking,50,rare_event,Head-tail sampling,37754,60.438017394949185,0,0,0,0.461
490,issue_tracking,50,rare_event,Anomaly sampling,28305,70.33951587551084,1,1,0,57.367
490,issue_tracking,50,rare_event,Task-aware unverified,174,99.81766740018863,1,1,0,2.684
490,issue_tracking,50,rare_event,Pattern-retention guard,28303,70.34161165252017,1,1,0,65.999
490,issue_tracking,50,rare_event,Invariant-preserving gate,28305,70.33951587551084,1,1,0,59.199
491,issue_tracking,50,latest_state,Raw,95430,0.0,1,1,0,0.0
491,issue_tracking,50,latest_state,Fixed projection,9639,89.89940270355234,1,1,0,45.739
491,issue_tracking,50,latest_state,Head-tail sampling,37754,60.438017394949185,0,0,0,0.5
491,issue_tracking,50,latest_state,Anomaly sampling,28305,70.33951587551084,1,0,0,56.114
491,issue_tracking,50,latest_state,Task-aware unverified,171,99.82081106570261,0,0,0,3.416
491,issue_tracking,50,latest_state,Pattern-retention guard,39647,58.45436445562192,1,1,1,67.041
491,issue_tracking,50,latest_state,Invariant-preserving gate,817,99.14387509169025,1,1,1,68.623
492,issue_tracking,50,aggregation,Raw,95430,0.0,1,1,0,0.0
492,issue_tracking,50,aggregation,Fixed projection,9639,89.89940270355234,0,0,0,46.31
492,issue_tracking,50,aggregation,Head-tail sampling,37754,60.438017394949185,0,0,0,0.461
492,issue_tracking,50,aggregation,Anomaly sampling,28305,70.33951587551084,0,0,0,56.906
492,issue_tracking,50,aggregation,Task-aware unverified,392,99.58922770617207,1,1,0,7.692
492,issue_tracking,50,aggregation,Pattern-retention guard,39590,58.51409410038772,1,1,1,61.383
492,issue_tracking,50,aggregation,Invariant-preserving gate,388,99.59341926019071,1,1,1,68.422
493,issue_tracking,50,join,Raw,95430,0.0,1,1,0,0.0
493,issue_tracking,50,join,Fixed projection,9639,89.89940270355234,0,0,0,46.179
493,issue_tracking,50,join,Head-tail sampling,37754,60.438017394949185,0,0,0,0.471
493,issue_tracking,50,join,Anomaly sampling,28305,70.33951587551084,0,0,0,54.482
493,issue_tracking,50,join,Task-aware unverified,725,99.24028083411926,1,1,0,7.682
493,issue_tracking,50,join,Pattern-retention guard,39600,58.503615215341085,1,1,1,61.453
493,issue_tracking,50,join,Invariant-preserving gate,721,99.24447238813791,1,1,1,73.04
494,issue_tracking,50,negative_evidence,Raw,95430,0.0,1,1,0,0.0
494,issue_tracking,50,negative_evidence,Fixed projection,9639,89.89940270355234,1,1,0,46.62
494,issue_tracking,50,negative_evidence,Head-tail sampling,37754,60.438017394949185,0,0,0,0.481
494,issue_tracking,50,negative_evidence,Anomaly sampling,28305,70.33951587551084,0,0,0,55.163
494,issue_tracking,50,negative_evidence,Task-aware unverified,80,99.91616891962694,0,0,0,0.481
494,issue_tracking,50,negative_evidence,Pattern-retention guard,32133,66.32819867966049,1,1,1,70.145
494,issue_tracking,50,negative_evidence,Invariant-preserving gate,231,99.75793775542282,1,1,1,66.981
495,issue_tracking,50,threshold,Raw,95430,0.0,1,1,0,0.0
495,issue_tracking,50,threshold,Fixed projection,9639,89.89940270355234,0,0,0,45.678
495,issue_tracking,50,threshold,Head-tail sampling,37754,60.438017394949185,0,0,0,0.481
495,issue_tracking,50,threshold,Anomaly sampling,28305,70.33951587551084,1,1,0,56.896
495,issue_tracking,50,threshold,Task-aware unverified,183,99.80823640364666,1,1,0,3.024
495,issue_tracking,50,threshold,Pattern-retention guard,37732,60.46107094205176,1,1,1,61.783
495,issue_tracking,50,threshold,Invariant-preserving gate,28305,70.33951587551084,1,1,0,61.102
496,issue_tracking,50,provenance,Raw,95430,0.0,1,1,0,0.0
496,issue_tracking,50,provenance,Fixed projection,9639,89.89940270355234,0,0,0,46.23
496,issue_tracking,50,provenance,Head-tail sampling,37754,60.438017394949185,0,0,0,0.461
496,issue_tracking,50,provenance,Anomaly sampling,28305,70.33951587551084,1,1,0,55.353
496,issue_tracking,50,provenance,Task-aware unverified,470,99.50749240280834,1,1,0,4.146
496,issue_tracking,50,provenance,Pattern-retention guard,28303,70.34161165252017,1,1,0,61.383
496,issue_tracking,50,provenance,Invariant-preserving gate,28305,70.33951587551084,1,1,0,61.222
497,issue_tracking,50,lookup,Raw,95423,0.0,1,1,0,0.0
497,issue_tracking,50,lookup,Fixed projection,9692,89.84311958332897,0,0,0,45.448
497,issue_tracking,50,lookup,Head-tail sampling,37744,60.44559487754524,0,0,0,0.48
497,issue_tracking,50,lookup,Anomaly sampling,37766,60.42253963929032,0,0,0,65.128
497,issue_tracking,50,lookup,Task-aware unverified,434,99.54518302715279,1,1,0,2.974
497,issue_tracking,50,lookup,Pattern-retention guard,39653,58.44502897624262,1,1,1,67.782
497,issue_tracking,50,lookup,Invariant-preserving gate,430,99.54937488865367,1,1,1,70.546
498,issue_tracking,50,rare_event,Raw,95423,0.0,1,1,0,0.0
498,issue_tracking,50,rare_event,Fixed projection,9692,89.84311958332897,1,1,0,45.588
498,issue_tracking,50,rare_event,Head-tail sampling,37744,60.44559487754524,0,0,0,0.451
498,issue_tracking,50,rare_event,Anomaly sampling,37766,60.42253963929032,1,1,0,68.563
498,issue_tracking,50,rare_event,Task-aware unverified,351,99.63216415329637,1,1,0,4.307
498,issue_tracking,50,rare_event,Pattern-retention guard,37764,60.42463557004076,1,1,0,65.418
498,issue_tracking,50,rare_event,Invariant-preserving gate,37766,60.42253963929032,1,1,0,65.358
499,issue_tracking,50,latest_state,Raw,95423,0.0,1,1,0,0.0
499,issue_tracking,50,latest_state,Fixed projection,9692,89.84311958332897,1,1,0,45.699
499,issue_tracking,50,latest_state,Head-tail sampling,37744,60.44559487754524,0,0,0,0.501
499,issue_tracking,50,latest_state,Anomaly sampling,37766,60.42253963929032,0,0,0,60.13
499,issue_tracking,50,latest_state,Task-aware unverified,171,99.8207979208367,0,0,0,3.165
499,issue_tracking,50,latest_state,Pattern-retention guard,52822,44.64437294991773,1,1,1,71.488
499,issue_tracking,50,latest_state,Invariant-preserving gate,912,99.04425557779571,1,1,1,91.918
500,issue_tracking,50,aggregation,Raw,95423,0.0,1,1,0,0.0
500,issue_tracking,50,aggregation,Fixed projection,9692,89.84311958332897,0,0,0,45.478
500,issue_tracking,50,aggregation,Head-tail sampling,37744,60.44559487754524,0,0,0,0.461
500,issue_tracking,50,aggregation,Anomaly sampling,37766,60.42253963929032,0,0,0,78.118
500,issue_tracking,50,aggregation,Task-aware unverified,562,99.41104345912412,1,1,0,10.526
500,issue_tracking,50,aggregation,Pattern-retention guard,52926,44.53538455089444,1,1,1,73.721
500,issue_tracking,50,aggregation,Invariant-preserving gate,558,99.415235320625,1,1,1,80.942
501,issue_tracking,50,join,Raw,95423,0.0,1,1,0,0.0
501,issue_tracking,50,join,Fixed projection,9692,89.84311958332897,0,0,0,45.959
501,issue_tracking,50,join,Head-tail sampling,37744,60.44559487754524,0,0,0,0.511
501,issue_tracking,50,join,Anomaly sampling,37766,60.42253963929032,0,0,0,60.721
501,issue_tracking,50,join,Task-aware unverified,628,99.34187774435934,1,1,0,6.911
501,issue_tracking,50,join,Pattern-retention guard,43481,54.43341751988514,1,1,1,69.554
501,issue_tracking,50,join,Invariant-preserving gate,624,99.34606960586022,1,1,1,79.91
502,issue_tracking,50,negative_evidence,Raw,95423,0.0,1,1,0,0.0
502,issue_tracking,50,negative_evidence,Fixed projection,9692,89.84311958332897,1,1,0,44.807
502,issue_tracking,50,negative_evidence,Head-tail sampling,37744,60.44559487754524,0,0,0,0.44
502,issue_tracking,50,negative_evidence,Anomaly sampling,37766,60.42253963929032,0,0,0,59.098
502,issue_tracking,50,negative_evidence,Task-aware unverified,80,99.91616276998208,0,0,0,0.481
502,issue_tracking,50,negative_evidence,Pattern-retention guard,43405,54.51306288840216,1,1,1,66.901
502,issue_tracking,50,negative_evidence,Invariant-preserving gate,233,99.7558240675728,1,1,1,71.497
503,issue_tracking,50,threshold,Raw,95423,0.0,1,1,0,0.0
503,issue_tracking,50,threshold,Fixed projection,9692,89.84311958332897,0,0,0,44.467
503,issue_tracking,50,threshold,Head-tail sampling,37744,60.44559487754524,0,0,0,0.47
503,issue_tracking,50,threshold,Anomaly sampling,37766,60.42253963929032,1,1,0,58.698
503,issue_tracking,50,threshold,Task-aware unverified,183,99.80822233633401,1,1,0,3.245
503,issue_tracking,50,threshold,Pattern-retention guard,47184,50.55280173543066,1,1,1,67.271
503,issue_tracking,50,threshold,Invariant-preserving gate,37766,60.42253963929032,1,1,0,66.009
504,issue_tracking,50,provenance,Raw,95423,0.0,1,1,0,0.0
504,issue_tracking,50,provenance,Fixed projection,9692,89.84311958332897,0,0,0,44.516
504,issue_tracking,50,provenance,Head-tail sampling,37744,60.44559487754524,0,0,0,0.491
504,issue_tracking,50,provenance,Anomaly sampling,37766,60.42253963929032,1,1,0,59.82
504,issue_tracking,50,provenance,Task-aware unverified,342,99.6415958416734,1,1,0,4.206
504,issue_tracking,50,provenance,Pattern-retention guard,37764,60.42463557004076,1,1,0,75.143
504,issue_tracking,50,provenance,Invariant-preserving gate,37766,60.42253963929032,1,1,0,69.294
505,issue_tracking,50,lookup,Raw,95449,0.0,1,1,0,0.0
505,issue_tracking,50,lookup,Fixed projection,9699,89.83855252543242,0,0,0,46.88
505,issue_tracking,50,lookup,Head-tail sampling,37779,60.41970057308092,0,0,0,0.501
505,issue_tracking,50,lookup,Anomaly sampling,37720,60.48151368793806,0,0,0,60.541
505,issue_tracking,50,lookup,Task-aware unverified,442,99.5369254785278,1,1,0,3.145
505,issue_tracking,50,lookup,Pattern-retention guard,39588,58.52444761076596,1,1,1,62.794
505,issue_tracking,50,lookup,Invariant-preserving gate,438,99.54111619817914,1,1,1,70.706
506,issue_tracking,50,rare_event,Raw,95449,0.0,1,1,0,0.0
506,issue_tracking,50,rare_event,Fixed projection,9699,89.83855252543242,1,1,0,49.744
506,issue_tracking,50,rare_event,Head-tail sampling,37779,60.41970057308092,0,0,0,0.491
506,issue_tracking,50,rare_event,Anomaly sampling,37720,60.48151368793806,1,1,0,57.076
506,issue_tracking,50,rare_event,Task-aware unverified,351,99.6322643505956,1,1,0,4.206
506,issue_tracking,50,rare_event,Pattern-retention guard,37718,60.48360904776373,1,1,0,62.875
506,issue_tracking,50,rare_event,Invariant-preserving gate,37720,60.48151368793806,1,1,0,62.414
507,issue_tracking,50,latest_state,Raw,95449,0.0,1,1,0,0.0
507,issue_tracking,50,latest_state,Fixed projection,9699,89.83855252543242,1,1,0,46.54
507,issue_tracking,50,latest_state,Head-tail sampling,37779,60.41970057308092,0,0,0,0.471
507,issue_tracking,50,latest_state,Anomaly sampling,37720,60.48151368793806,0,0,0,56.875
507,issue_tracking,50,latest_state,Task-aware unverified,172,99.81979905499271,0,0,0,3.004
507,issue_tracking,50,latest_state,Pattern-retention guard,43386,54.54535930182611,1,1,1,62.955
507,issue_tracking,50,latest_state,Invariant-preserving gate,730,99.23519366363188,1,1,1,68.964
508,issue_tracking,50,aggregation,Raw,95449,0.0,1,1,0,0.0
508,issue_tracking,50,aggregation,Fixed projection,9699,89.83855252543242,0,0,0,45.769
508,issue_tracking,50,aggregation,Head-tail sampling,37779,60.41970057308092,0,0,0,0.471
508,issue_tracking,50,aggregation,Anomaly sampling,37720,60.48151368793806,0,0,0,55.884
508,issue_tracking,50,aggregation,Task-aware unverified,431,99.54844995756896,1,1,0,8.202
508,issue_tracking,50,aggregation,Pattern-retention guard,47212,50.53693595532693,1,1,1,65.728
508,issue_tracking,50,aggregation,Invariant-preserving gate,427,99.5526406772203,1,1,1,77.767
509,issue_tracking,50,join,Raw,95449,0.0,1,1,0,0.0
509,issue_tracking,50,join,Fixed projection,9699,89.83855252543242,0,0,0,45.408
509,issue_tracking,50,join,Head-tail sampling,37779,60.41970057308092,0,0,0,0.451
509,issue_tracking,50,join,Anomaly sampling,37720,60.48151368793806,0,0,0,57.116
509,issue_tracking,50,join,Task-aware unverified,542,99.4321574872445,1,1,0,6.129
509,issue_tracking,50,join,Pattern-retention guard,45248,52.594579304131,1,1,1,64.718
509,issue_tracking,50,join,Invariant-preserving gate,538,99.43634820689583,1,1,1,72.219
510,issue_tracking,50,negative_evidence,Raw,95449,0.0,1,1,0,0.0
510,issue_tracking,50,negative_evidence,Fixed projection,9699,89.83855252543242,1,1,0,45.638
510,issue_tracking,50,negative_evidence,Head-tail sampling,37779,60.41970057308092,0,0,0,0.471
510,issue_tracking,50,negative_evidence,Anomaly sampling,37720,60.48151368793806,0,0,0,55.203
510,issue_tracking,50,negative_evidence,Task-aware unverified,80,99.91618560697336,0,0,0,0.461
510,issue_tracking,50,negative_evidence,Pattern-retention guard,41497,56.5244266571677,1,1,1,63.996
510,issue_tracking,50,negative_evidence,Invariant-preserving gate,237,99.75169986065858,1,1,1,122.834
511,issue_tracking,50,threshold,Raw,95449,0.0,1,1,0,0.0
511,issue_tracking,50,threshold,Fixed projection,9699,89.83855252543242,0,0,0,46.63
511,issue_tracking,50,threshold,Head-tail sampling,37779,60.41970057308092,0,0,0,0.461
511,issue_tracking,50,threshold,Anomaly sampling,37720,60.48151368793806,1,1,0,75.373
511,issue_tracking,50,threshold,Task-aware unverified,183,99.80827457595154,1,1,0,3.645
511,issue_tracking,50,threshold,Pattern-retention guard,54716,42.67514588942786,1,1,1,67.802
511,issue_tracking,50,threshold,Invariant-preserving gate,37720,60.48151368793806,1,1,0,63.436
512,issue_tracking,50,provenance,Raw,95449,0.0,1,1,0,0.0
512,issue_tracking,50,provenance,Fixed projection,9699,89.83855252543242,0,0,0,49.044
512,issue_tracking,50,provenance,Head-tail sampling,37779,60.41970057308092,0,0,0,0.521
512,issue_tracking,50,provenance,Anomaly sampling,37720,60.48151368793806,1,1,0,65.037
512,issue_tracking,50,provenance,Task-aware unverified,744,99.22052614485223,1,1,0,5.718
512,issue_tracking,50,provenance,Pattern-retention guard,37718,60.48360904776373,1,1,0,65.628
512,issue_tracking,50,provenance,Invariant-preserving gate,37720,60.48151368793806,1,1,0,80.782
513,issue_tracking,50,lookup,Raw,95608,0.0,1,1,0,0.0
513,issue_tracking,50,lookup,Fixed projection,9675,89.88055392854154,0,0,0,112.81
513,issue_tracking,50,lookup,Head-tail sampling,37885,60.37465484059912,0,0,0,0.471
513,issue_tracking,50,lookup,Anomaly sampling,35940,62.409003430675256,0,0,0,67.732
513,issue_tracking,50,lookup,Task-aware unverified,446,99.53351184001339,1,1,0,2.965
513,issue_tracking,50,lookup,Pattern-retention guard,37825,60.437411095305826,1,1,1,69.174
513,issue_tracking,50,lookup,Invariant-preserving gate,442,99.53769559032717,1,1,1,75.704
514,issue_tracking,50,rare_event,Raw,95608,0.0,1,1,0,0.0
514,issue_tracking,50,rare_event,Fixed projection,9675,89.88055392854154,1,1,0,46.981
514,issue_tracking,50,rare_event,Head-tail sampling,37885,60.37465484059912,0,0,0,0.511
514,issue_tracking,50,rare_event,Anomaly sampling,35940,62.409003430675256,1,1,0,64.788
514,issue_tracking,50,rare_event,Task-aware unverified,174,99.81800686135051,1,1,0,2.764
514,issue_tracking,50,rare_event,Pattern-retention guard,35938,62.411095305832156,1,1,0,68.874
514,issue_tracking,50,rare_event,Invariant-preserving gate,35940,62.409003430675256,1,1,0,65.879
515,issue_tracking,50,latest_state,Raw,95608,0.0,1,1,0,0.0
515,issue_tracking,50,latest_state,Fixed projection,9675,89.88055392854154,1,1,0,45.158
515,issue_tracking,50,latest_state,Head-tail sampling,37885,60.37465484059912,0,0,0,0.52
515,issue_tracking,50,latest_state,Anomaly sampling,35940,62.409003430675256,0,0,0,57.947
515,issue_tracking,50,latest_state,Task-aware unverified,171,99.82114467408584,0,0,0,3.956
515,issue_tracking,50,latest_state,Pattern-retention guard,45317,52.6012467575935,1,1,1,69.124
515,issue_tracking,50,latest_state,Invariant-preserving gate,725,99.24169525562715,1,1,1,77.576
516,issue_tracking,50,aggregation,Raw,95608,0.0,1,1,0,0.0
516,issue_tracking,50,aggregation,Fixed projection,9675,89.88055392854154,0,0,0,44.907
516,issue_tracking,50,aggregation,Head-tail sampling,37885,60.37465484059912,0,0,0,0.51
516,issue_tracking,50,aggregation,Anomaly sampling,35940,62.409003430675256,0,0,0,65.739
516,issue_tracking,50,aggregation,Task-aware unverified,467,99.51154715086604,1,1,0,9.375
516,issue_tracking,50,aggregation,Pattern-retention guard,49240,48.49803363735252,1,1,1,69.644
516,issue_tracking,50,aggregation,Invariant-preserving gate,463,99.51573090117982,1,1,1,75.644
517,issue_tracking,50,join,Raw,95608,0.0,1,1,0,0.0
517,issue_tracking,50,join,Fixed projection,9675,89.88055392854154,0,0,0,46.5
517,issue_tracking,50,join,Head-tail sampling,37885,60.37465484059912,0,0,0,0.511
517,issue_tracking,50,join,Anomaly sampling,35940,62.409003430675256,0,0,0,58.869
517,issue_tracking,50,join,Task-aware unverified,720,99.24692494351936,1,1,0,7.712
517,issue_tracking,50,join,Pattern-retention guard,49133,48.60994895824617,1,1,1,66.52
517,issue_tracking,50,join,Invariant-preserving gate,716,99.25110869383316,1,1,1,78.048
518,issue_tracking,50,negative_evidence,Raw,95608,0.0,1,1,0,0.0
518,issue_tracking,50,negative_evidence,Fixed projection,9675,89.88055392854154,1,1,0,45.809
518,issue_tracking,50,negative_evidence,Head-tail sampling,37885,60.37465484059912,0,0,0,0.481
518,issue_tracking,50,negative_evidence,Anomaly sampling,35940,62.409003430675256,0,0,0,60.812
518,issue_tracking,50,negative_evidence,Task-aware unverified,80,99.91632499372437,0,0,0,0.501
518,issue_tracking,50,negative_evidence,Pattern-retention guard,37857,60.40394109279559,1,1,1,68.052
518,issue_tracking,50,negative_evidence,Invariant-preserving gate,233,99.75629654422224,1,1,1,75.974
519,issue_tracking,50,threshold,Raw,95608,0.0,1,1,0,0.0
519,issue_tracking,50,threshold,Fixed projection,9675,89.88055392854154,0,0,0,44.968
519,issue_tracking,50,threshold,Head-tail sampling,37885,60.37465484059912,0,0,0,0.481
519,issue_tracking,50,threshold,Anomaly sampling,35940,62.409003430675256,1,1,0,60.11
519,issue_tracking,50,threshold,Task-aware unverified,183,99.80859342314452,1,1,0,3.024
519,issue_tracking,50,threshold,Pattern-retention guard,45383,52.532214877416116,1,1,1,69.975
519,issue_tracking,50,threshold,Invariant-preserving gate,35940,62.409003430675256,1,1,0,65.238
520,issue_tracking,50,provenance,Raw,95608,0.0,1,1,0,0.0
520,issue_tracking,50,provenance,Fixed projection,9675,89.88055392854154,0,0,0,44.467
520,issue_tracking,50,provenance,Head-tail sampling,37885,60.37465484059912,0,0,0,0.481
520,issue_tracking,50,provenance,Anomaly sampling,35940,62.409003430675256,1,1,0,58.478
520,issue_tracking,50,provenance,Task-aware unverified,484,99.49376621203247,1,1,0,4.297
520,issue_tracking,50,provenance,Pattern-retention guard,35938,62.411095305832156,1,1,0,66.039
520,issue_tracking,50,provenance,Invariant-preserving gate,35940,62.409003430675256,1,1,0,65.418
521,issue_tracking,100,lookup,Raw,189675,0.0,1,1,0,0.0
521,issue_tracking,100,lookup,Fixed projection,19253,89.84947937261104,0,0,0,92.469
521,issue_tracking,100,lookup,Head-tail sampling,37703,80.1223144853038,0,0,0,0.52
521,issue_tracking,100,lookup,Anomaly sampling,47174,75.12903650981943,0,0,0,91.387
521,issue_tracking,100,lookup,Task-aware unverified,439,99.76855146961908,1,1,0,4.556
521,issue_tracking,100,lookup,Pattern-retention guard,49042,74.14419401608015,1,1,1,116.385
521,issue_tracking,100,lookup,Invariant-preserving gate,435,99.77066034005536,1,1,1,99.329
522,issue_tracking,100,rare_event,Raw,189675,0.0,1,1,0,0.0
522,issue_tracking,100,rare_event,Fixed projection,19253,89.84947937261104,1,1,0,93.059
522,issue_tracking,100,rare_event,Head-tail sampling,37703,80.1223144853038,0,0,0,0.471
522,issue_tracking,100,rare_event,Anomaly sampling,47174,75.12903650981943,1,1,0,86.58
522,issue_tracking,100,rare_event,Task-aware unverified,515,99.7284829313299,1,1,0,7.061
522,issue_tracking,100,rare_event,Pattern-retention guard,47172,75.13009094503757,1,1,0,97.857
522,issue_tracking,100,rare_event,Invariant-preserving gate,47174,75.12903650981943,1,1,0,95.173
523,issue_tracking,100,latest_state,Raw,189675,0.0,1,1,0,0.0
523,issue_tracking,100,latest_state,Fixed projection,19253,89.84947937261104,1,1,0,92.579
523,issue_tracking,100,latest_state,Head-tail sampling,37703,80.1223144853038,0,0,0,0.451
523,issue_tracking,100,latest_state,Anomaly sampling,47174,75.12903650981943,0,0,0,86.761
523,issue_tracking,100,latest_state,Task-aware unverified,171,99.90984578884935,0,0,0,4.617
523,issue_tracking,100,latest_state,Pattern-retention guard,58489,69.16356926321339,1,1,1,98.247
523,issue_tracking,100,latest_state,Invariant-preserving gate,911,99.51970475813893,1,1,1,109.244
524,issue_tracking,100,aggregation,Raw,189675,0.0,1,1,0,0.0
524,issue_tracking,100,aggregation,Fixed projection,19253,89.84947937261104,0,0,0,92.318
524,issue_tracking,100,aggregation,Head-tail sampling,37703,80.1223144853038,0,0,0,0.471
524,issue_tracking,100,aggregation,Anomaly sampling,47174,75.12903650981943,0,0,0,93.27
524,issue_tracking,100,aggregation,Task-aware unverified,1096,99.42216950046131,1,1,0,21.302
524,issue_tracking,100,aggregation,Pattern-retention guard,86887,54.19164360089628,1,1,1,109.655
524,issue_tracking,100,aggregation,Invariant-preserving gate,1092,99.4242783708976,1,1,1,128.984
525,issue_tracking,100,join,Raw,189675,0.0,1,1,0,0.0
525,issue_tracking,100,join,Fixed projection,19253,89.84947937261104,0,0,0,91.377
525,issue_tracking,100,join,Head-tail sampling,37703,80.1223144853038,0,0,0,0.491
525,issue_tracking,100,join,Anomaly sampling,47174,75.12903650981943,0,0,0,87.381
525,issue_tracking,100,join,Task-aware unverified,1002,99.47172795571372,1,1,0,11.708
525,issue_tracking,100,join,Pattern-retention guard,62399,67.10214841175694,1,1,1,102.925
525,issue_tracking,100,join,Invariant-preserving gate,998,99.47383682614999,1,1,1,118.127
526,issue_tracking,100,negative_evidence,Raw,189675,0.0,1,1,0,0.0
526,issue_tracking,100,negative_evidence,Fixed projection,19253,89.84947937261104,1,1,0,92.379
526,issue_tracking,100,negative_evidence,Head-tail sampling,37703,80.1223144853038,0,0,0,0.511
526,issue_tracking,100,negative_evidence,Anomaly sampling,47174,75.12903650981943,0,0,0,85.378
526,issue_tracking,100,negative_evidence,Task-aware unverified,80,99.95782259127455,0,0,0,0.491
526,issue_tracking,100,negative_evidence,Pattern-retention guard,56553,70.18426255436931,1,1,1,98.538
526,issue_tracking,100,negative_evidence,Invariant-preserving gate,360,99.81020166073546,1,1,1,107.281
527,issue_tracking,100,threshold,Raw,189675,0.0,1,1,0,0.0
527,issue_tracking,100,threshold,Fixed projection,19253,89.84947937261104,0,0,0,92.309
527,issue_tracking,100,threshold,Head-tail sampling,37703,80.1223144853038,0,0,0,0.471
527,issue_tracking,100,threshold,Anomaly sampling,47174,75.12903650981943,1,1,0,85.589
527,issue_tracking,100,threshold,Task-aware unverified,183,99.90351917754053,1,1,0,4.888
527,issue_tracking,100,threshold,Pattern-retention guard,77237,59.27929352840384,1,1,1,100.371
527,issue_tracking,100,threshold,Invariant-preserving gate,47174,75.12903650981943,1,1,0,95.704
528,issue_tracking,100,provenance,Raw,189675,0.0,1,1,0,0.0
528,issue_tracking,100,provenance,Fixed projection,19253,89.84947937261104,0,0,0,88.944
528,issue_tracking,100,provenance,Head-tail sampling,37703,80.1223144853038,0,0,0,0.47
528,issue_tracking,100,provenance,Anomaly sampling,47174,75.12903650981943,1,1,0,88.513
528,issue_tracking,100,provenance,Task-aware unverified,619,99.67365229998681,1,1,0,6.67
528,issue_tracking,100,provenance,Pattern-retention guard,47172,75.13009094503757,1,1,0,103.856
528,issue_tracking,100,provenance,Invariant-preserving gate,47174,75.12903650981943,1,1,0,97.907
529,issue_tracking,100,lookup,Raw,189427,0.0,1,1,0,0.0
529,issue_tracking,100,lookup,Fixed projection,19260,89.83249483970079,0,0,0,101.012
529,issue_tracking,100,lookup,Head-tail sampling,37771,80.06039265785765,0,0,0,0.551
529,issue_tracking,100,lookup,Anomaly sampling,39603,79.0932654795779,0,0,0,98.377
529,issue_tracking,100,lookup,Task-aware unverified,436,99.769832178095,1,1,0,4.526
529,issue_tracking,100,lookup,Pattern-retention guard,41455,78.11558014433,1,1,1,103.596
529,issue_tracking,100,lookup,Invariant-preserving gate,432,99.77194380948862,1,1,1,108.443
530,issue_tracking,100,rare_event,Raw,189427,0.0,1,1,0,0.0
530,issue_tracking,100,rare_event,Fixed projection,19260,89.83249483970079,1,1,0,100.221
530,issue_tracking,100,rare_event,Head-tail sampling,37771,80.06039265785765,0,0,0,0.521
530,issue_tracking,100,rare_event,Anomaly sampling,39603,79.0932654795779,1,1,0,92.67
530,issue_tracking,100,rare_event,Task-aware unverified,349,99.81576016090631,1,1,0,6.089
530,issue_tracking,100,rare_event,Pattern-retention guard,39601,79.0943212952747,1,1,0,105.228
530,issue_tracking,100,rare_event,Invariant-preserving gate,39603,79.0932654795779,1,1,0,101.222
531,issue_tracking,100,latest_state,Raw,189427,0.0,1,1,0,0.0
531,issue_tracking,100,latest_state,Fixed projection,19260,89.83249483970079,1,1,0,95.904
531,issue_tracking,100,latest_state,Head-tail sampling,37771,80.06039265785765,0,0,0,0.49
531,issue_tracking,100,latest_state,Anomaly sampling,39603,79.0932654795779,0,0,0,92.819
531,issue_tracking,100,latest_state,Task-aware unverified,171,99.90972775792257,0,0,0,4.586
531,issue_tracking,100,latest_state,Pattern-retention guard,54695,71.12608023143481,1,1,1,105.138
531,issue_tracking,100,latest_state,Invariant-preserving gate,1098,99.42035718245023,1,1,1,120.942
532,issue_tracking,100,aggregation,Raw,189427,0.0,1,1,0,0.0
532,issue_tracking,100,aggregation,Fixed projection,19260,89.83249483970079,0,0,0,95.894
532,issue_tracking,100,aggregation,Head-tail sampling,37771,80.06039265785765,0,0,0,0.471
532,issue_tracking,100,aggregation,Anomaly sampling,39603,79.0932654795779,0,0,0,92.429
532,issue_tracking,100,aggregation,Task-aware unverified,961,99.49268055768185,1,1,0,19.189
532,issue_tracking,100,aggregation,Pattern-retention guard,71624,62.189128265769924,1,1,1,109.234
532,issue_tracking,100,aggregation,Invariant-preserving gate,957,99.49479218907548,1,1,1,129.555
533,issue_tracking,100,join,Raw,189427,0.0,1,1,0,0.0
533,issue_tracking,100,join,Fixed projection,19260,89.83249483970079,0,0,0,95.784
533,issue_tracking,100,join,Head-tail sampling,37771,80.06039265785765,0,0,0,0.471
533,issue_tracking,100,join,Anomaly sampling,39603,79.0932654795779,0,0,0,93.51
533,issue_tracking,100,join,Task-aware unverified,994,99.47525959868445,1,1,0,12.368
533,issue_tracking,100,join,Pattern-retention guard,52668,72.19614944015373,1,1,1,117.476
533,issue_tracking,100,join,Invariant-preserving gate,990,99.47737123007808,1,1,1,128.954
534,issue_tracking,100,negative_evidence,Raw,189427,0.0,1,1,0,0.0
534,issue_tracking,100,negative_evidence,Fixed projection,19260,89.83249483970079,1,1,0,99.51
534,issue_tracking,100,negative_evidence,Head-tail sampling,37771,80.06039265785765,0,0,0,0.48
534,issue_tracking,100,negative_evidence,Anomaly sampling,39603,79.0932654795779,0,0,0,98.018
534,issue_tracking,100,negative_evidence,Task-aware unverified,80,99.95776737212752,0,0,0,0.491
534,issue_tracking,100,negative_evidence,Pattern-retention guard,45238,76.11850475381019,1,1,1,107.381
534,issue_tracking,100,negative_evidence,Invariant-preserving gate,237,99.87488583992779,1,1,1,108.894
535,issue_tracking,100,threshold,Raw,189427,0.0,1,1,0,0.0
535,issue_tracking,100,threshold,Fixed projection,19260,89.83249483970079,0,0,0,96.084
535,issue_tracking,100,threshold,Head-tail sampling,37771,80.06039265785765,0,0,0,0.491
535,issue_tracking,100,threshold,Anomaly sampling,39603,79.0932654795779,1,1,0,98.087
535,issue_tracking,100,threshold,Task-aware unverified,183,99.9033928637417,1,1,0,4.937
535,issue_tracking,100,threshold,Pattern-retention guard,75213,60.29446699784086,1,1,1,108.182
535,issue_tracking,100,threshold,Invariant-preserving gate,39603,79.0932654795779,1,1,0,101.452
536,issue_tracking,100,provenance,Raw,189427,0.0,1,1,0,0.0
536,issue_tracking,100,provenance,Fixed projection,19260,89.83249483970079,0,0,0,101.894
536,issue_tracking,100,provenance,Head-tail sampling,37771,80.06039265785765,0,0,0,0.501
536,issue_tracking,100,provenance,Anomaly sampling,39603,79.0932654795779,1,1,0,96.074
536,issue_tracking,100,provenance,Task-aware unverified,1015,99.46417353386792,1,1,0,9.194
536,issue_tracking,100,provenance,Pattern-retention guard,39601,79.0943212952747,1,1,0,103.655
536,issue_tracking,100,provenance,Invariant-preserving gate,39603,79.0932654795779,1,1,0,101.823
537,issue_tracking,100,lookup,Raw,189462,0.0,1,1,0,0.0
537,issue_tracking,100,lookup,Fixed projection,19293,89.81695537891503,0,0,0,99.39
537,issue_tracking,100,lookup,Head-tail sampling,37736,80.0825495349991,0,0,0,0.501
537,issue_tracking,100,lookup,Anomaly sampling,62270,67.13325099492246,1,1,0,93.891
537,issue_tracking,100,lookup,Task-aware unverified,433,99.77145812880683,1,1,0,4.768
537,issue_tracking,100,lookup,Pattern-retention guard,62268,67.13430661557463,1,1,0,122.053
537,issue_tracking,100,lookup,Invariant-preserving gate,62270,67.13325099492246,1,1,0,98.318
538,issue_tracking,100,rare_event,Raw,189462,0.0,1,1,0,0.0
538,issue_tracking,100,rare_event,Fixed projection,19293,89.81695537891503,1,1,0,90.095
538,issue_tracking,100,rare_event,Head-tail sampling,37736,80.0825495349991,0,0,0,0.521
538,issue_tracking,100,rare_event,Anomaly sampling,62270,67.13325099492246,1,1,0,93.871
538,issue_tracking,100,rare_event,Task-aware unverified,870,99.54080501630933,1,1,0,10.075
538,issue_tracking,100,rare_event,Pattern-retention guard,62268,67.13430661557463,1,1,0,112.589
538,issue_tracking,100,rare_event,Invariant-preserving gate,62270,67.13325099492246,1,1,0,100.311
539,issue_tracking,100,latest_state,Raw,189462,0.0,1,1,0,0.0
539,issue_tracking,100,latest_state,Fixed projection,19293,89.81695537891503,1,1,0,92.159
539,issue_tracking,100,latest_state,Head-tail sampling,37736,80.0825495349991,0,0,0,0.511
539,issue_tracking,100,latest_state,Anomaly sampling,62270,67.13325099492246,1,0,0,89.715
539,issue_tracking,100,latest_state,Task-aware unverified,171,99.90974443424011,0,0,0,4.677
539,issue_tracking,100,latest_state,Pattern-retention guard,69744,63.18839661779143,1,1,1,107.101
539,issue_tracking,100,latest_state,Invariant-preserving gate,816,99.56930677391772,1,1,1,114.071
540,issue_tracking,100,aggregation,Raw,189462,0.0,1,1,0,0.0
540,issue_tracking,100,aggregation,Fixed projection,19293,89.81695537891503,0,0,0,90.917
540,issue_tracking,100,aggregation,Head-tail sampling,37736,80.0825495349991,0,0,0,0.511
540,issue_tracking,100,aggregation,Anomaly sampling,62270,67.13325099492246,0,0,0,89.735
540,issue_tracking,100,aggregation,Task-aware unverified,627,99.66906292554708,1,1,0,13.39
540,issue_tracking,100,aggregation,Pattern-retention guard,81093,57.19827722709567,1,1,1,104.396
540,issue_tracking,100,aggregation,Invariant-preserving gate,623,99.6711741668514,1,1,1,116.856
541,issue_tracking,100,join,Raw,189462,0.0,1,1,0,0.0
541,issue_tracking,100,join,Fixed projection,19293,89.81695537891503,0,0,0,93.932
541,issue_tracking,100,join,Head-tail sampling,37736,80.0825495349991,0,0,0,0.471
541,issue_tracking,100,join,Anomaly sampling,62270,67.13325099492246,0,0,0,88.443
541,issue_tracking,100,join,Task-aware unverified,902,99.52391508587473,1,1,0,10.876
541,issue_tracking,100,join,Pattern-retention guard,73521,61.19485701618266,1,1,1,103.275
541,issue_tracking,100,join,Invariant-preserving gate,898,99.52602632717907,1,1,1,123.105
542,issue_tracking,100,negative_evidence,Raw,189462,0.0,1,1,0,0.0
542,issue_tracking,100,negative_evidence,Fixed projection,19293,89.81695537891503,1,1,0,90.636
542,issue_tracking,100,negative_evidence,Head-tail sampling,37736,80.0825495349991,0,0,0,0.481
542,issue_tracking,100,negative_evidence,Anomaly sampling,62270,67.13325099492246,0,0,0,88.123
542,issue_tracking,100,negative_evidence,Task-aware unverified,80,99.9577751739135,0,0,0,0.491
542,issue_tracking,100,negative_evidence,Pattern-retention guard,69761,63.17942384224805,1,1,1,105.548
542,issue_tracking,100,negative_evidence,Invariant-preserving gate,275,99.85485216032767,1,1,1,111.567
543,issue_tracking,100,threshold,Raw,189462,0.0,1,1,0,0.0
543,issue_tracking,100,threshold,Fixed projection,19293,89.81695537891503,0,0,0,90.155
543,issue_tracking,100,threshold,Head-tail sampling,37736,80.0825495349991,0,0,0,0.481
543,issue_tracking,100,threshold,Anomaly sampling,62270,67.13325099492246,1,1,0,87.922
543,issue_tracking,100,threshold,Task-aware unverified,183,99.90341071032714,1,1,0,4.817
543,issue_tracking,100,threshold,Pattern-retention guard,90508,52.228943007040996,1,1,1,106.63
543,issue_tracking,100,threshold,Invariant-preserving gate,62270,67.13325099492246,1,1,0,96.685
544,issue_tracking,100,provenance,Raw,189462,0.0,1,1,0,0.0
544,issue_tracking,100,provenance,Fixed projection,19293,89.81695537891503,0,0,0,90.416
544,issue_tracking,100,provenance,Head-tail sampling,37736,80.0825495349991,0,0,0,0.791
544,issue_tracking,100,provenance,Anomaly sampling,62270,67.13325099492246,1,1,0,91.898
544,issue_tracking,100,provenance,Task-aware unverified,1275,99.32704183424644,1,1,0,10.126
544,issue_tracking,100,provenance,Pattern-retention guard,62268,67.13430661557463,1,1,0,101.132
544,issue_tracking,100,provenance,Invariant-preserving gate,62270,67.13325099492246,1,1,0,98.919
545,issue_tracking,100,lookup,Raw,189481,0.0,1,1,0,0.0
545,issue_tracking,100,lookup,Fixed projection,19286,89.82167077437843,0,0,0,98.969
545,issue_tracking,100,lookup,Head-tail sampling,37548,80.18376512684648,0,0,0,0.491
545,issue_tracking,100,lookup,Anomaly sampling,43433,77.07791282503258,0,0,0,99.49
545,issue_tracking,100,lookup,Task-aware unverified,431,99.77253656039392,1,1,0,6.13
545,issue_tracking,100,lookup,Pattern-retention guard,45313,76.08572891213367,1,1,1,106.049
545,issue_tracking,100,lookup,Invariant-preserving gate,427,99.77464758999584,1,1,1,128.483
546,issue_tracking,100,rare_event,Raw,189481,0.0,1,1,0,0.0
546,issue_tracking,100,rare_event,Fixed projection,19286,89.82167077437843,1,1,0,98.197
546,issue_tracking,100,rare_event,Head-tail sampling,37548,80.18376512684648,0,0,0,0.451
546,issue_tracking,100,rare_event,Anomaly sampling,43433,77.07791282503258,1,1,0,95.484
546,issue_tracking,100,rare_event,Task-aware unverified,352,99.81422939503169,1,1,0,5.739
546,issue_tracking,100,rare_event,Pattern-retention guard,43431,77.07896833983354,1,1,0,101.222
546,issue_tracking,100,rare_event,Invariant-preserving gate,43433,77.07791282503258,1,1,0,97.306
547,issue_tracking,100,latest_state,Raw,189481,0.0,1,1,0,0.0
547,issue_tracking,100,latest_state,Fixed projection,19286,89.82167077437843,1,1,0,97.186
547,issue_tracking,100,latest_state,Head-tail sampling,37548,80.18376512684648,0,0,0,0.511
547,issue_tracking,100,latest_state,Anomaly sampling,43433,77.07791282503258,0,0,0,88.983
547,issue_tracking,100,latest_state,Task-aware unverified,171,99.90975348451823,0,0,0,4.897
547,issue_tracking,100,latest_state,Pattern-retention guard,58483,69.13516394783645,1,1,1,104.687
547,issue_tracking,100,latest_state,Invariant-preserving gate,1098,99.420522374275,1,1,1,117.997
548,issue_tracking,100,aggregation,Raw,189481,0.0,1,1,0,0.0
548,issue_tracking,100,aggregation,Fixed projection,19286,89.82167077437843,0,0,0,99.009
548,issue_tracking,100,aggregation,Head-tail sampling,37548,80.18376512684648,0,0,0,0.461
548,issue_tracking,100,aggregation,Anomaly sampling,43433,77.07791282503258,0,0,0,93.931
548,issue_tracking,100,aggregation,Task-aware unverified,670,99.64640254167965,1,1,0,15.002
548,issue_tracking,100,aggregation,Pattern-retention guard,62247,67.14868509243671,1,1,1,101.121
548,issue_tracking,100,aggregation,Invariant-preserving gate,666,99.64851357128155,1,1,1,122.294
549,issue_tracking,100,join,Raw,189481,0.0,1,1,0,0.0
549,issue_tracking,100,join,Fixed projection,19286,89.82167077437843,0,0,0,97.046
549,issue_tracking,100,join,Head-tail sampling,37548,80.18376512684648,0,0,0,0.461
549,issue_tracking,100,join,Anomaly sampling,43433,77.07791282503258,0,0,0,88.803
549,issue_tracking,100,join,Task-aware unverified,723,99.6184313994543,1,1,0,9.925
549,issue_tracking,100,join,Pattern-retention guard,56645,70.1051820499153,1,1,1,100.26
549,issue_tracking,100,join,Invariant-preserving gate,719,99.62054242905621,1,1,1,114.101
550,issue_tracking,100,negative_evidence,Raw,189481,0.0,1,1,0,0.0
550,issue_tracking,100,negative_evidence,Fixed projection,19286,89.82167077437843,1,1,0,96.855
550,issue_tracking,100,negative_evidence,Head-tail sampling,37548,80.18376512684648,0,0,0,0.481
550,issue_tracking,100,negative_evidence,Anomaly sampling,43433,77.07791282503258,0,0,0,92.589
550,issue_tracking,100,negative_evidence,Task-aware unverified,80,99.95777940796174,0,0,0,0.481
550,issue_tracking,100,negative_evidence,Pattern-retention guard,52811,72.12860392334852,1,1,1,101.792
550,issue_tracking,100,negative_evidence,Invariant-preserving gate,315,99.83375641884939,1,1,1,106.16
551,issue_tracking,100,threshold,Raw,189481,0.0,1,1,0,0.0
551,issue_tracking,100,threshold,Fixed projection,19286,89.82167077437843,0,0,0,97.908
551,issue_tracking,100,threshold,Head-tail sampling,37548,80.18376512684648,0,0,0,0.47
551,issue_tracking,100,threshold,Anomaly sampling,43433,77.07791282503258,1,1,0,88.393
551,issue_tracking,100,threshold,Task-aware unverified,183,99.90342039571249,1,1,0,4.717
551,issue_tracking,100,threshold,Pattern-retention guard,67839,64.1974657089629,1,1,1,103.436
551,issue_tracking,100,threshold,Invariant-preserving gate,43433,77.07791282503258,1,1,0,95.102
552,issue_tracking,100,provenance,Raw,189481,0.0,1,1,0,0.0
552,issue_tracking,100,provenance,Fixed projection,19286,89.82167077437843,0,0,0,96.014
552,issue_tracking,100,provenance,Head-tail sampling,37548,80.18376512684648,0,0,0,0.471
552,issue_tracking,100,provenance,Anomaly sampling,43433,77.07791282503258,1,1,0,91.127
552,issue_tracking,100,provenance,Task-aware unverified,1146,99.39519001905204,1,1,0,9.785
552,issue_tracking,100,provenance,Pattern-retention guard,43431,77.07896833983354,1,1,0,102.384
552,issue_tracking,100,provenance,Invariant-preserving gate,43433,77.07791282503258,1,1,0,100.18
553,issue_tracking,100,lookup,Raw,189604,0.0,1,1,0,0.0
553,issue_tracking,100,lookup,Fixed projection,19293,89.82458175987848,0,0,0,93.18
553,issue_tracking,100,lookup,Head-tail sampling,37769,80.0800616020759,0,0,0,0.541
553,issue_tracking,100,lookup,Anomaly sampling,56619,70.13828822176748,0,0,0,106.089
553,issue_tracking,100,lookup,Task-aware unverified,449,99.76319064998629,1,1,0,4.657
553,issue_tracking,100,lookup,Pattern-retention guard,58509,69.14147380856943,1,1,1,100.221
553,issue_tracking,100,lookup,Invariant-preserving gate,445,99.76530031012004,1,1,1,105.589
554,issue_tracking,100,rare_event,Raw,189604,0.0,1,1,0,0.0
554,issue_tracking,100,rare_event,Fixed projection,19293,89.82458175987848,1,1,0,96.174
554,issue_tracking,100,rare_event,Head-tail sampling,37769,80.0800616020759,0,0,0,0.531
554,issue_tracking,100,rare_event,Anomaly sampling,56619,70.13828822176748,1,1,0,91.177
554,issue_tracking,100,rare_event,Task-aware unverified,623,99.67142043416806,1,1,0,7.972
554,issue_tracking,100,rare_event,Pattern-retention guard,56617,70.13934305183436,1,1,0,106.49
554,issue_tracking,100,rare_event,Invariant-preserving gate,56619,70.13828822176748,1,1,0,119.439
555,issue_tracking,100,latest_state,Raw,189604,0.0,1,1,0,0.0
555,issue_tracking,100,latest_state,Fixed projection,19293,89.82458175987848,1,1,0,94.462
555,issue_tracking,100,latest_state,Head-tail sampling,37769,80.0800616020759,0,0,0,0.531
555,issue_tracking,100,latest_state,Anomaly sampling,56619,70.13828822176748,0,0,0,96.985
555,issue_tracking,100,latest_state,Task-aware unverified,173,99.9087571992152,1,0,0,4.697
555,issue_tracking,100,latest_state,Pattern-retention guard,69831,63.17008079998312,1,1,1,105.298
555,issue_tracking,100,latest_state,Invariant-preserving gate,912,99.51899748950444,1,1,1,116.385
556,issue_tracking,100,aggregation,Raw,189604,0.0,1,1,0,0.0
556,issue_tracking,100,aggregation,Fixed projection,19293,89.82458175987848,0,0,0,92.429
556,issue_tracking,100,aggregation,Head-tail sampling,37769,80.0800616020759,0,0,0,0.481
556,issue_tracking,100,aggregation,Anomaly sampling,56619,70.13828822176748,0,0,0,95.183
556,issue_tracking,100,aggregation,Task-aware unverified,589,99.68935254530496,1,1,0,14.031
556,issue_tracking,100,aggregation,Pattern-retention guard,79248,58.203413430096404,1,1,1,102.694
556,issue_tracking,100,aggregation,Invariant-preserving gate,585,99.69146220543871,1,1,1,108.854
557,issue_tracking,100,join,Raw,189604,0.0,1,1,0,0.0
557,issue_tracking,100,join,Fixed projection,19293,89.82458175987848,0,0,0,92.549
557,issue_tracking,100,join,Head-tail sampling,37769,80.0800616020759,0,0,0,0.471
557,issue_tracking,100,join,Anomaly sampling,56619,70.13828822176748,0,0,0,88.333
557,issue_tracking,100,join,Task-aware unverified,1097,99.4214257083184,1,1,0,12.499
557,issue_tracking,100,join,Pattern-retention guard,73609,61.17750680365393,1,1,1,109.645
557,issue_tracking,100,join,Invariant-preserving gate,1093,99.42353536845215,1,1,1,121.653
558,issue_tracking,100,negative_evidence,Raw,189604,0.0,1,1,0,0.0
558,issue_tracking,100,negative_evidence,Fixed projection,19293,89.82458175987848,1,1,0,94.372
558,issue_tracking,100,negative_evidence,Head-tail sampling,37769,80.0800616020759,0,0,0,0.521
558,issue_tracking,100,negative_evidence,Anomaly sampling,56619,70.13828822176748,0,0,0,87.782
558,issue_tracking,100,negative_evidence,Task-aware unverified,80,99.95780679732495,0,0,0,0.481
558,issue_tracking,100,negative_evidence,Pattern-retention guard,60372,68.15889960127424,1,1,1,99.97
558,issue_tracking,100,negative_evidence,Invariant-preserving gate,278,99.8533786207042,1,1,1,108.403
559,issue_tracking,100,threshold,Raw,189604,0.0,1,1,0,0.0
559,issue_tracking,100,threshold,Fixed projection,19293,89.82458175987848,0,0,0,94.742
559,issue_tracking,100,threshold,Head-tail sampling,37769,80.0800616020759,0,0,0,0.51
559,issue_tracking,100,threshold,Anomaly sampling,56619,70.13828822176748,1,1,0,91.107
559,issue_tracking,100,threshold,Task-aware unverified,183,99.90348304888083,1,1,0,4.927
559,issue_tracking,100,threshold,Pattern-retention guard,92509,51.209362671673595,1,1,1,104.027
559,issue_tracking,100,threshold,Invariant-preserving gate,56619,70.13828822176748,1,1,0,97.406
560,issue_tracking,100,provenance,Raw,189604,0.0,1,1,0,0.0
560,issue_tracking,100,provenance,Fixed projection,19293,89.82458175987848,0,0,0,92.209
560,issue_tracking,100,provenance,Head-tail sampling,37769,80.0800616020759,0,0,0,0.491
560,issue_tracking,100,provenance,Anomaly sampling,56619,70.13828822176748,1,1,0,99.389
560,issue_tracking,100,provenance,Task-aware unverified,1004,99.47047530642813,1,1,0,8.432
560,issue_tracking,100,provenance,Pattern-retention guard,56617,70.13934305183436,1,1,0,98.638
560,issue_tracking,100,provenance,Invariant-preserving gate,56619,70.13828822176748,1,1,0,98.388
561,issue_tracking,250,lookup,Raw,472760,0.0,1,1,0,0.0
561,issue_tracking,250,lookup,Fixed projection,48072,89.83162704120484,0,0,0,234.362
561,issue_tracking,250,lookup,Head-tail sampling,37786,92.00736102885185,0,0,0,0.481
561,issue_tracking,250,lookup,Anomaly sampling,79296,83.22700736102885,0,0,0,175.153
561,issue_tracking,250,lookup,Task-aware unverified,433,99.90841018698706,1,1,0,9.124
561,issue_tracking,250,lookup,Pattern-retention guard,81163,82.83209239360352,1,1,1,194.453
561,issue_tracking,250,lookup,Invariant-preserving gate,429,99.90925628225739,1,1,1,191.739
562,issue_tracking,250,rare_event,Raw,472760,0.0,1,1,0,0.0
562,issue_tracking,250,rare_event,Fixed projection,48072,89.83162704120484,1,1,0,225.348
562,issue_tracking,250,rare_event,Head-tail sampling,37786,92.00736102885185,0,0,0,0.531
562,issue_tracking,250,rare_event,Anomaly sampling,79296,83.22700736102885,1,1,0,168.664
562,issue_tracking,250,rare_event,Task-aware unverified,807,99.82930027921144,1,1,0,13.541
562,issue_tracking,250,rare_event,Pattern-retention guard,79294,83.22743040866402,1,1,0,191.578
562,issue_tracking,250,rare_event,Invariant-preserving gate,79296,83.22700736102885,1,1,0,186.5
563,issue_tracking,250,latest_state,Raw,472760,0.0,1,1,0,0.0
563,issue_tracking,250,latest_state,Fixed projection,48072,89.83162704120484,1,1,0,225.619
563,issue_tracking,250,latest_state,Head-tail sampling,37786,92.00736102885185,0,0,0,0.461
563,issue_tracking,250,latest_state,Anomaly sampling,79296,83.22700736102885,0,0,0,164.838
563,issue_tracking,250,latest_state,Task-aware unverified,174,99.96319485574075,0,0,0,9.143
563,issue_tracking,250,latest_state,Pattern-retention guard,92456,80.44335392165158,1,1,1,190.967
563,issue_tracking,250,latest_state,Invariant-preserving gate,729,99.84579913698283,1,1,1,193.971
564,issue_tracking,250,aggregation,Raw,472760,0.0,1,1,0,0.0
564,issue_tracking,250,aggregation,Fixed projection,48072,89.83162704120484,0,0,0,227.321
564,issue_tracking,250,aggregation,Head-tail sampling,37786,92.00736102885185,0,0,0,0.45
564,issue_tracking,250,aggregation,Anomaly sampling,79296,83.22700736102885,0,0,0,167.312
564,issue_tracking,250,aggregation,Task-aware unverified,1689,99.64273627210424,1,1,0,35.052
564,issue_tracking,250,aggregation,Pattern-retention guard,141547,70.0594381927405,1,1,1,196.826
564,issue_tracking,250,aggregation,Invariant-preserving gate,1685,99.64358236737456,1,1,1,228.914
565,issue_tracking,250,join,Raw,472760,0.0,1,1,0,0.0
565,issue_tracking,250,join,Fixed projection,48072,89.83162704120484,0,0,0,233.211
565,issue_tracking,250,join,Head-tail sampling,37786,92.00736102885185,0,0,0,0.481
565,issue_tracking,250,join,Anomaly sampling,79296,83.22700736102885,0,0,0,173.661
565,issue_tracking,250,join,Task-aware unverified,729,99.84579913698283,1,1,0,14.202
565,issue_tracking,250,join,Pattern-retention guard,86832,81.63296387173196,1,1,1,224.217
565,issue_tracking,250,join,Invariant-preserving gate,725,99.84664523225315,1,1,1,218.208
566,issue_tracking,250,negative_evidence,Raw,472760,0.0,1,1,0,0.0
566,issue_tracking,250,negative_evidence,Fixed projection,48072,89.83162704120484,1,1,0,254.933
566,issue_tracking,250,negative_evidence,Head-tail sampling,37786,92.00736102885185,0,0,0,0.761
566,issue_tracking,250,negative_evidence,Anomaly sampling,79296,83.22700736102885,0,0,0,174.191
566,issue_tracking,250,negative_evidence,Task-aware unverified,80,99.98307809459345,0,0,0,0.481
566,issue_tracking,250,negative_evidence,Pattern-retention guard,85000,82.02047550554192,1,1,1,215.925
566,issue_tracking,250,negative_evidence,Invariant-preserving gate,281,99.9405618072595,1,1,1,199.52
567,issue_tracking,250,threshold,Raw,472760,0.0,1,1,0,0.0
567,issue_tracking,250,threshold,Fixed projection,48072,89.83162704120484,0,0,0,235.143
567,issue_tracking,250,threshold,Head-tail sampling,37786,92.00736102885185,0,0,0,0.511
567,issue_tracking,250,threshold,Anomaly sampling,79296,83.22700736102885,1,1,0,169.615
567,issue_tracking,250,threshold,Task-aware unverified,183,99.96129114138253,1,1,0,9.895
567,issue_tracking,250,threshold,Pattern-retention guard,156489,66.89884931043235,1,1,1,210.677
567,issue_tracking,250,threshold,Invariant-preserving gate,79296,83.22700736102885,1,1,0,199.69
568,issue_tracking,250,provenance,Raw,472760,0.0,1,1,0,0.0
568,issue_tracking,250,provenance,Fixed projection,48072,89.83162704120484,0,0,0,235.704
568,issue_tracking,250,provenance,Head-tail sampling,37786,92.00736102885185,0,0,0,0.531
568,issue_tracking,250,provenance,Anomaly sampling,79296,83.22700736102885,1,1,0,190.016
568,issue_tracking,250,provenance,Task-aware unverified,1531,99.67615703528217,1,1,0,15.483
568,issue_tracking,250,provenance,Pattern-retention guard,79294,83.22743040866402,1,1,0,204.588
568,issue_tracking,250,provenance,Invariant-preserving gate,79296,83.22700736102885,1,1,0,193.992
569,issue_tracking,250,lookup,Raw,471663,0.0,1,1,0,0.0
569,issue_tracking,250,lookup,Fixed projection,48023,89.81836607917093,0,0,0,234.512
569,issue_tracking,250,lookup,Head-tail sampling,37656,92.01633369588032,0,0,0,0.521
569,issue_tracking,250,lookup,Anomaly sampling,95896,79.6685345257101,0,0,0,176.586
569,issue_tracking,250,lookup,Task-aware unverified,430,99.90883321354441,1,1,0,9.033
569,issue_tracking,250,lookup,Pattern-retention guard,97762,79.27291307564936,1,1,1,229.404
569,issue_tracking,250,lookup,Invariant-preserving gate,426,99.90968127667423,1,1,1,229.164
570,issue_tracking,250,rare_event,Raw,471663,0.0,1,1,0,0.0
570,issue_tracking,250,rare_event,Fixed projection,48023,89.81836607917093,1,1,0,236.545
570,issue_tracking,250,rare_event,Head-tail sampling,37656,92.01633369588032,0,0,0,0.511
570,issue_tracking,250,rare_event,Anomaly sampling,95896,79.6685345257101,1,1,0,168.122
570,issue_tracking,250,rare_event,Task-aware unverified,597,99.87342657787445,1,1,0,12.369
570,issue_tracking,250,rare_event,Pattern-retention guard,95894,79.668958557275,1,1,0,194.452
570,issue_tracking,250,rare_event,Invariant-preserving gate,95896,79.6685345257101,1,1,0,202.254
571,issue_tracking,250,latest_state,Raw,471663,0.0,1,1,0,0.0
571,issue_tracking,250,latest_state,Fixed projection,48023,89.81836607917093,1,1,0,234.983
571,issue_tracking,250,latest_state,Head-tail sampling,37656,92.01633369588032,0,0,0,0.461
571,issue_tracking,250,latest_state,Anomaly sampling,95896,79.6685345257101,0,0,0,177.326
571,issue_tracking,250,latest_state,Task-aware unverified,174,99.96310925385285,0,0,0,9.064
571,issue_tracking,250,latest_state,Pattern-retention guard,111041,76.45755550043145,1,1,1,217.567
571,issue_tracking,250,latest_state,Invariant-preserving gate,826,99.8248749636923,1,1,1,230.406
572,issue_tracking,250,aggregation,Raw,471663,0.0,1,1,0,0.0
572,issue_tracking,250,aggregation,Fixed projection,48023,89.81836607917093,0,0,0,244.438
572,issue_tracking,250,aggregation,Head-tail sampling,37656,92.01633369588032,0,0,0,0.511
572,issue_tracking,250,aggregation,Anomaly sampling,95896,79.6685345257101,0,0,0,186.81
572,issue_tracking,250,aggregation,Task-aware unverified,1488,99.68452051570719,1,1,0,31.808
572,issue_tracking,250,aggregation,Pattern-retention guard,156231,66.87656229129698,1,1,1,197.567
572,issue_tracking,250,aggregation,Invariant-preserving gate,1484,99.68536857883701,1,1,1,226.941
573,issue_tracking,250,join,Raw,471663,0.0,1,1,0,0.0
573,issue_tracking,250,join,Fixed projection,48023,89.81836607917093,0,0,0,226.46
573,issue_tracking,250,join,Head-tail sampling,37656,92.01633369588032,0,0,0,0.5
573,issue_tracking,250,join,Anomaly sampling,95896,79.6685345257101,0,0,0,171.357
573,issue_tracking,250,join,Task-aware unverified,1281,99.72840778267535,1,1,0,18.918
573,issue_tracking,250,join,Pattern-retention guard,114727,75.67606532630289,1,1,1,205.408
573,issue_tracking,250,join,Invariant-preserving gate,1277,99.72925584580517,1,1,1,218.579
574,issue_tracking,250,negative_evidence,Raw,471663,0.0,1,1,0,0.0
574,issue_tracking,250,negative_evidence,Fixed projection,48023,89.81836607917093,1,1,0,226.871
574,issue_tracking,250,negative_evidence,Head-tail sampling,37656,92.01633369588032,0,0,0,0.551
574,issue_tracking,250,negative_evidence,Anomaly sampling,95896,79.6685345257101,0,0,0,168.303
574,issue_tracking,250,negative_evidence,Task-aware unverified,80,99.98303873740362,0,0,0,0.481
574,issue_tracking,250,negative_evidence,Pattern-retention guard,97775,79.27015687047744,1,1,1,205.539
574,issue_tracking,250,negative_evidence,Invariant-preserving gate,199,99.95780885929149,1,1,1,193.03
575,issue_tracking,250,threshold,Raw,471663,0.0,1,1,0,0.0
575,issue_tracking,250,threshold,Fixed projection,48023,89.81836607917093,0,0,0,232.99
575,issue_tracking,250,threshold,Head-tail sampling,37656,92.01633369588032,0,0,0,0.511
575,issue_tracking,250,threshold,Anomaly sampling,95896,79.6685345257101,1,1,0,210.546
575,issue_tracking,250,threshold,Task-aware unverified,183,99.96120111181077,1,1,0,9.694
575,issue_tracking,250,threshold,Pattern-retention guard,163578,65.31888233760121,1,1,1,220.121
575,issue_tracking,250,threshold,Invariant-preserving gate,95896,79.6685345257101,1,1,0,205.699
576,issue_tracking,250,provenance,Raw,471663,0.0,1,1,0,0.0
576,issue_tracking,250,provenance,Fixed projection,48023,89.81836607917093,0,0,0,231.128
576,issue_tracking,250,provenance,Head-tail sampling,37656,92.01633369588032,0,0,0,0.541
576,issue_tracking,250,provenance,Anomaly sampling,95896,79.6685345257101,1,1,0,180.942
576,issue_tracking,250,provenance,Task-aware unverified,2843,99.39723913048087,1,1,0,22.344
576,issue_tracking,250,provenance,Pattern-retention guard,95894,79.668958557275,1,1,0,195.524
576,issue_tracking,250,provenance,Invariant-preserving gate,95896,79.6685345257101,1,1,0,209.915
577,issue_tracking,250,lookup,Raw,472204,0.0,1,1,0,0.0
577,issue_tracking,250,lookup,Fixed projection,48059,89.8224072646568,0,0,0,237.466
577,issue_tracking,250,lookup,Head-tail sampling,37579,92.04178702425223,0,0,0,0.551
577,issue_tracking,250,lookup,Anomaly sampling,103493,78.08298955536166,0,0,0,191.558
577,issue_tracking,250,lookup,Task-aware unverified,446,99.9055492964905,1,1,0,9.023
577,issue_tracking,250,lookup,Pattern-retention guard,105373,77.68485654505255,1,1,1,201.512
577,issue_tracking,250,lookup,Invariant-preserving gate,442,99.9063963880018,1,1,1,191.798
578,issue_tracking,250,rare_event,Raw,472204,0.0,1,1,0,0.0
578,issue_tracking,250,rare_event,Fixed projection,48059,89.8224072646568,1,1,0,234.442
578,issue_tracking,250,rare_event,Head-tail sampling,37579,92.04178702425223,0,0,0,0.49
578,issue_tracking,250,rare_event,Anomaly sampling,103493,78.08298955536166,1,1,0,173.08
578,issue_tracking,250,rare_event,Task-aware unverified,1140,99.75857891928065,1,1,0,16.425
578,issue_tracking,250,rare_event,Pattern-retention guard,103491,78.08341310111732,1,1,0,200.33
578,issue_tracking,250,rare_event,Invariant-preserving gate,103493,78.08298955536166,1,1,0,189.465
579,issue_tracking,250,latest_state,Raw,472204,0.0,1,1,0,0.0
579,issue_tracking,250,latest_state,Fixed projection,48059,89.8224072646568,1,1,0,244.016
579,issue_tracking,250,latest_state,Head-tail sampling,37579,92.04178702425223,0,0,0,0.561
579,issue_tracking,250,latest_state,Anomaly sampling,103493,78.08298955536166,0,0,0,172.429
579,issue_tracking,250,latest_state,Task-aware unverified,171,99.9637868378921,0,0,0,9.204
579,issue_tracking,250,latest_state,Pattern-retention guard,112944,76.08152408704713,1,1,1,207.882
579,issue_tracking,250,latest_state,Invariant-preserving gate,820,99.82634624018432,1,1,1,198.428
580,issue_tracking,250,aggregation,Raw,472204,0.0,1,1,0,0.0
580,issue_tracking,250,aggregation,Fixed projection,48059,89.8224072646568,0,0,0,227.352
580,issue_tracking,250,aggregation,Head-tail sampling,37579,92.04178702425223,0,0,0,0.511
580,issue_tracking,250,aggregation,Anomaly sampling,103493,78.08298955536166,0,0,0,166.731
580,issue_tracking,250,aggregation,Task-aware unverified,1963,99.5842898408315,1,1,0,38.658
580,issue_tracking,250,aggregation,Pattern-retention guard,169534,64.09729693098744,1,1,1,210.135
580,issue_tracking,250,aggregation,Invariant-preserving gate,1959,99.5851369323428,1,1,1,253.621
581,issue_tracking,250,join,Raw,472204,0.0,1,1,0,0.0
581,issue_tracking,250,join,Fixed projection,48059,89.8224072646568,0,0,0,225.539
581,issue_tracking,250,join,Head-tail sampling,37579,92.04178702425223,0,0,0,0.511
581,issue_tracking,250,join,Anomaly sampling,103493,78.08298955536166,0,0,0,196.766
581,issue_tracking,250,join,Task-aware unverified,1091,99.76895579029403,1,1,0,17.586
581,issue_tracking,250,join,Pattern-retention guard,118499,74.90512575073484,1,1,1,200.481
581,issue_tracking,250,join,Invariant-preserving gate,1087,99.76980288180532,1,1,1,215.253
582,issue_tracking,250,negative_evidence,Raw,472204,0.0,1,1,0,0.0
582,issue_tracking,250,negative_evidence,Fixed projection,48059,89.8224072646568,1,1,0,241.743
582,issue_tracking,250,negative_evidence,Head-tail sampling,37579,92.04178702425223,0,0,0,0.511
582,issue_tracking,250,negative_evidence,Anomaly sampling,103493,78.08298955536166,0,0,0,168.293
582,issue_tracking,250,negative_evidence,Task-aware unverified,80,99.98305816977408,0,0,0,0.481
582,issue_tracking,250,negative_evidence,Pattern-retention guard,107269,77.28333516869827,1,1,1,190.176
582,issue_tracking,250,negative_evidence,Invariant-preserving gate,199,99.95785719731303,1,1,1,192.439
583,issue_tracking,250,threshold,Raw,472204,0.0,1,1,0,0.0
583,issue_tracking,250,threshold,Fixed projection,48059,89.8224072646568,0,0,0,230.386
583,issue_tracking,250,threshold,Head-tail sampling,37579,92.04178702425223,0,0,0,0.471
583,issue_tracking,250,threshold,Anomaly sampling,103493,78.08298955536166,1,1,0,167.953
583,issue_tracking,250,threshold,Task-aware unverified,183,99.96124556335822,1,1,0,9.914
583,issue_tracking,250,threshold,Pattern-retention guard,167533,64.52105445951327,1,1,1,203.847
583,issue_tracking,250,threshold,Invariant-preserving gate,103493,78.08298955536166,1,1,0,183.946
584,issue_tracking,250,provenance,Raw,472204,0.0,1,1,0,0.0
584,issue_tracking,250,provenance,Fixed projection,48059,89.8224072646568,0,0,0,229.765
584,issue_tracking,250,provenance,Head-tail sampling,37579,92.04178702425223,0,0,0,0.49
584,issue_tracking,250,provenance,Anomaly sampling,103493,78.08298955536166,1,1,0,164.888
584,issue_tracking,250,provenance,Task-aware unverified,1918,99.59381962033358,1,1,0,17.826
584,issue_tracking,250,provenance,Pattern-retention guard,103491,78.08341310111732,1,1,0,200.772
584,issue_tracking,250,provenance,Invariant-preserving gate,103493,78.08298955536166,1,1,0,193.08
585,issue_tracking,250,lookup,Raw,471978,0.0,1,1,0,0.0
585,issue_tracking,250,lookup,Fixed projection,48019,89.82600883939506,0,0,0,233.761
585,issue_tracking,250,lookup,Head-tail sampling,37678,92.01700079240982,0,0,0,0.551
585,issue_tracking,250,lookup,Anomaly sampling,92537,80.39378954103793,0,0,0,214.923
585,issue_tracking,250,lookup,Task-aware unverified,449,99.90486844725814,1,1,0,9.274
585,issue_tracking,250,lookup,Pattern-retention guard,94419,79.99504214179474,1,1,1,219.62
585,issue_tracking,250,lookup,Invariant-preserving gate,445,99.90571594438724,1,1,1,214.112
586,issue_tracking,250,rare_event,Raw,471978,0.0,1,1,0,0.0
586,issue_tracking,250,rare_event,Fixed projection,48019,89.82600883939506,1,1,0,226.981
586,issue_tracking,250,rare_event,Head-tail sampling,37678,92.01700079240982,0,0,0,0.541
586,issue_tracking,250,rare_event,Anomaly sampling,92537,80.39378954103793,1,1,0,186.991
586,issue_tracking,250,rare_event,Task-aware unverified,784,99.83389056269571,1,1,0,13.3
586,issue_tracking,250,rare_event,Pattern-retention guard,92535,80.39421328960248,1,1,0,210.917
586,issue_tracking,250,rare_event,Invariant-preserving gate,92537,80.39378954103793,1,1,0,228.093
587,issue_tracking,250,latest_state,Raw,471978,0.0,1,1,0,0.0
587,issue_tracking,250,latest_state,Fixed projection,48019,89.82600883939506,1,1,0,234.552
587,issue_tracking,250,latest_state,Head-tail sampling,37678,92.01700079240982,0,0,0,0.511
587,issue_tracking,250,latest_state,Anomaly sampling,92537,80.39378954103793,0,0,0,179.73
587,issue_tracking,250,latest_state,Task-aware unverified,171,99.96376949773082,0,0,0,9.144
587,issue_tracking,250,latest_state,Pattern-retention guard,107505,77.22245528393272,1,1,1,220.771
587,issue_tracking,250,latest_state,Invariant-preserving gate,909,99.80740627741123,1,1,1,220.291
588,issue_tracking,250,aggregation,Raw,471978,0.0,1,1,0,0.0
588,issue_tracking,250,aggregation,Fixed projection,48019,89.82600883939506,0,0,0,227.101
588,issue_tracking,250,aggregation,Head-tail sampling,37678,92.01700079240982,0,0,0,0.461
588,issue_tracking,250,aggregation,Anomaly sampling,92537,80.39378954103793,0,0,0,180.211
588,issue_tracking,250,aggregation,Task-aware unverified,1565,99.66841674823826,1,1,0,32.479
588,issue_tracking,250,aggregation,Pattern-retention guard,146984,68.8578704939637,1,1,1,237.066
588,issue_tracking,250,aggregation,Invariant-preserving gate,1561,99.66926424536737,1,1,1,245.168
589,issue_tracking,250,join,Raw,471978,0.0,1,1,0,0.0
589,issue_tracking,250,join,Fixed projection,48019,89.82600883939506,0,0,0,228.273
589,issue_tracking,250,join,Head-tail sampling,37678,92.01700079240982,0,0,0,0.511
589,issue_tracking,250,join,Anomaly sampling,92537,80.39378954103793,0,0,0,181.793
589,issue_tracking,250,join,Task-aware unverified,540,99.88558788757102,1,1,0,13.46
589,issue_tracking,250,join,Pattern-retention guard,102000,78.38882320786138,1,1,1,222.645
589,issue_tracking,250,join,Invariant-preserving gate,536,99.88643538470014,1,1,1,254.062
590,issue_tracking,250,negative_evidence,Raw,471978,0.0,1,1,0,0.0
590,issue_tracking,250,negative_evidence,Fixed projection,48019,89.82600883939506,1,1,0,233.961
590,issue_tracking,250,negative_evidence,Head-tail sampling,37678,92.01700079240982,0,0,0,0.53
590,issue_tracking,250,negative_evidence,Anomaly sampling,92537,80.39378954103793,0,0,0,195.814
590,issue_tracking,250,negative_evidence,Task-aware unverified,80,99.98305005741793,0,0,0,0.501
590,issue_tracking,250,negative_evidence,Pattern-retention guard,98160,79.20242045180072,1,1,1,211.849
590,issue_tracking,250,negative_evidence,Invariant-preserving gate,235,99.95020954366517,1,1,1,221.162
591,issue_tracking,250,threshold,Raw,471978,0.0,1,1,0,0.0
591,issue_tracking,250,threshold,Fixed projection,48019,89.82600883939506,0,0,0,235.965
591,issue_tracking,250,threshold,Head-tail sampling,37678,92.01700079240982,0,0,0,0.571
591,issue_tracking,250,threshold,Anomaly sampling,92537,80.39378954103793,1,1,0,186.69
591,issue_tracking,250,threshold,Task-aware unverified,183,99.9612270063435,1,1,0,10.135
591,issue_tracking,250,threshold,Pattern-retention guard,175158,62.888524465123375,1,1,1,214.162
591,issue_tracking,250,threshold,Invariant-preserving gate,92537,80.39378954103793,1,1,0,204.517
592,issue_tracking,250,provenance,Raw,471978,0.0,1,1,0,0.0
592,issue_tracking,250,provenance,Fixed projection,48019,89.82600883939506,0,0,0,239.069
592,issue_tracking,250,provenance,Head-tail sampling,37678,92.01700079240982,0,0,0,0.511
592,issue_tracking,250,provenance,Anomaly sampling,92537,80.39378954103793,1,1,0,184.006
592,issue_tracking,250,provenance,Task-aware unverified,2192,99.53557157325129,1,1,0,19.319
592,issue_tracking,250,provenance,Pattern-retention guard,92535,80.39421328960248,1,1,0,210.757
592,issue_tracking,250,provenance,Invariant-preserving gate,92537,80.39378954103793,1,1,0,208.132
593,issue_tracking,250,lookup,Raw,472116,0.0,1,1,0,0.0
593,issue_tracking,250,lookup,Fixed projection,48093,89.8133085936507,0,0,0,234.051
593,issue_tracking,250,lookup,Head-tail sampling,37747,92.00471917918478,0,0,0,0.501
593,issue_tracking,250,lookup,Anomaly sampling,79249,83.2140829796067,0,0,0,185.298
593,issue_tracking,250,lookup,Task-aware unverified,437,99.90743800252481,1,1,0,9.164
593,issue_tracking,250,lookup,Pattern-retention guard,81137,82.81418126053767,1,1,1,226.3
593,issue_tracking,250,lookup,Invariant-preserving gate,433,99.90828525192961,1,1,1,236.735
594,issue_tracking,250,rare_event,Raw,472116,0.0,1,1,0,0.0
594,issue_tracking,250,rare_event,Fixed projection,48093,89.8133085936507,1,1,0,230.677
594,issue_tracking,250,rare_event,Head-tail sampling,37747,92.00471917918478,0,0,0,0.541
594,issue_tracking,250,rare_event,Anomaly sampling,79249,83.2140829796067,1,1,0,196.385
594,issue_tracking,250,rare_event,Task-aware unverified,600,99.87291258927891,1,1,0,11.788
594,issue_tracking,250,rare_event,Pattern-retention guard,79247,83.21450660430911,1,1,0,208.183
594,issue_tracking,250,rare_event,Invariant-preserving gate,79249,83.2140829796067,1,1,0,207.081
595,issue_tracking,250,latest_state,Raw,472116,0.0,1,1,0,0.0
595,issue_tracking,250,latest_state,Fixed projection,48093,89.8133085936507,1,1,0,233.411
595,issue_tracking,250,latest_state,Head-tail sampling,37747,92.00471917918478,0,0,0,0.481
595,issue_tracking,250,latest_state,Anomaly sampling,79249,83.2140829796067,0,0,0,189.946
595,issue_tracking,250,latest_state,Task-aware unverified,173,99.96335646324208,1,0,0,9.174
595,issue_tracking,250,latest_state,Pattern-retention guard,90555,80.81933253691889,1,1,1,203.666
595,issue_tracking,250,latest_state,Invariant-preserving gate,724,99.84664785772988,1,1,1,214.562
596,issue_tracking,250,aggregation,Raw,472116,0.0,1,1,0,0.0
596,issue_tracking,250,aggregation,Fixed projection,48093,89.8133085936507,0,0,0,231.688
596,issue_tracking,250,aggregation,Head-tail sampling,37747,92.00471917918478,0,0,0,0.471
596,issue_tracking,250,aggregation,Anomaly sampling,79249,83.2140829796067,0,0,0,185.909
596,issue_tracking,250,aggregation,Task-aware unverified,1966,99.58357691753721,1,1,0,41.473
596,issue_tracking,250,aggregation,Pattern-retention guard,160351,66.03567767243644,1,1,1,239.96
596,issue_tracking,250,aggregation,Invariant-preserving gate,1962,99.58442416694201,1,1,1,278.047
597,issue_tracking,250,join,Raw,472116,0.0,1,1,0,0.0
597,issue_tracking,250,join,Fixed projection,48093,89.8133085936507,0,0,0,235.404
597,issue_tracking,250,join,Head-tail sampling,37747,92.00471917918478,0,0,0,0.541
597,issue_tracking,250,join,Anomaly sampling,79249,83.2140829796067,0,0,0,190.586
597,issue_tracking,250,join,Task-aware unverified,908,99.80767438510874,1,1,0,16.034
597,issue_tracking,250,join,Pattern-retention guard,96139,79.63657236780791,1,1,1,213.922
597,issue_tracking,250,join,Invariant-preserving gate,904,99.80852163451355,1,1,1,222.945
598,issue_tracking,250,negative_evidence,Raw,472116,0.0,1,1,0,0.0
598,issue_tracking,250,negative_evidence,Fixed projection,48093,89.8133085936507,1,1,0,231.728
598,issue_tracking,250,negative_evidence,Head-tail sampling,37747,92.00471917918478,0,0,0,0.551
598,issue_tracking,250,negative_evidence,Anomaly sampling,79249,83.2140829796067,0,0,0,188.052
598,issue_tracking,250,negative_evidence,Task-aware unverified,80,99.98305501190386,0,0,0,0.47
598,issue_tracking,250,negative_evidence,Pattern-retention guard,83025,82.41427954146863,1,1,1,207.321
598,issue_tracking,250,negative_evidence,Invariant-preserving gate,196,99.95848477916445,1,1,1,209.585
599,issue_tracking,250,threshold,Raw,472116,0.0,1,1,0,0.0
599,issue_tracking,250,threshold,Fixed projection,48093,89.8133085936507,0,0,0,245.999
599,issue_tracking,250,threshold,Head-tail sampling,37747,92.00471917918478,0,0,0,0.53
599,issue_tracking,250,threshold,Anomaly sampling,79249,83.2140829796067,1,1,0,196.124
599,issue_tracking,250,threshold,Task-aware unverified,183,99.96123833973006,1,1,0,10.086
599,issue_tracking,250,threshold,Pattern-retention guard,150720,68.0756424268612,1,1,1,223.997
599,issue_tracking,250,threshold,Invariant-preserving gate,79249,83.2140829796067,1,1,0,202.544
600,issue_tracking,250,provenance,Raw,472116,0.0,1,1,0,0.0
600,issue_tracking,250,provenance,Fixed projection,48093,89.8133085936507,0,0,0,233.15
600,issue_tracking,250,provenance,Head-tail sampling,37747,92.00471917918478,0,0,0,0.501
600,issue_tracking,250,provenance,Anomaly sampling,79249,83.2140829796067,1,1,0,184.257
600,issue_tracking,250,provenance,Task-aware unverified,1538,99.67423260385159,1,1,0,15.464
600,issue_tracking,250,provenance,Pattern-retention guard,79247,83.21450660430911,1,1,0,206.901
600,issue_tracking,250,provenance,Invariant-preserving gate,79249,83.2140829796067,1,1,0,196.185
601,issue_tracking,500,lookup,Raw,943823,0.0,1,1,0,0.0
601,issue_tracking,500,lookup,Fixed projection,96116,89.81631089727628,0,0,0,479.48
601,issue_tracking,500,lookup,Head-tail sampling,37666,96.00920935387249,0,0,0,0.511
601,issue_tracking,500,lookup,Anomaly sampling,141580,84.99930601394541,0,0,0,318.589
601,issue_tracking,500,lookup,Task-aware unverified,443,99.95306323325454,1,1,0,16.825
601,issue_tracking,500,lookup,Pattern-retention guard,143464,84.79969231519046,1,1,1,412.519
601,issue_tracking,500,lookup,Invariant-preserving gate,439,99.95348704153216,1,1,1,367.032
602,issue_tracking,500,rare_event,Raw,943823,0.0,1,1,0,0.0
602,issue_tracking,500,rare_event,Fixed projection,96116,89.81631089727628,1,1,0,494.222
602,issue_tracking,500,rare_event,Head-tail sampling,37666,96.00920935387249,0,0,0,0.491
602,issue_tracking,500,rare_event,Anomaly sampling,141580,84.99930601394541,1,1,0,324.267
602,issue_tracking,500,rare_event,Task-aware unverified,970,99.89722649267924,1,1,0,21.923
602,issue_tracking,500,rare_event,Pattern-retention guard,141578,84.99951791808422,1,1,0,404.638
602,issue_tracking,500,rare_event,Invariant-preserving gate,141580,84.99930601394541,1,1,0,354.963
603,issue_tracking,500,latest_state,Raw,943823,0.0,1,1,0,0.0
603,issue_tracking,500,latest_state,Fixed projection,96116,89.81631089727628,1,1,0,465.93
603,issue_tracking,500,latest_state,Head-tail sampling,37666,96.00920935387249,0,0,0,0.571
603,issue_tracking,500,latest_state,Anomaly sampling,141580,84.99930601394541,0,0,0,336.856
603,issue_tracking,500,latest_state,Task-aware unverified,173,99.98167029199331,1,0,0,16.805
603,issue_tracking,500,latest_state,Pattern-retention guard,150994,84.00187323258704,1,1,1,373.802
603,issue_tracking,500,latest_state,Invariant-preserving gate,725,99.92318474968293,1,1,1,376.085
604,issue_tracking,500,aggregation,Raw,943823,0.0,1,1,0,0.0
604,issue_tracking,500,aggregation,Fixed projection,96116,89.81631089727628,0,0,0,482.965
604,issue_tracking,500,aggregation,Head-tail sampling,37666,96.00920935387249,0,0,0,0.501
604,issue_tracking,500,aggregation,Anomaly sampling,141580,84.99930601394541,0,0,0,327.462
604,issue_tracking,500,aggregation,Task-aware unverified,3172,99.66392003585418,1,1,0,66.67
604,issue_tracking,500,aggregation,Pattern-retention guard,262534,72.18397941139388,1,1,1,408.554
604,issue_tracking,500,aggregation,Invariant-preserving gate,3168,99.66434384413179,1,1,1,436.826
605,issue_tracking,500,join,Raw,943823,0.0,1,1,0,0.0
605,issue_tracking,500,join,Fixed projection,96116,89.81631089727628,0,0,0,472.57
605,issue_tracking,500,join,Head-tail sampling,37666,96.00920935387249,0,0,0,0.541
605,issue_tracking,500,join,Anomaly sampling,141580,84.99930601394541,0,0,0,327.402
605,issue_tracking,500,join,Task-aware unverified,1099,99.88355867572626,1,1,0,26.09
605,issue_tracking,500,join,Pattern-retention guard,158521,83.20437200619185,1,1,1,386.0
605,issue_tracking,500,join,Invariant-preserving gate,1095,99.88398248400388,1,1,1,382.925
606,issue_tracking,500,negative_evidence,Raw,943823,0.0,1,1,0,0.0
606,issue_tracking,500,negative_evidence,Fixed projection,96116,89.81631089727628,1,1,0,466.881
606,issue_tracking,500,negative_evidence,Head-tail sampling,37666,96.00920935387249,0,0,0,0.561
606,issue_tracking,500,negative_evidence,Anomaly sampling,141580,84.99930601394541,0,0,0,345.499
606,issue_tracking,500,negative_evidence,Task-aware unverified,80,99.99152383444778,0,0,0,0.471
606,issue_tracking,500,negative_evidence,Pattern-retention guard,150935,84.00812440468182,1,1,1,380.361
606,issue_tracking,500,negative_evidence,Invariant-preserving gate,318,99.9663072419299,1,1,1,377.527
607,issue_tracking,500,threshold,Raw,943823,0.0,1,1,0,0.0
607,issue_tracking,500,threshold,Fixed projection,96116,89.81631089727628,0,0,0,461.574
607,issue_tracking,500,threshold,Head-tail sampling,37666,96.00920935387249,0,0,0,0.641
607,issue_tracking,500,threshold,Anomaly sampling,141580,84.99930601394541,1,1,0,326.911
607,issue_tracking,500,threshold,Task-aware unverified,183,99.98061077129928,1,1,0,17.767
607,issue_tracking,500,threshold,Pattern-retention guard,267687,71.63800839776103,1,1,1,416.125
607,issue_tracking,500,threshold,Invariant-preserving gate,141580,84.99930601394541,1,1,0,353.451
608,issue_tracking,500,provenance,Raw,943823,0.0,1,1,0,0.0
608,issue_tracking,500,provenance,Fixed projection,96116,89.81631089727628,0,0,0,485.238
608,issue_tracking,500,provenance,Head-tail sampling,37666,96.00920935387249,0,0,0,0.581
608,issue_tracking,500,provenance,Anomaly sampling,141580,84.99930601394541,1,1,0,314.793
608,issue_tracking,500,provenance,Task-aware unverified,3519,99.62715466777139,1,1,0,32.369
608,issue_tracking,500,provenance,Pattern-retention guard,141578,84.99951791808422,1,1,0,372.961
608,issue_tracking,500,provenance,Invariant-preserving gate,141580,84.99930601394541,1,1,0,355.945
609,issue_tracking,500,lookup,Raw,943000,0.0,1,1,0,0.0
609,issue_tracking,500,lookup,Fixed projection,95912,89.82905620360552,0,0,0,479.601
609,issue_tracking,500,lookup,Head-tail sampling,37631,96.00943796394486,0,0,0,0.521
609,issue_tracking,500,lookup,Anomaly sampling,194428,79.38197242841993,0,0,0,338.718
609,issue_tracking,500,lookup,Task-aware unverified,449,99.95238600212089,1,1,0,16.135
609,issue_tracking,500,lookup,Pattern-retention guard,196308,79.18260869565216,1,1,1,387.963
609,issue_tracking,500,lookup,Invariant-preserving gate,445,99.95281018027572,1,1,1,387.101
610,issue_tracking,500,rare_event,Raw,943000,0.0,1,1,0,0.0
610,issue_tracking,500,rare_event,Fixed projection,95912,89.82905620360552,1,1,0,480.301
610,issue_tracking,500,rare_event,Head-tail sampling,37631,96.00943796394486,0,0,0,0.481
610,issue_tracking,500,rare_event,Anomaly sampling,194428,79.38197242841993,1,1,0,331.097
610,issue_tracking,500,rare_event,Task-aware unverified,2101,99.77720042417816,1,1,0,30.626
610,issue_tracking,500,rare_event,Pattern-retention guard,194426,79.38218451749735,1,1,0,388.964
610,issue_tracking,500,rare_event,Invariant-preserving gate,194428,79.38197242841993,1,1,0,373.991
611,issue_tracking,500,latest_state,Raw,943000,0.0,1,1,0,0.0
611,issue_tracking,500,latest_state,Fixed projection,95912,89.82905620360552,1,1,0,468.975
611,issue_tracking,500,latest_state,Head-tail sampling,37631,96.00943796394486,0,0,0,0.461
611,issue_tracking,500,latest_state,Anomaly sampling,194428,79.38197242841993,0,0,0,332.339
611,issue_tracking,500,latest_state,Task-aware unverified,173,99.98165429480382,1,0,0,16.505
611,issue_tracking,500,latest_state,Pattern-retention guard,213138,77.39787910922587,1,1,1,392.119
611,issue_tracking,500,latest_state,Invariant-preserving gate,1098,99.88356309650052,1,1,1,388.443
612,issue_tracking,500,aggregation,Raw,943000,0.0,1,1,0,0.0
612,issue_tracking,500,aggregation,Fixed projection,95912,89.82905620360552,0,0,0,478.359
612,issue_tracking,500,aggregation,Head-tail sampling,37631,96.00943796394486,0,0,0,0.471
612,issue_tracking,500,aggregation,Anomaly sampling,194428,79.38197242841993,0,0,0,331.868
612,issue_tracking,500,aggregation,Task-aware unverified,3647,99.61325556733827,1,1,0,76.635
612,issue_tracking,500,aggregation,Pattern-retention guard,337516,64.20827147401909,1,1,1,410.517
612,issue_tracking,500,aggregation,Invariant-preserving gate,3643,99.61367974549312,1,1,1,467.152
613,issue_tracking,500,join,Raw,943000,0.0,1,1,0,0.0
613,issue_tracking,500,join,Fixed projection,95912,89.82905620360552,0,0,0,465.65
613,issue_tracking,500,join,Head-tail sampling,37631,96.00943796394486,0,0,0,0.47
613,issue_tracking,500,join,Anomaly sampling,194428,79.38197242841993,0,0,0,323.926
613,issue_tracking,500,join,Task-aware unverified,816,99.9134676564157,1,1,0,24.497
613,issue_tracking,500,join,Pattern-retention guard,207544,77.99109225874868,1,1,1,394.672
613,issue_tracking,500,join,Invariant-preserving gate,812,99.91389183457052,1,1,1,399.25
614,issue_tracking,500,negative_evidence,Raw,943000,0.0,1,1,0,0.0
614,issue_tracking,500,negative_evidence,Fixed projection,95912,89.82905620360552,1,1,0,462.164
614,issue_tracking,500,negative_evidence,Head-tail sampling,37631,96.00943796394486,0,0,0,0.521
614,issue_tracking,500,negative_evidence,Anomaly sampling,194428,79.38197242841993,0,0,0,320.452
614,issue_tracking,500,negative_evidence,Task-aware unverified,80,99.99151643690351,0,0,0,0.5
614,issue_tracking,500,negative_evidence,Pattern-retention guard,207608,77.98430540827147,1,1,1,380.912
614,issue_tracking,500,negative_evidence,Invariant-preserving gate,439,99.95344644750796,1,1,1,386.471
615,issue_tracking,500,threshold,Raw,943000,0.0,1,1,0,0.0
615,issue_tracking,500,threshold,Fixed projection,95912,89.82905620360552,0,0,0,455.824
615,issue_tracking,500,threshold,Head-tail sampling,37631,96.00943796394486,0,0,0,0.531
615,issue_tracking,500,threshold,Anomaly sampling,194428,79.38197242841993,1,1,0,336.505
615,issue_tracking,500,threshold,Task-aware unverified,183,99.98059384941675,1,1,0,17.677
615,issue_tracking,500,threshold,Pattern-retention guard,325860,65.44432661717921,1,1,1,413.742
615,issue_tracking,500,threshold,Invariant-preserving gate,194428,79.38197242841993,1,1,0,369.776
616,issue_tracking,500,provenance,Raw,943000,0.0,1,1,0,0.0
616,issue_tracking,500,provenance,Fixed projection,95912,89.82905620360552,0,0,0,465.359
616,issue_tracking,500,provenance,Head-tail sampling,37631,96.00943796394486,0,0,0,0.531
616,issue_tracking,500,provenance,Anomaly sampling,194428,79.38197242841993,1,1,0,332.059
616,issue_tracking,500,provenance,Task-aware unverified,4431,99.53011664899257,1,1,0,38.548
616,issue_tracking,500,provenance,Pattern-retention guard,194426,79.38218451749735,1,1,0,381.874
616,issue_tracking,500,provenance,Invariant-preserving gate,194428,79.38197242841993,1,1,0,374.282
617,issue_tracking,500,lookup,Raw,943523,0.0,1,1,0,0.0
617,issue_tracking,500,lookup,Fixed projection,96153,89.80915144622865,0,0,0,471.489
617,issue_tracking,500,lookup,Head-tail sampling,37788,95.99501019053059,0,0,0,0.581
617,issue_tracking,500,lookup,Anomaly sampling,156494,83.41386484484215,0,0,0,327.002
617,issue_tracking,500,lookup,Task-aware unverified,441,99.95326028088346,1,1,0,16.454
617,issue_tracking,500,lookup,Pattern-retention guard,158359,83.21620140685495,1,1,1,373.17
617,issue_tracking,500,lookup,Invariant-preserving gate,437,99.95368422391398,1,1,1,372.58
618,issue_tracking,500,rare_event,Raw,943523,0.0,1,1,0,0.0
618,issue_tracking,500,rare_event,Fixed projection,96153,89.80915144622865,1,1,0,455.775
618,issue_tracking,500,rare_event,Head-tail sampling,37788,95.99501019053059,0,0,0,0.471
618,issue_tracking,500,rare_event,Anomaly sampling,156494,83.41386484484215,1,1,0,306.841
618,issue_tracking,500,rare_event,Task-aware unverified,885,99.90620260449401,1,1,0,21.603
618,issue_tracking,500,rare_event,Pattern-retention guard,156492,83.41407681635742,1,1,0,400.962
618,issue_tracking,500,rare_event,Invariant-preserving gate,156494,83.41386484484215,1,1,0,345.669
619,issue_tracking,500,latest_state,Raw,943523,0.0,1,1,0,0.0
619,issue_tracking,500,latest_state,Fixed projection,96153,89.80915144622865,1,1,0,466.931
619,issue_tracking,500,latest_state,Head-tail sampling,37788,95.99501019053059,0,0,0,0.531
619,issue_tracking,500,latest_state,Anomaly sampling,156494,83.41386484484215,1,0,0,317.707
619,issue_tracking,500,latest_state,Task-aware unverified,174,99.9815584781717,0,0,0,16.415
619,issue_tracking,500,latest_state,Pattern-retention guard,163970,82.6215153207712,1,1,1,376.937
619,issue_tracking,500,latest_state,Invariant-preserving gate,731,99.92252441116962,1,1,1,378.209
620,issue_tracking,500,aggregation,Raw,943523,0.0,1,1,0,0.0
620,issue_tracking,500,aggregation,Fixed projection,96153,89.80915144622865,0,0,0,482.224
620,issue_tracking,500,aggregation,Head-tail sampling,37788,95.99501019053059,0,0,0,0.541
620,issue_tracking,500,aggregation,Anomaly sampling,156494,83.41386484484215,0,0,0,320.812
620,issue_tracking,500,aggregation,Task-aware unverified,3134,99.66784063557539,1,1,0,68.233
620,issue_tracking,500,aggregation,Pattern-retention guard,278923,70.43813452348273,1,1,1,400.932
620,issue_tracking,500,aggregation,Invariant-preserving gate,3130,99.66826457860593,1,1,1,442.385
621,issue_tracking,500,join,Raw,943523,0.0,1,1,0,0.0
621,issue_tracking,500,join,Fixed projection,96153,89.80915144622865,0,0,0,475.144
621,issue_tracking,500,join,Head-tail sampling,37788,95.99501019053059,0,0,0,0.54
621,issue_tracking,500,join,Anomaly sampling,156494,83.41386484484215,0,0,0,315.444
621,issue_tracking,500,join,Task-aware unverified,1187,99.87419490568857,1,1,0,27.831
621,issue_tracking,500,join,Pattern-retention guard,173466,81.61507456627979,1,1,1,375.344
621,issue_tracking,500,join,Invariant-preserving gate,1183,99.87461884871911,1,1,1,393.12
622,issue_tracking,500,negative_evidence,Raw,943523,0.0,1,1,0,0.0
622,issue_tracking,500,negative_evidence,Fixed projection,96153,89.80915144622865,1,1,0,467.823
622,issue_tracking,500,negative_evidence,Head-tail sampling,37788,95.99501019053059,0,0,0,0.5
622,issue_tracking,500,negative_evidence,Anomaly sampling,156494,83.41386484484215,0,0,0,338.288
622,issue_tracking,500,negative_evidence,Task-aware unverified,80,99.99152113938928,0,0,0,0.511
622,issue_tracking,500,negative_evidence,Pattern-retention guard,163986,82.61981954864905,1,1,1,377.497
622,issue_tracking,500,negative_evidence,Invariant-preserving gate,278,99.97053595937778,1,1,1,370.336
623,issue_tracking,500,threshold,Raw,943523,0.0,1,1,0,0.0
623,issue_tracking,500,threshold,Fixed projection,96153,89.80915144622865,0,0,0,470.186
623,issue_tracking,500,threshold,Head-tail sampling,37788,95.99501019053059,0,0,0,0.49
623,issue_tracking,500,threshold,Anomaly sampling,156494,83.41386484484215,1,1,0,324.377
623,issue_tracking,500,threshold,Task-aware unverified,183,99.980604606353,1,1,0,18.788
623,issue_tracking,500,threshold,Pattern-retention guard,286437,69.6417575406217,1,1,1,393.101
623,issue_tracking,500,threshold,Invariant-preserving gate,156494,83.41386484484215,1,1,0,354.573
624,issue_tracking,500,provenance,Raw,943523,0.0,1,1,0,0.0
624,issue_tracking,500,provenance,Fixed projection,96153,89.80915144622865,0,0,0,471.758
624,issue_tracking,500,provenance,Head-tail sampling,37788,95.99501019053059,0,0,0,0.521
624,issue_tracking,500,provenance,Anomaly sampling,156494,83.41386484484215,1,1,0,321.403
624,issue_tracking,500,provenance,Task-aware unverified,4155,99.5596291770312,1,1,0,41.483
624,issue_tracking,500,provenance,Pattern-retention guard,156492,83.41407681635742,1,1,0,374.843
624,issue_tracking,500,provenance,Invariant-preserving gate,156494,83.41386484484215,1,1,0,360.461
625,issue_tracking,500,lookup,Raw,944167,0.0,1,1,0,0.0
625,issue_tracking,500,lookup,Fixed projection,96075,89.82436369837116,0,0,0,456.996
625,issue_tracking,500,lookup,Head-tail sampling,37875,95.98852745330011,0,0,0,0.551
625,issue_tracking,500,lookup,Anomaly sampling,162281,82.81225673000645,1,1,0,350.597
625,issue_tracking,500,lookup,Task-aware unverified,431,99.95435129590422,1,1,0,16.235
625,issue_tracking,500,lookup,Pattern-retention guard,162279,82.8124685569396,1,1,0,394.883
625,issue_tracking,500,lookup,Invariant-preserving gate,162281,82.81225673000645,1,1,0,364.657
626,issue_tracking,500,rare_event,Raw,944167,0.0,1,1,0,0.0
626,issue_tracking,500,rare_event,Fixed projection,96075,89.82436369837116,1,1,0,482.866
626,issue_tracking,500,rare_event,Head-tail sampling,37875,95.98852745330011,0,0,0,0.501
626,issue_tracking,500,rare_event,Anomaly sampling,162281,82.81225673000645,1,1,0,324.468
626,issue_tracking,500,rare_event,Task-aware unverified,1587,99.83191532853827,1,1,0,27.291
626,issue_tracking,500,rare_event,Pattern-retention guard,162279,82.8124685569396,1,1,0,395.013
626,issue_tracking,500,rare_event,Invariant-preserving gate,162281,82.81225673000645,1,1,0,366.721
627,issue_tracking,500,latest_state,Raw,944167,0.0,1,1,0,0.0
627,issue_tracking,500,latest_state,Fixed projection,96075,89.82436369837116,1,1,0,467.382
627,issue_tracking,500,latest_state,Head-tail sampling,37875,95.98852745330011,0,0,0,0.501
627,issue_tracking,500,latest_state,Anomaly sampling,162281,82.81225673000645,0,0,0,327.442
627,issue_tracking,500,latest_state,Task-aware unverified,171,99.9818887972149,0,0,0,16.274
627,issue_tracking,500,latest_state,Pattern-retention guard,177305,81.22101280811552,1,1,1,382.474
627,issue_tracking,500,latest_state,Invariant-preserving gate,910,99.90361874541263,1,1,1,372.009
628,issue_tracking,500,aggregation,Raw,944167,0.0,1,1,0,0.0
628,issue_tracking,500,aggregation,Fixed projection,96075,89.82436369837116,0,0,0,466.651
628,issue_tracking,500,aggregation,Head-tail sampling,37875,95.98852745330011,0,0,0,0.5
628,issue_tracking,500,aggregation,Anomaly sampling,162281,82.81225673000645,0,0,0,319.961
628,issue_tracking,500,aggregation,Task-aware unverified,3330,99.64730815629015,1,1,0,71.588
628,issue_tracking,500,aggregation,Pattern-retention guard,292309,69.04054049760265,1,1,1,396.866
628,issue_tracking,500,aggregation,Invariant-preserving gate,3326,99.64773181015647,1,1,1,450.827
629,issue_tracking,500,join,Raw,944167,0.0,1,1,0,0.0
629,issue_tracking,500,join,Fixed projection,96075,89.82436369837116,0,0,0,468.443
629,issue_tracking,500,join,Head-tail sampling,37875,95.98852745330011,0,0,0,0.531
629,issue_tracking,500,join,Anomaly sampling,162281,82.81225673000645,0,0,0,320.882
629,issue_tracking,500,join,Task-aware unverified,725,99.92321273672984,1,1,0,23.295
629,issue_tracking,500,join,Pattern-retention guard,173551,81.61861196165509,1,1,1,382.795
629,issue_tracking,500,join,Invariant-preserving gate,721,99.92363639059616,1,1,1,388.333
630,issue_tracking,500,negative_evidence,Raw,944167,0.0,1,1,0,0.0
630,issue_tracking,500,negative_evidence,Fixed projection,96075,89.82436369837116,1,1,0,481.543
630,issue_tracking,500,negative_evidence,Head-tail sampling,37875,95.98852745330011,0,0,0,0.501
630,issue_tracking,500,negative_evidence,Anomaly sampling,162281,82.81225673000645,0,0,0,324.728
630,issue_tracking,500,negative_evidence,Task-aware unverified,80,99.99152692267363,0,0,0,0.51
630,issue_tracking,500,negative_evidence,Pattern-retention guard,167954,82.21140963410075,1,1,1,372.79
630,issue_tracking,500,negative_evidence,Invariant-preserving gate,238,99.97479259495408,1,1,1,369.525
631,issue_tracking,500,threshold,Raw,944167,0.0,1,1,0,0.0
631,issue_tracking,500,threshold,Fixed projection,96075,89.82436369837116,0,0,0,478.259
631,issue_tracking,500,threshold,Head-tail sampling,37875,95.98852745330011,0,0,0,0.48
631,issue_tracking,500,threshold,Anomaly sampling,162281,82.81225673000645,1,1,0,318.468
631,issue_tracking,500,threshold,Task-aware unverified,183,99.98061783561594,1,1,0,18.598
631,issue_tracking,500,threshold,Pattern-retention guard,326361,65.43397513363631,1,1,1,399.47
631,issue_tracking,500,threshold,Invariant-preserving gate,162281,82.81225673000645,1,1,0,356.957
632,issue_tracking,500,provenance,Raw,944167,0.0,1,1,0,0.0
632,issue_tracking,500,provenance,Fixed projection,96075,89.82436369837116,0,0,0,469.314
632,issue_tracking,500,provenance,Head-tail sampling,37875,95.98852745330011,0,0,0,0.531
632,issue_tracking,500,provenance,Anomaly sampling,162281,82.81225673000645,1,1,0,312.87
632,issue_tracking,500,provenance,Task-aware unverified,3006,99.68162411946192,1,1,0,30.436
632,issue_tracking,500,provenance,Pattern-retention guard,162279,82.8124685569396,1,1,0,385.809
632,issue_tracking,500,provenance,Invariant-preserving gate,162281,82.81225673000645,1,1,0,362.995
633,issue_tracking,500,lookup,Raw,943493,0.0,1,1,0,0.0
633,issue_tracking,500,lookup,Fixed projection,96001,89.8249377578848,0,0,0,484.598
633,issue_tracking,500,lookup,Head-tail sampling,37786,95.99509482317305,0,0,0,0.501
633,issue_tracking,500,lookup,Anomaly sampling,196395,79.18426527806778,0,0,0,338.819
633,issue_tracking,500,lookup,Task-aware unverified,438,99.95357676209574,1,1,0,16.274
633,issue_tracking,500,lookup,Pattern-retention guard,198256,78.9870195115385,1,1,1,385.198
633,issue_tracking,500,lookup,Invariant-preserving gate,434,99.95400071860628,1,1,1,372.86
634,issue_tracking,500,rare_event,Raw,943493,0.0,1,1,0,0.0
634,issue_tracking,500,rare_event,Fixed projection,96001,89.8249377578848,1,1,0,477.036
634,issue_tracking,500,rare_event,Head-tail sampling,37786,95.99509482317305,0,0,0,0.471
634,issue_tracking,500,rare_event,Anomaly sampling,196395,79.18426527806778,1,1,0,324.147
634,issue_tracking,500,rare_event,Task-aware unverified,1329,99.8591404493727,1,1,0,25.619
634,issue_tracking,500,rare_event,Pattern-retention guard,196393,79.18447725632305,1,1,0,386.05
634,issue_tracking,500,rare_event,Invariant-preserving gate,196395,79.18426527806778,1,1,0,366.751
635,issue_tracking,500,latest_state,Raw,943493,0.0,1,1,0,0.0
635,issue_tracking,500,latest_state,Fixed projection,96001,89.8249377578848,1,1,0,482.425
635,issue_tracking,500,latest_state,Head-tail sampling,37786,95.99509482317305,0,0,0,0.471
635,issue_tracking,500,latest_state,Anomaly sampling,196395,79.18426527806778,0,0,0,331.328
635,issue_tracking,500,latest_state,Task-aware unverified,174,99.98155789179147,0,0,0,16.775
635,issue_tracking,500,latest_state,Pattern-retention guard,211415,77.59230858098576,1,1,1,379.39
635,issue_tracking,500,latest_state,Invariant-preserving gate,915,99.90301994821371,1,1,1,386.141
636,issue_tracking,500,aggregation,Raw,943493,0.0,1,1,0,0.0
636,issue_tracking,500,aggregation,Fixed projection,96001,89.8249377578848,0,0,0,484.999
636,issue_tracking,500,aggregation,Head-tail sampling,37786,95.99509482317305,0,0,0,0.491
636,issue_tracking,500,aggregation,Anomaly sampling,196395,79.18426527806778,0,0,0,332.63
636,issue_tracking,500,aggregation,Task-aware unverified,3328,99.64726818322977,1,1,0,72.119
636,issue_tracking,500,aggregation,Pattern-retention guard,324462,65.61055566919946,1,1,1,413.631
636,issue_tracking,500,aggregation,Invariant-preserving gate,3324,99.6476921397403,1,1,1,466.791
637,issue_tracking,500,join,Raw,943493,0.0,1,1,0,0.0
637,issue_tracking,500,join,Fixed projection,96001,89.8249377578848,0,0,0,483.777
637,issue_tracking,500,join,Head-tail sampling,37786,95.99509482317305,0,0,0,0.5
637,issue_tracking,500,join,Anomaly sampling,196395,79.18426527806778,0,0,0,319.009
637,issue_tracking,500,join,Task-aware unverified,1004,99.89358691585417,1,1,0,25.879
637,issue_tracking,500,join,Pattern-retention guard,215203,77.19082176550329,1,1,1,387.873
637,issue_tracking,500,join,Invariant-preserving gate,1000,99.89401087236472,1,1,1,402.114
638,issue_tracking,500,negative_evidence,Raw,943493,0.0,1,1,0,0.0
638,issue_tracking,500,negative_evidence,Fixed projection,96001,89.8249377578848,1,1,0,468.384
638,issue_tracking,500,negative_evidence,Head-tail sampling,37786,95.99509482317305,0,0,0,0.5
638,issue_tracking,500,negative_evidence,Anomaly sampling,196395,79.18426527806778,0,0,0,327.823
638,issue_tracking,500,negative_evidence,Task-aware unverified,80,99.99152086978917,0,0,0,0.461
638,issue_tracking,500,negative_evidence,Pattern-retention guard,205827,78.18457582621174,1,1,1,384.788
638,issue_tracking,500,negative_evidence,Invariant-preserving gate,359,99.96194990317893,1,1,1,371.468
639,issue_tracking,500,threshold,Raw,943493,0.0,1,1,0,0.0
639,issue_tracking,500,threshold,Fixed projection,96001,89.8249377578848,0,0,0,463.436
639,issue_tracking,500,threshold,Head-tail sampling,37786,95.99509482317305,0,0,0,0.541
639,issue_tracking,500,threshold,Anomaly sampling,196395,79.18426527806778,1,1,0,330.096
639,issue_tracking,500,threshold,Task-aware unverified,183,99.98060398964274,1,1,0,19.068
639,issue_tracking,500,threshold,Pattern-retention guard,373764,60.38507969852452,1,1,1,403.627
639,issue_tracking,500,threshold,Invariant-preserving gate,196395,79.18426527806778,1,1,0,372.379
640,issue_tracking,500,provenance,Raw,943493,0.0,1,1,0,0.0
640,issue_tracking,500,provenance,Fixed projection,96001,89.8249377578848,0,0,0,486.22
640,issue_tracking,500,provenance,Head-tail sampling,37786,95.99509482317305,0,0,0,0.511
640,issue_tracking,500,provenance,Anomaly sampling,196395,79.18426527806778,1,1,0,315.414
640,issue_tracking,500,provenance,Task-aware unverified,3909,99.58568850007367,1,1,0,36.004
640,issue_tracking,500,provenance,Pattern-retention guard,196393,79.18447725632305,1,1,0,382.204
640,issue_tracking,500,provenance,Invariant-preserving gate,196395,79.18426527806778,1,1,0,365.168
641,commerce_orders,50,lookup,Raw,95363,0.0,1,1,0,0.0
641,commerce_orders,50,lookup,Fixed projection,9646,89.8849658672651,0,0,0,46.68
641,commerce_orders,50,lookup,Head-tail sampling,37646,60.523473464551245,0,0,0,0.521
641,commerce_orders,50,lookup,Anomaly sampling,28324,70.29875318519761,0,0,0,61.002
641,commerce_orders,50,lookup,Task-aware unverified,449,99.52916749682791,1,1,0,3.204
641,commerce_orders,50,lookup,Pattern-retention guard,30240,68.28958820506905,1,1,1,65.228
641,commerce_orders,50,lookup,Invariant-preserving gate,445,99.53336199574258,1,1,1,65.048
642,commerce_orders,50,rare_event,Raw,95363,0.0,1,1,0,0.0
642,commerce_orders,50,rare_event,Fixed projection,9646,89.8849658672651,1,1,0,46.539
642,commerce_orders,50,rare_event,Head-tail sampling,37646,60.523473464551245,0,0,0,0.471
642,commerce_orders,50,rare_event,Anomaly sampling,28324,70.29875318519761,1,1,0,56.515
642,commerce_orders,50,rare_event,Task-aware unverified,259,99.7284061952749,1,1,0,3.626
642,commerce_orders,50,rare_event,Pattern-retention guard,28322,70.30085043465495,1,1,0,62.334
642,commerce_orders,50,rare_event,Invariant-preserving gate,28324,70.29875318519761,1,1,0,63.966
643,commerce_orders,50,latest_state,Raw,95363,0.0,1,1,0,0.0
643,commerce_orders,50,latest_state,Fixed projection,9646,89.8849658672651,1,1,0,45.859
643,commerce_orders,50,latest_state,Head-tail sampling,37646,60.523473464551245,0,0,0,0.46
643,commerce_orders,50,latest_state,Anomaly sampling,28324,70.29875318519761,0,0,0,56.715
643,commerce_orders,50,latest_state,Task-aware unverified,175,99.81649067248304,0,0,0,3.085
643,commerce_orders,50,latest_state,Pattern-retention guard,45307,52.489959418222995,1,1,1,66.46
643,commerce_orders,50,latest_state,Invariant-preserving gate,1012,98.93879177458763,1,1,1,76.165
644,commerce_orders,50,aggregation,Raw,95363,0.0,1,1,0,0.0
644,commerce_orders,50,aggregation,Fixed projection,9646,89.8849658672651,0,0,0,46.089
644,commerce_orders,50,aggregation,Head-tail sampling,37646,60.523473464551245,0,0,0,0.501
644,commerce_orders,50,aggregation,Anomaly sampling,28324,70.29875318519761,0,0,0,59.169
644,commerce_orders,50,aggregation,Task-aware unverified,591,99.380262785357,1,1,0,11.006
644,commerce_orders,50,aggregation,Pattern-retention guard,43407,54.48234640269287,1,1,1,64.837
644,commerce_orders,50,aggregation,Invariant-preserving gate,587,99.38445728427168,1,1,1,77.296
645,commerce_orders,50,join,Raw,95363,0.0,1,1,0,0.0
645,commerce_orders,50,join,Fixed projection,9646,89.8849658672651,0,0,0,45.589
645,commerce_orders,50,join,Head-tail sampling,37646,60.523473464551245,0,0,0,0.47
645,commerce_orders,50,join,Anomaly sampling,28324,70.29875318519761,0,0,0,56.465
645,commerce_orders,50,join,Task-aware unverified,630,99.33936642093893,1,1,0,6.73
645,commerce_orders,50,join,Pattern-retention guard,39591,58.483898367291296,1,1,1,65.769
645,commerce_orders,50,join,Invariant-preserving gate,626,99.34356091985362,1,1,1,72.759
646,commerce_orders,50,negative_evidence,Raw,95363,0.0,1,1,0,0.0
646,commerce_orders,50,negative_evidence,Fixed projection,9646,89.8849658672651,1,1,0,45.869
646,commerce_orders,50,negative_evidence,Head-tail sampling,37646,60.523473464551245,0,0,0,0.461
646,commerce_orders,50,negative_evidence,Anomaly sampling,28324,70.29875318519761,0,0,0,57.887
646,commerce_orders,50,negative_evidence,Task-aware unverified,81,99.91506139697786,0,0,0,0.46
646,commerce_orders,50,negative_evidence,Pattern-retention guard,35906,62.348080492434164,1,1,1,64.086
646,commerce_orders,50,negative_evidence,Invariant-preserving gate,320,99.66444008682612,1,1,1,71.647
647,commerce_orders,50,threshold,Raw,95363,0.0,1,1,0,0.0
647,commerce_orders,50,threshold,Fixed projection,9646,89.8849658672651,0,0,0,46.62
647,commerce_orders,50,threshold,Head-tail sampling,37646,60.523473464551245,0,0,0,0.491
647,commerce_orders,50,threshold,Anomaly sampling,28324,70.29875318519761,1,1,0,58.998
647,commerce_orders,50,threshold,Task-aware unverified,184,99.80705304992502,1,1,0,3.154
647,commerce_orders,50,threshold,Pattern-retention guard,41451,56.53345637196816,1,1,1,63.996
647,commerce_orders,50,threshold,Invariant-preserving gate,28324,70.29875318519761,1,1,0,62.574
648,commerce_orders,50,provenance,Raw,95363,0.0,1,1,0,0.0
648,commerce_orders,50,provenance,Fixed projection,9646,89.8849658672651,0,0,0,45.658
648,commerce_orders,50,provenance,Head-tail sampling,37646,60.523473464551245,0,0,0,0.491
648,commerce_orders,50,provenance,Anomaly sampling,28324,70.29875318519761,1,1,0,56.234
648,commerce_orders,50,provenance,Task-aware unverified,740,99.22401770078541,1,1,0,5.698
648,commerce_orders,50,provenance,Pattern-retention guard,28322,70.30085043465495,1,1,0,63.265
648,commerce_orders,50,provenance,Invariant-preserving gate,28324,70.29875318519761,1,1,0,62.484
649,commerce_orders,50,lookup,Raw,95256,0.0,1,1,0,0.0
649,commerce_orders,50,lookup,Fixed projection,9636,89.88410178886369,0,0,0,45.699
649,commerce_orders,50,lookup,Head-tail sampling,37698,60.42454018644494,0,0,0,0.511
649,commerce_orders,50,lookup,Anomaly sampling,33985,64.32245737801293,1,1,0,55.083
649,commerce_orders,50,lookup,Task-aware unverified,435,99.54333585285966,1,1,0,2.934
649,commerce_orders,50,lookup,Pattern-retention guard,33983,64.32455698328714,1,1,0,62.193
649,commerce_orders,50,lookup,Invariant-preserving gate,33985,64.32245737801293,1,1,0,57.065
650,commerce_orders,50,rare_event,Raw,95256,0.0,1,1,0,0.0
650,commerce_orders,50,rare_event,Fixed projection,9636,89.88410178886369,1,1,0,46.209
650,commerce_orders,50,rare_event,Head-tail sampling,37698,60.42454018644494,0,0,0,0.45
650,commerce_orders,50,rare_event,Anomaly sampling,33985,64.32245737801293,1,1,0,53.901
650,commerce_orders,50,rare_event,Task-aware unverified,521,99.4530528260687,1,1,0,5.789
650,commerce_orders,50,rare_event,Pattern-retention guard,33983,64.32455698328714,1,1,0,61.393
650,commerce_orders,50,rare_event,Invariant-preserving gate,33985,64.32245737801293,1,1,0,61.563
651,commerce_orders,50,latest_state,Raw,95256,0.0,1,1,0,0.0
651,commerce_orders,50,latest_state,Fixed projection,9636,89.88410178886369,1,1,0,45.098
651,commerce_orders,50,latest_state,Head-tail sampling,37698,60.42454018644494,0,0,0,0.481
651,commerce_orders,50,latest_state,Anomaly sampling,33985,64.32245737801293,0,0,0,55.163
651,commerce_orders,50,latest_state,Task-aware unverified,172,99.81943394641807,0,0,0,3.135
651,commerce_orders,50,latest_state,Pattern-retention guard,45299,52.44499034181573,1,1,1,60.892
651,commerce_orders,50,latest_state,Invariant-preserving gate,1002,98.94809775762157,1,1,1,70.005
652,commerce_orders,50,aggregation,Raw,95256,0.0,1,1,0,0.0
652,commerce_orders,50,aggregation,Fixed projection,9636,89.88410178886369,0,0,0,46.68
652,commerce_orders,50,aggregation,Head-tail sampling,37698,60.42454018644494,0,0,0,0.491
652,commerce_orders,50,aggregation,Anomaly sampling,33985,64.32245737801293,0,0,0,55.032
652,commerce_orders,50,aggregation,Task-aware unverified,509,99.46565045771395,1,1,0,9.354
652,commerce_orders,50,aggregation,Pattern-retention guard,45228,52.51952632905014,1,1,1,60.16
652,commerce_orders,50,aggregation,Invariant-preserving gate,505,99.46984966826237,1,1,1,69.454
653,commerce_orders,50,join,Raw,95256,0.0,1,1,0,0.0
653,commerce_orders,50,join,Fixed projection,9636,89.88410178886369,0,0,0,45.558
653,commerce_orders,50,join,Head-tail sampling,37698,60.42454018644494,0,0,0,0.471
653,commerce_orders,50,join,Anomaly sampling,33985,64.32245737801293,0,0,0,53.941
653,commerce_orders,50,join,Task-aware unverified,1091,98.85466532291929,1,1,0,10.816
653,commerce_orders,50,join,Pattern-retention guard,48938,48.62475854539346,1,1,1,61.522
653,commerce_orders,50,join,Invariant-preserving gate,1087,98.85886453346771,1,1,1,80.411
654,commerce_orders,50,negative_evidence,Raw,95256,0.0,1,1,0,0.0
654,commerce_orders,50,negative_evidence,Fixed projection,9636,89.88410178886369,1,1,0,45.868
654,commerce_orders,50,negative_evidence,Head-tail sampling,37698,60.42454018644494,0,0,0,0.471
654,commerce_orders,50,negative_evidence,Anomaly sampling,33985,64.32245737801293,0,0,0,53.89
654,commerce_orders,50,negative_evidence,Task-aware unverified,81,99.91496598639455,0,0,0,0.46
654,commerce_orders,50,negative_evidence,Pattern-retention guard,45299,52.44499034181573,1,1,1,62.774
654,commerce_orders,50,negative_evidence,Invariant-preserving gate,472,99.50449315528681,1,1,1,71.778
655,commerce_orders,50,threshold,Raw,95256,0.0,1,1,0,0.0
655,commerce_orders,50,threshold,Fixed projection,9636,89.88410178886369,0,0,0,46.179
655,commerce_orders,50,threshold,Head-tail sampling,37698,60.42454018644494,0,0,0,0.461
655,commerce_orders,50,threshold,Anomaly sampling,33985,64.32245737801293,1,1,0,54.041
655,commerce_orders,50,threshold,Task-aware unverified,184,99.80683631477282,1,1,0,3.195
655,commerce_orders,50,threshold,Pattern-retention guard,49096,48.458889728731,1,1,1,59.94
655,commerce_orders,50,threshold,Invariant-preserving gate,33985,64.32245737801293,1,1,0,59.719
656,commerce_orders,50,provenance,Raw,95256,0.0,1,1,0,0.0
656,commerce_orders,50,provenance,Fixed projection,9636,89.88410178886369,0,0,0,44.817
656,commerce_orders,50,provenance,Head-tail sampling,37698,60.42454018644494,0,0,0,0.441
656,commerce_orders,50,provenance,Anomaly sampling,33985,64.32245737801293,1,1,0,53.851
656,commerce_orders,50,provenance,Task-aware unverified,350,99.63256907701353,1,1,0,3.425
656,commerce_orders,50,provenance,Pattern-retention guard,33983,64.32455698328714,1,1,0,59.82
656,commerce_orders,50,provenance,Invariant-preserving gate,33985,64.32245737801293,1,1,0,58.598
657,commerce_orders,50,lookup,Raw,95313,0.0,1,1,0,0.0
657,commerce_orders,50,lookup,Fixed projection,9723,89.79887318623902,0,0,0,46.51
657,commerce_orders,50,lookup,Head-tail sampling,37718,60.42722398833318,0,0,0,0.51
657,commerce_orders,50,lookup,Anomaly sampling,33961,64.36897380210465,0,0,0,62.384
657,commerce_orders,50,lookup,Task-aware unverified,453,99.52472380472757,1,1,0,2.875
657,commerce_orders,50,lookup,Pattern-retention guard,35896,62.33882051766286,1,1,1,66.459
657,commerce_orders,50,lookup,Invariant-preserving gate,449,99.52892050402359,1,1,1,65.389
658,commerce_orders,50,rare_event,Raw,95313,0.0,1,1,0,0.0
658,commerce_orders,50,rare_event,Fixed projection,9723,89.79887318623902,1,1,0,44.506
658,commerce_orders,50,rare_event,Head-tail sampling,37718,60.42722398833318,0,0,0,0.501
658,commerce_orders,50,rare_event,Anomaly sampling,33961,64.36897380210465,1,1,0,59.209
658,commerce_orders,50,rare_event,Task-aware unverified,266,99.72091949681575,1,1,0,3.696
658,commerce_orders,50,rare_event,Pattern-retention guard,33959,64.37107215175264,1,1,0,65.068
658,commerce_orders,50,rare_event,Invariant-preserving gate,33961,64.36897380210465,1,1,0,64.948
659,commerce_orders,50,latest_state,Raw,95313,0.0,1,1,0,0.0
659,commerce_orders,50,latest_state,Fixed projection,9723,89.79887318623902,1,1,0,47.041
659,commerce_orders,50,latest_state,Head-tail sampling,37718,60.42722398833318,0,0,0,0.461
659,commerce_orders,50,latest_state,Anomaly sampling,33961,64.36897380210465,0,0,0,58.338
659,commerce_orders,50,latest_state,Task-aware unverified,173,99.81849275544783,0,0,0,3.045
659,commerce_orders,50,latest_state,Pattern-retention guard,45329,52.441954402862144,1,1,1,64.608
659,commerce_orders,50,latest_state,Invariant-preserving gate,912,99.04315256051116,1,1,1,77.046
660,commerce_orders,50,aggregation,Raw,95313,0.0,1,1,0,0.0
660,commerce_orders,50,aggregation,Fixed projection,9723,89.79887318623902,0,0,0,45.738
660,commerce_orders,50,aggregation,Head-tail sampling,37718,60.42722398833318,0,0,0,0.471
660,commerce_orders,50,aggregation,Anomaly sampling,33961,64.36897380210465,0,0,0,58.768
660,commerce_orders,50,aggregation,Task-aware unverified,198,99.79226338484781,1,1,0,3.926
660,commerce_orders,50,aggregation,Pattern-retention guard,39623,58.42854594861142,1,1,1,71.678
660,commerce_orders,50,aggregation,Invariant-preserving gate,194,99.79646008414382,1,1,1,70.376
661,commerce_orders,50,join,Raw,95313,0.0,1,1,0,0.0
661,commerce_orders,50,join,Fixed projection,9723,89.79887318623902,0,0,0,46.239
661,commerce_orders,50,join,Head-tail sampling,37718,60.42722398833318,0,0,0,0.461
661,commerce_orders,50,join,Anomaly sampling,33961,64.36897380210465,0,0,0,60.441
661,commerce_orders,50,join,Task-aware unverified,543,99.4302980705675,1,1,0,6.209
661,commerce_orders,50,join,Pattern-retention guard,41541,56.41622863617764,1,1,1,67.741
661,commerce_orders,50,join,Invariant-preserving gate,539,99.4344947698635,1,1,1,76.695
662,commerce_orders,50,negative_evidence,Raw,95313,0.0,1,1,0,0.0
662,commerce_orders,50,negative_evidence,Fixed projection,9723,89.79887318623902,1,1,0,46.34
662,commerce_orders,50,negative_evidence,Head-tail sampling,37718,60.42722398833318,0,0,0,0.471
662,commerce_orders,50,negative_evidence,Anomaly sampling,33961,64.36897380210465,0,0,0,58.989
662,commerce_orders,50,negative_evidence,Task-aware unverified,81,99.91501683925593,0,0,0,0.471
662,commerce_orders,50,negative_evidence,Pattern-retention guard,45329,52.441954402862144,1,1,1,67.412
662,commerce_orders,50,negative_evidence,Invariant-preserving gate,435,99.5436089515596,1,1,1,75.293
663,commerce_orders,50,threshold,Raw,95313,0.0,1,1,0,0.0
663,commerce_orders,50,threshold,Fixed projection,9723,89.79887318623902,0,0,0,47.09
663,commerce_orders,50,threshold,Head-tail sampling,37718,60.42722398833318,0,0,0,0.471
663,commerce_orders,50,threshold,Anomaly sampling,33961,64.36897380210465,1,1,0,59.179
663,commerce_orders,50,threshold,Task-aware unverified,184,99.80695183238383,1,1,0,3.085
663,commerce_orders,50,threshold,Pattern-retention guard,47118,50.5649806427245,1,1,1,65.027
663,commerce_orders,50,threshold,Invariant-preserving gate,33961,64.36897380210465,1,1,0,66.169
664,commerce_orders,50,provenance,Raw,95313,0.0,1,1,0,0.0
664,commerce_orders,50,provenance,Fixed projection,9723,89.79887318623902,0,0,0,46.029
664,commerce_orders,50,provenance,Head-tail sampling,37718,60.42722398833318,0,0,0,0.481
664,commerce_orders,50,provenance,Anomaly sampling,33961,64.36897380210465,1,1,0,60.411
664,commerce_orders,50,provenance,Task-aware unverified,474,99.50269113342355,1,1,0,4.106
664,commerce_orders,50,provenance,Pattern-retention guard,33959,64.37107215175264,1,1,0,65.599
664,commerce_orders,50,provenance,Invariant-preserving gate,33961,64.36897380210465,1,1,0,63.425
665,commerce_orders,50,lookup,Raw,95579,0.0,1,1,0,0.0
665,commerce_orders,50,lookup,Fixed projection,9667,89.88585358708502,0,0,0,46.79
665,commerce_orders,50,lookup,Head-tail sampling,37823,60.42749976459264,0,0,0,0.521
665,commerce_orders,50,lookup,Anomaly sampling,30317,68.28068927274819,0,0,0,62.574
665,commerce_orders,50,lookup,Task-aware unverified,434,99.54592536017326,1,1,0,2.965
665,commerce_orders,50,lookup,Pattern-retention guard,32194,66.31686876824408,1,1,1,66.11
665,commerce_orders,50,lookup,Invariant-preserving gate,430,99.55011037989516,1,1,1,69.695
666,commerce_orders,50,rare_event,Raw,95579,0.0,1,1,0,0.0
666,commerce_orders,50,rare_event,Fixed projection,9667,89.88585358708502,1,1,0,44.707
666,commerce_orders,50,rare_event,Head-tail sampling,37823,60.42749976459264,0,0,0,0.45
666,commerce_orders,50,rare_event,Anomaly sampling,30317,68.28068927274819,1,1,0,59.8
666,commerce_orders,50,rare_event,Task-aware unverified,267,99.72064993356281,1,1,0,3.756
666,commerce_orders,50,rare_event,Pattern-retention guard,30315,68.28278178260916,1,1,0,65.208
666,commerce_orders,50,rare_event,Invariant-preserving gate,30317,68.28068927274819,1,1,0,63.616
667,commerce_orders,50,latest_state,Raw,95579,0.0,1,1,0,0.0
667,commerce_orders,50,latest_state,Fixed projection,9667,89.88585358708502,1,1,0,45.719
667,commerce_orders,50,latest_state,Head-tail sampling,37823,60.42749976459264,0,0,0,0.491
667,commerce_orders,50,latest_state,Anomaly sampling,30317,68.28068927274819,0,0,0,61.443
667,commerce_orders,50,latest_state,Task-aware unverified,175,99.81690538716663,0,0,0,3.335
667,commerce_orders,50,latest_state,Pattern-retention guard,43498,54.4900030341393,1,1,1,66.13
667,commerce_orders,50,latest_state,Invariant-preserving gate,821,99.14102470207891,1,1,1,73.991
668,commerce_orders,50,aggregation,Raw,95579,0.0,1,1,0,0.0
668,commerce_orders,50,aggregation,Fixed projection,9667,89.88585358708502,0,0,0,44.677
668,commerce_orders,50,aggregation,Head-tail sampling,37823,60.42749976459264,0,0,0,0.481
668,commerce_orders,50,aggregation,Anomaly sampling,30317,68.28068927274819,0,0,0,61.232
668,commerce_orders,50,aggregation,Task-aware unverified,443,99.53650906579897,1,1,0,8.082
668,commerce_orders,50,aggregation,Pattern-retention guard,43503,54.48477175948692,1,1,1,65.188
668,commerce_orders,50,aggregation,Invariant-preserving gate,439,99.54069408552087,1,1,1,74.772
669,commerce_orders,50,join,Raw,95579,0.0,1,1,0,0.0
669,commerce_orders,50,join,Fixed projection,9667,89.88585358708502,0,0,0,45.248
669,commerce_orders,50,join,Head-tail sampling,37823,60.42749976459264,0,0,0,0.461
669,commerce_orders,50,join,Anomaly sampling,30317,68.28068927274819,0,0,0,60.391
669,commerce_orders,50,join,Task-aware unverified,1092,98.85748961591982,1,1,0,10.696
669,commerce_orders,50,join,Pattern-retention guard,43513,54.47430921018215,1,1,1,68.944
669,commerce_orders,50,join,Invariant-preserving gate,1088,98.86167463564172,1,1,1,85.969
670,commerce_orders,50,negative_evidence,Raw,95579,0.0,1,1,0,0.0
670,commerce_orders,50,negative_evidence,Fixed projection,9667,89.88585358708502,1,1,0,45.408
670,commerce_orders,50,negative_evidence,Head-tail sampling,37823,60.42749976459264,0,0,0,0.531
670,commerce_orders,50,negative_evidence,Anomaly sampling,30317,68.28068927274819,0,0,0,60.481
670,commerce_orders,50,negative_evidence,Task-aware unverified,81,99.91525335063142,0,0,0,0.461
670,commerce_orders,50,negative_evidence,Pattern-retention guard,35981,62.35470134653009,1,1,1,66.289
670,commerce_orders,50,negative_evidence,Invariant-preserving gate,274,99.71332614904948,1,1,1,72.298
671,commerce_orders,50,threshold,Raw,95579,0.0,1,1,0,0.0
671,commerce_orders,50,threshold,Fixed projection,9667,89.88585358708502,0,0,0,45.268
671,commerce_orders,50,threshold,Head-tail sampling,37823,60.42749976459264,0,0,0,0.46
671,commerce_orders,50,threshold,Anomaly sampling,30317,68.28068927274819,1,1,0,60.32
671,commerce_orders,50,threshold,Task-aware unverified,184,99.80748909279235,1,1,0,3.105
671,commerce_orders,50,threshold,Pattern-retention guard,47275,50.53829816173009,1,1,1,65.128
671,commerce_orders,50,threshold,Invariant-preserving gate,30317,68.28068927274819,1,1,0,65.699
672,commerce_orders,50,provenance,Raw,95579,0.0,1,1,0,0.0
672,commerce_orders,50,provenance,Fixed projection,9667,89.88585358708502,0,0,0,45.078
672,commerce_orders,50,provenance,Head-tail sampling,37823,60.42749976459264,0,0,0,0.46
672,commerce_orders,50,provenance,Anomaly sampling,30317,68.28068927274819,1,1,0,62.164
672,commerce_orders,50,provenance,Task-aware unverified,603,99.36910827692276,1,1,0,5.038
672,commerce_orders,50,provenance,Pattern-retention guard,30315,68.28278178260916,1,1,0,66.45
672,commerce_orders,50,provenance,Invariant-preserving gate,30317,68.28068927274819,1,1,0,65.709
673,commerce_orders,50,lookup,Raw,95336,0.0,1,1,0,0.0
673,commerce_orders,50,lookup,Fixed projection,9717,89.80762775866408,0,0,0,44.456
673,commerce_orders,50,lookup,Head-tail sampling,37771,60.38117814886297,0,0,0,0.471
673,commerce_orders,50,lookup,Anomaly sampling,26412,72.29587983552908,0,0,0,62.444
673,commerce_orders,50,lookup,Task-aware unverified,446,99.53218091801628,1,1,0,2.935
673,commerce_orders,50,lookup,Pattern-retention guard,28298,70.31761349332885,1,1,1,66.289
673,commerce_orders,50,lookup,Invariant-preserving gate,442,99.53637660485022,1,1,1,67.922
674,commerce_orders,50,rare_event,Raw,95336,0.0,1,1,0,0.0
674,commerce_orders,50,rare_event,Fixed projection,9717,89.80762775866408,1,1,0,45.588
674,commerce_orders,50,rare_event,Head-tail sampling,37771,60.38117814886297,0,0,0,0.471
674,commerce_orders,50,rare_event,Anomaly sampling,26412,72.29587983552908,1,1,0,57.937
674,commerce_orders,50,rare_event,Task-aware unverified,175,99.81643870101536,1,1,0,2.814
674,commerce_orders,50,rare_event,Pattern-retention guard,26410,72.29797767894604,1,1,0,62.855
674,commerce_orders,50,rare_event,Invariant-preserving gate,26412,72.29587983552908,1,1,0,62.163
675,commerce_orders,50,latest_state,Raw,95336,0.0,1,1,0,0.0
675,commerce_orders,50,latest_state,Fixed projection,9717,89.80762775866408,1,1,0,44.987
675,commerce_orders,50,latest_state,Head-tail sampling,37771,60.38117814886297,0,0,0,0.491
675,commerce_orders,50,latest_state,Anomaly sampling,26412,72.29587983552908,0,0,0,58.608
675,commerce_orders,50,latest_state,Task-aware unverified,174,99.81748762272385,1,0,0,3.165
675,commerce_orders,50,latest_state,Pattern-retention guard,39611,58.45116220525299,1,1,1,66.149
675,commerce_orders,50,latest_state,Invariant-preserving gate,820,99.13988419904338,1,1,1,71.677
676,commerce_orders,50,aggregation,Raw,95336,0.0,1,1,0,0.0
676,commerce_orders,50,aggregation,Fixed projection,9717,89.80762775866408,0,0,0,45.909
676,commerce_orders,50,aggregation,Head-tail sampling,37771,60.38117814886297,0,0,0,0.481
676,commerce_orders,50,aggregation,Anomaly sampling,26412,72.29587983552908,0,0,0,57.676
676,commerce_orders,50,aggregation,Task-aware unverified,473,99.50386003188721,1,1,0,8.983
676,commerce_orders,50,aggregation,Pattern-retention guard,39610,58.45221112696149,1,1,1,64.316
676,commerce_orders,50,aggregation,Invariant-preserving gate,469,99.50805571872115,1,1,1,72.559
677,commerce_orders,50,join,Raw,95336,0.0,1,1,0,0.0
677,commerce_orders,50,join,Fixed projection,9717,89.80762775866408,0,0,0,46.139
677,commerce_orders,50,join,Head-tail sampling,37771,60.38117814886297,0,0,0,0.611
677,commerce_orders,50,join,Anomaly sampling,26412,72.29587983552908,0,0,0,60.822
677,commerce_orders,50,join,Task-aware unverified,822,99.13778635562642,1,1,0,8.412
677,commerce_orders,50,join,Pattern-retention guard,37774,60.37803138373752,1,1,1,64.527
677,commerce_orders,50,join,Invariant-preserving gate,818,99.14198204246036,1,1,1,77.126
678,commerce_orders,50,negative_evidence,Raw,95336,0.0,1,1,0,0.0
678,commerce_orders,50,negative_evidence,Fixed projection,9717,89.80762775866408,1,1,0,46.38
678,commerce_orders,50,negative_evidence,Head-tail sampling,37771,60.38117814886297,0,0,0,0.521
678,commerce_orders,50,negative_evidence,Anomaly sampling,26412,72.29587983552908,0,0,0,58.448
678,commerce_orders,50,negative_evidence,Task-aware unverified,81,99.91503734161282,0,0,0,0.501
678,commerce_orders,50,negative_evidence,Pattern-retention guard,30161,68.36347235042378,1,1,1,64.056
678,commerce_orders,50,negative_evidence,Invariant-preserving gate,235,99.75350339850634,1,1,1,73.69
679,commerce_orders,50,threshold,Raw,95336,0.0,1,1,0,0.0
679,commerce_orders,50,threshold,Fixed projection,9717,89.80762775866408,0,0,0,46.77
679,commerce_orders,50,threshold,Head-tail sampling,37771,60.38117814886297,0,0,0,0.491
679,commerce_orders,50,threshold,Anomaly sampling,26412,72.29587983552908,1,1,0,58.398
679,commerce_orders,50,threshold,Task-aware unverified,184,99.806998405639,1,1,0,3.085
679,commerce_orders,50,threshold,Pattern-retention guard,32006,66.42821179827138,1,1,1,68.503
679,commerce_orders,50,threshold,Invariant-preserving gate,26412,72.29587983552908,1,1,0,63.585
680,commerce_orders,50,provenance,Raw,95336,0.0,1,1,0,0.0
680,commerce_orders,50,provenance,Fixed projection,9717,89.80762775866408,0,0,0,45.218
680,commerce_orders,50,provenance,Head-tail sampling,37771,60.38117814886297,0,0,0,0.49
680,commerce_orders,50,provenance,Anomaly sampling,26412,72.29587983552908,1,1,0,58.679
680,commerce_orders,50,provenance,Task-aware unverified,618,99.35176638415709,1,1,0,4.918
680,commerce_orders,50,provenance,Pattern-retention guard,26410,72.29797767894604,1,1,0,63.144
680,commerce_orders,50,provenance,Invariant-preserving gate,26412,72.29587983552908,1,1,0,66.189
681,commerce_orders,100,lookup,Raw,190162,0.0,1,1,0,0.0
681,commerce_orders,100,lookup,Fixed projection,19325,89.83761214122696,0,0,0,94.031
681,commerce_orders,100,lookup,Head-tail sampling,37861,80.09013367549773,0,0,0,0.55
681,commerce_orders,100,lookup,Anomaly sampling,52952,72.15426846583439,0,0,0,96.886
681,commerce_orders,100,lookup,Task-aware unverified,437,99.77019593820006,1,1,0,4.717
681,commerce_orders,100,lookup,Pattern-retention guard,54815,71.1745774655294,1,1,1,103.255
681,commerce_orders,100,lookup,Invariant-preserving gate,433,99.77229940787329,1,1,1,102.645
682,commerce_orders,100,rare_event,Raw,190162,0.0,1,1,0,0.0
682,commerce_orders,100,rare_event,Fixed projection,19325,89.83761214122696,1,1,0,89.875
682,commerce_orders,100,rare_event,Head-tail sampling,37861,80.09013367549773,0,0,0,0.461
682,commerce_orders,100,rare_event,Anomaly sampling,52952,72.15426846583439,1,1,0,91.808
682,commerce_orders,100,rare_event,Task-aware unverified,616,99.6760656703232,1,1,0,8.393
682,commerce_orders,100,rare_event,Pattern-retention guard,52950,72.15532020067101,1,1,0,104.617
682,commerce_orders,100,rare_event,Invariant-preserving gate,52952,72.15426846583439,1,1,0,103.415
683,commerce_orders,100,latest_state,Raw,190162,0.0,1,1,0,0.0
683,commerce_orders,100,latest_state,Fixed projection,19325,89.83761214122696,1,1,0,90.406
683,commerce_orders,100,latest_state,Head-tail sampling,37861,80.09013367549773,0,0,0,0.481
683,commerce_orders,100,latest_state,Anomaly sampling,52952,72.15426846583439,0,0,0,91.367
683,commerce_orders,100,latest_state,Task-aware unverified,175,99.90797320179637,0,0,0,4.687
683,commerce_orders,100,latest_state,Pattern-retention guard,64348,66.16148336681356,1,1,1,101.833
683,commerce_orders,100,latest_state,Invariant-preserving gate,732,99.61506504979964,1,1,1,107.602
684,commerce_orders,100,aggregation,Raw,190162,0.0,1,1,0,0.0
684,commerce_orders,100,aggregation,Fixed projection,19325,89.83761214122696,0,0,0,90.476
684,commerce_orders,100,aggregation,Head-tail sampling,37861,80.09013367549773,0,0,0,0.46
684,commerce_orders,100,aggregation,Anomaly sampling,52952,72.15426846583439,0,0,0,91.317
684,commerce_orders,100,aggregation,Task-aware unverified,744,99.60875464077996,1,1,0,15.153
684,commerce_orders,100,aggregation,Pattern-retention guard,79394,58.24928219097401,1,1,1,106.71
684,commerce_orders,100,aggregation,Invariant-preserving gate,740,99.6108581104532,1,1,1,120.191
685,commerce_orders,100,join,Raw,190162,0.0,1,1,0,0.0
685,commerce_orders,100,join,Fixed projection,19325,89.83761214122696,0,0,0,92.98
685,commerce_orders,100,join,Head-tail sampling,37861,80.09013367549773,0,0,0,0.471
685,commerce_orders,100,join,Anomaly sampling,52952,72.15426846583439,0,0,0,91.087
685,commerce_orders,100,join,Task-aware unverified,633,99.66712592421199,1,1,0,8.743
685,commerce_orders,100,join,Pattern-retention guard,60504,68.18291772278373,1,1,1,102.994
685,commerce_orders,100,join,Invariant-preserving gate,629,99.66922939388522,1,1,1,113.771
686,commerce_orders,100,negative_evidence,Raw,190162,0.0,1,1,0,0.0
686,commerce_orders,100,negative_evidence,Fixed projection,19325,89.83761214122696,1,1,0,90.796
686,commerce_orders,100,negative_evidence,Head-tail sampling,37861,80.09013367549773,1,1,0,0.481
686,commerce_orders,100,negative_evidence,Anomaly sampling,52952,72.15426846583439,1,1,0,88.843
686,commerce_orders,100,negative_evidence,Task-aware unverified,81,99.95740473911717,0,0,0,0.511
686,commerce_orders,100,negative_evidence,Pattern-retention guard,52950,72.15532020067101,1,1,0,97.977
686,commerce_orders,100,negative_evidence,Invariant-preserving gate,52952,72.15426846583439,1,1,0,99.039
687,commerce_orders,100,threshold,Raw,190162,0.0,1,1,0,0.0
687,commerce_orders,100,threshold,Fixed projection,19325,89.83761214122696,0,0,0,89.524
687,commerce_orders,100,threshold,Head-tail sampling,37861,80.09013367549773,0,0,0,0.46
687,commerce_orders,100,threshold,Anomaly sampling,52952,72.15426846583439,1,1,0,89.334
687,commerce_orders,100,threshold,Task-aware unverified,184,99.9032403950316,1,1,0,5.228
687,commerce_orders,100,threshold,Pattern-retention guard,90662,52.323808121496405,1,1,1,106.78
687,commerce_orders,100,threshold,Invariant-preserving gate,52952,72.15426846583439,1,1,0,98.678
688,commerce_orders,100,provenance,Raw,190162,0.0,1,1,0,0.0
688,commerce_orders,100,provenance,Fixed projection,19325,89.83761214122696,0,0,0,92.399
688,commerce_orders,100,provenance,Head-tail sampling,37861,80.09013367549773,0,0,0,0.461
688,commerce_orders,100,provenance,Anomaly sampling,52952,72.15426846583439,1,1,0,87.962
688,commerce_orders,100,provenance,Task-aware unverified,742,99.60980637561659,1,1,0,6.99
688,commerce_orders,100,provenance,Pattern-retention guard,52950,72.15532020067101,1,1,0,107.451
688,commerce_orders,100,provenance,Invariant-preserving gate,52952,72.15426846583439,1,1,0,98.588
689,commerce_orders,100,lookup,Raw,189870,0.0,1,1,0,0.0
689,commerce_orders,100,lookup,Fixed projection,19313,89.82830357613103,0,0,0,90.406
689,commerce_orders,100,lookup,Head-tail sampling,37761,80.11218201927635,0,0,0,0.491
689,commerce_orders,100,lookup,Anomaly sampling,54722,71.17922789276874,0,0,0,96.264
689,commerce_orders,100,lookup,Task-aware unverified,435,99.77089587612578,1,1,0,4.507
689,commerce_orders,100,lookup,Pattern-retention guard,56591,70.19487017432981,1,1,1,106.14
689,commerce_orders,100,lookup,Invariant-preserving gate,431,99.77300258071313,1,1,1,106.73
690,commerce_orders,100,rare_event,Raw,189870,0.0,1,1,0,0.0
690,commerce_orders,100,rare_event,Fixed projection,19313,89.82830357613103,1,1,0,91.538
690,commerce_orders,100,rare_event,Head-tail sampling,37761,80.11218201927635,0,0,0,0.491
690,commerce_orders,100,rare_event,Anomaly sampling,54722,71.17922789276874,1,1,0,94.231
690,commerce_orders,100,rare_event,Task-aware unverified,629,99.66872070363934,1,1,0,7.801
690,commerce_orders,100,rare_event,Pattern-retention guard,54720,71.18028124506242,1,1,0,105.94
690,commerce_orders,100,rare_event,Invariant-preserving gate,54722,71.17922789276874,1,1,0,105.528
691,commerce_orders,100,latest_state,Raw,189870,0.0,1,1,0,0.0
691,commerce_orders,100,latest_state,Fixed projection,19313,89.82830357613103,1,1,0,93.801
691,commerce_orders,100,latest_state,Head-tail sampling,37761,80.11218201927635,0,0,0,0.5
691,commerce_orders,100,latest_state,Anomaly sampling,54722,71.17922789276874,0,0,0,93.941
691,commerce_orders,100,latest_state,Task-aware unverified,175,99.90783167430347,0,0,0,4.717
691,commerce_orders,100,latest_state,Pattern-retention guard,68058,64.15547479854638,1,1,1,105.399
691,commerce_orders,100,latest_state,Invariant-preserving gate,820,99.5681255595934,1,1,1,114.652
692,commerce_orders,100,aggregation,Raw,189870,0.0,1,1,0,0.0
692,commerce_orders,100,aggregation,Fixed projection,19313,89.82830357613103,0,0,0,91.768
692,commerce_orders,100,aggregation,Head-tail sampling,37761,80.11218201927635,0,0,0,0.581
692,commerce_orders,100,aggregation,Anomaly sampling,54722,71.17922789276874,0,0,0,92.599
692,commerce_orders,100,aggregation,Task-aware unverified,717,99.62237320271765,1,1,0,14.952
692,commerce_orders,100,aggregation,Pattern-retention guard,79354,58.206141043872115,1,1,1,109.865
692,commerce_orders,100,aggregation,Invariant-preserving gate,713,99.624479907305,1,1,1,123.786
693,commerce_orders,100,join,Raw,189870,0.0,1,1,0,0.0
693,commerce_orders,100,join,Fixed projection,19313,89.82830357613103,0,0,0,92.75
693,commerce_orders,100,join,Head-tail sampling,37761,80.11218201927635,0,0,0,0.481
693,commerce_orders,100,join,Anomaly sampling,54722,71.17922789276874,0,0,0,95.684
693,commerce_orders,100,join,Task-aware unverified,817,99.56970558803391,1,1,0,10.195
693,commerce_orders,100,join,Pattern-retention guard,66057,65.20935376836783,1,1,1,109.054
693,commerce_orders,100,join,Invariant-preserving gate,813,99.57181229262126,1,1,1,121.833
694,commerce_orders,100,negative_evidence,Raw,189870,0.0,1,1,0,0.0
694,commerce_orders,100,negative_evidence,Fixed projection,19313,89.82830357613103,1,1,0,93.13
694,commerce_orders,100,negative_evidence,Head-tail sampling,37761,80.11218201927635,0,0,0,0.501
694,commerce_orders,100,negative_evidence,Anomaly sampling,54722,71.17922789276874,0,0,0,95.193
694,commerce_orders,100,negative_evidence,Task-aware unverified,81,99.95733923210618,0,0,0,0.471
694,commerce_orders,100,negative_evidence,Pattern-retention guard,56623,70.17801653763101,1,1,1,107.642
694,commerce_orders,100,negative_evidence,Invariant-preserving gate,199,99.89519144677938,1,1,1,108.173
695,commerce_orders,100,threshold,Raw,189870,0.0,1,1,0,0.0
695,commerce_orders,100,threshold,Fixed projection,19313,89.82830357613103,0,0,0,93.731
695,commerce_orders,100,threshold,Head-tail sampling,37761,80.11218201927635,0,0,0,0.511
695,commerce_orders,100,threshold,Anomaly sampling,54722,71.17922789276874,1,1,0,96.204
695,commerce_orders,100,threshold,Task-aware unverified,184,99.90309158898194,1,1,0,4.727
695,commerce_orders,100,threshold,Pattern-retention guard,71718,62.22784010112182,1,1,1,105.539
695,commerce_orders,100,threshold,Invariant-preserving gate,54722,71.17922789276874,1,1,0,101.432
696,commerce_orders,100,provenance,Raw,189870,0.0,1,1,0,0.0
696,commerce_orders,100,provenance,Fixed projection,19313,89.82830357613103,0,0,0,95.163
696,commerce_orders,100,provenance,Head-tail sampling,37761,80.11218201927635,0,0,0,0.491
696,commerce_orders,100,provenance,Anomaly sampling,54722,71.17922789276874,1,1,0,94.041
696,commerce_orders,100,provenance,Task-aware unverified,1278,99.32690788434192,1,1,0,10.155
696,commerce_orders,100,provenance,Pattern-retention guard,54720,71.18028124506242,1,1,0,105.489
696,commerce_orders,100,provenance,Invariant-preserving gate,54722,71.17922789276874,1,1,0,107.241
697,commerce_orders,100,lookup,Raw,189607,0.0,1,1,0,0.0
697,commerce_orders,100,lookup,Fixed projection,19300,89.82105091056765,0,0,0,92.138
697,commerce_orders,100,lookup,Head-tail sampling,37660,80.13786410839262,0,0,0,0.511
697,commerce_orders,100,lookup,Anomaly sampling,50929,73.13970475773573,0,0,0,89.975
697,commerce_orders,100,lookup,Task-aware unverified,434,99.77110549715992,1,1,0,4.707
697,commerce_orders,100,lookup,Pattern-retention guard,52792,72.15714609692681,1,1,1,98.378
697,commerce_orders,100,lookup,Invariant-preserving gate,430,99.7732151239142,1,1,1,97.256
698,commerce_orders,100,rare_event,Raw,189607,0.0,1,1,0,0.0
698,commerce_orders,100,rare_event,Fixed projection,19300,89.82105091056765,1,1,0,91.949
698,commerce_orders,100,rare_event,Head-tail sampling,37660,80.13786410839262,0,0,0,0.471
698,commerce_orders,100,rare_event,Anomaly sampling,50929,73.13970475773573,1,1,0,93.871
698,commerce_orders,100,rare_event,Task-aware unverified,359,99.81066099880279,1,1,0,5.668
698,commerce_orders,100,rare_event,Pattern-retention guard,50927,73.14075957111288,1,1,0,95.864
698,commerce_orders,100,rare_event,Invariant-preserving gate,50929,73.13970475773573,1,1,0,92.278
699,commerce_orders,100,latest_state,Raw,189607,0.0,1,1,0,0.0
699,commerce_orders,100,latest_state,Fixed projection,19300,89.82105091056765,1,1,0,92.699
699,commerce_orders,100,latest_state,Head-tail sampling,37660,80.13786410839262,0,0,0,0.491
699,commerce_orders,100,latest_state,Anomaly sampling,50929,73.13970475773573,0,0,0,84.187
699,commerce_orders,100,latest_state,Task-aware unverified,173,99.9087586428771,0,0,0,4.607
699,commerce_orders,100,latest_state,Pattern-retention guard,67867,64.20649026670957,1,1,1,99.5
699,commerce_orders,100,latest_state,Invariant-preserving gate,912,99.51900510002268,1,1,1,103.416
700,commerce_orders,100,aggregation,Raw,189607,0.0,1,1,0,0.0
700,commerce_orders,100,aggregation,Fixed projection,19300,89.82105091056765,0,0,0,88.944
700,commerce_orders,100,aggregation,Head-tail sampling,37660,80.13786410839262,0,0,0,0.461
700,commerce_orders,100,aggregation,Anomaly sampling,50929,73.13970475773573,0,0,0,90.907
700,commerce_orders,100,aggregation,Task-aware unverified,846,99.5538139414684,1,1,0,16.515
700,commerce_orders,100,aggregation,Pattern-retention guard,81133,57.20991313611839,1,1,1,99.61
700,commerce_orders,100,aggregation,Invariant-preserving gate,842,99.5559235682227,1,1,1,114.542
701,commerce_orders,100,join,Raw,189607,0.0,1,1,0,0.0
701,commerce_orders,100,join,Fixed projection,19300,89.82105091056765,0,0,0,91.117
701,commerce_orders,100,join,Head-tail sampling,37660,80.13786410839262,0,0,0,0.471
701,commerce_orders,100,join,Anomaly sampling,50929,73.13970475773573,0,0,0,86.149
701,commerce_orders,100,join,Task-aware unverified,1465,99.22734920124256,1,1,0,15.393
701,commerce_orders,100,join,Pattern-retention guard,71679,62.19601596987453,1,1,1,97.497
701,commerce_orders,100,join,Invariant-preserving gate,1461,99.22945882799685,1,1,1,121.953
702,commerce_orders,100,negative_evidence,Raw,189607,0.0,1,1,0,0.0
702,commerce_orders,100,negative_evidence,Fixed projection,19300,89.82105091056765,1,1,0,90.165
702,commerce_orders,100,negative_evidence,Head-tail sampling,37660,80.13786410839262,0,0,0,0.471
702,commerce_orders,100,negative_evidence,Anomaly sampling,50929,73.13970475773573,0,0,0,84.076
702,commerce_orders,100,negative_evidence,Task-aware unverified,81,99.95728005822569,0,0,0,0.471
702,commerce_orders,100,negative_evidence,Pattern-retention guard,52794,72.15609128354966,1,1,1,97.697
702,commerce_orders,100,negative_evidence,Invariant-preserving gate,158,99.91666974320569,1,1,1,97.206
703,commerce_orders,100,threshold,Raw,189607,0.0,1,1,0,0.0
703,commerce_orders,100,threshold,Fixed projection,19300,89.82105091056765,0,0,0,92.689
703,commerce_orders,100,threshold,Head-tail sampling,37660,80.13786410839262,0,0,0,0.471
703,commerce_orders,100,threshold,Anomaly sampling,50929,73.13970475773573,1,1,0,84.047
703,commerce_orders,100,threshold,Task-aware unverified,184,99.90295716930282,1,1,0,4.837
703,commerce_orders,100,threshold,Pattern-retention guard,71804,62.13009013380309,1,1,1,97.937
703,commerce_orders,100,threshold,Invariant-preserving gate,50929,73.13970475773573,1,1,0,93.631
704,commerce_orders,100,provenance,Raw,189607,0.0,1,1,0,0.0
704,commerce_orders,100,provenance,Fixed projection,19300,89.82105091056765,0,0,0,89.254
704,commerce_orders,100,provenance,Head-tail sampling,37660,80.13786410839262,0,0,0,0.511
704,commerce_orders,100,provenance,Anomaly sampling,50929,73.13970475773573,1,1,0,83.175
704,commerce_orders,100,provenance,Task-aware unverified,1142,99.3977015616512,1,1,0,9.304
704,commerce_orders,100,provenance,Pattern-retention guard,50927,73.14075957111288,1,1,0,99.86
704,commerce_orders,100,provenance,Invariant-preserving gate,50929,73.13970475773573,1,1,0,98.628
705,commerce_orders,100,lookup,Raw,189943,0.0,1,1,0,0.0
705,commerce_orders,100,lookup,Fixed projection,19322,89.82747455815692,0,0,0,90.696
705,commerce_orders,100,lookup,Head-tail sampling,37709,80.14720205535345,0,0,0,0.481
705,commerce_orders,100,lookup,Anomaly sampling,39678,79.11057527784651,0,0,0,91.738
705,commerce_orders,100,lookup,Task-aware unverified,453,99.7615073995883,1,1,0,4.537
705,commerce_orders,100,lookup,Pattern-retention guard,41575,78.11185460901429,1,1,1,97.397
705,commerce_orders,100,lookup,Invariant-preserving gate,449,99.76361329451467,1,1,1,101.713
706,commerce_orders,100,rare_event,Raw,189943,0.0,1,1,0,0.0
706,commerce_orders,100,rare_event,Fixed projection,19322,89.82747455815692,1,1,0,91.537
706,commerce_orders,100,rare_event,Head-tail sampling,37709,80.14720205535345,0,0,0,0.451
706,commerce_orders,100,rare_event,Anomaly sampling,39678,79.11057527784651,1,1,0,84.918
706,commerce_orders,100,rare_event,Task-aware unverified,350,99.81573419394239,1,1,0,5.768
706,commerce_orders,100,rare_event,Pattern-retention guard,39676,79.1116282253097,1,1,0,99.179
706,commerce_orders,100,rare_event,Invariant-preserving gate,39678,79.11057527784651,1,1,0,92.98
707,commerce_orders,100,latest_state,Raw,189943,0.0,1,1,0,0.0
707,commerce_orders,100,latest_state,Fixed projection,19322,89.82747455815692,1,1,0,93.982
707,commerce_orders,100,latest_state,Head-tail sampling,37709,80.14720205535345,0,0,0,0.531
707,commerce_orders,100,latest_state,Anomaly sampling,39678,79.11057527784651,0,0,0,91.798
707,commerce_orders,100,latest_state,Task-aware unverified,172,99.90944651816598,0,0,0,4.567
707,commerce_orders,100,latest_state,Pattern-retention guard,49114,74.14276914653344,1,1,1,100.872
707,commerce_orders,100,latest_state,Invariant-preserving gate,725,99.61830654459496,1,1,1,104.497
708,commerce_orders,100,aggregation,Raw,189943,0.0,1,1,0,0.0
708,commerce_orders,100,aggregation,Fixed projection,19322,89.82747455815692,0,0,0,92.809
708,commerce_orders,100,aggregation,Head-tail sampling,37709,80.14720205535345,0,0,0,0.461
708,commerce_orders,100,aggregation,Anomaly sampling,39678,79.11057527784651,0,0,0,88.734
708,commerce_orders,100,aggregation,Task-aware unverified,980,99.4840557430387,1,1,0,19.37
708,commerce_orders,100,aggregation,Pattern-retention guard,79241,58.28169503482623,1,1,1,102.074
708,commerce_orders,100,aggregation,Invariant-preserving gate,976,99.48616163796508,1,1,1,118.919
709,commerce_orders,100,join,Raw,189943,0.0,1,1,0,0.0
709,commerce_orders,100,join,Fixed projection,19322,89.82747455815692,0,0,0,93.19
709,commerce_orders,100,join,Head-tail sampling,37709,80.14720205535345,0,0,0,0.541
709,commerce_orders,100,join,Anomaly sampling,39678,79.11057527784651,0,0,0,89.174
709,commerce_orders,100,join,Task-aware unverified,907,99.522488325445,1,1,0,11.046
709,commerce_orders,100,join,Pattern-retention guard,52873,72.16375438947473,1,1,1,98.027
709,commerce_orders,100,join,Invariant-preserving gate,903,99.52459422037137,1,1,1,112.529
710,commerce_orders,100,negative_evidence,Raw,189943,0.0,1,1,0,0.0
710,commerce_orders,100,negative_evidence,Fixed projection,19322,89.82747455815692,1,1,0,92.939
710,commerce_orders,100,negative_evidence,Head-tail sampling,37709,80.14720205535345,0,0,0,0.531
710,commerce_orders,100,negative_evidence,Anomaly sampling,39678,79.11057527784651,0,0,0,87.482
710,commerce_orders,100,negative_evidence,Task-aware unverified,81,99.95735562774095,0,0,0,0.481
710,commerce_orders,100,negative_evidence,Pattern-retention guard,49054,74.17435757042902,1,1,1,98.378
710,commerce_orders,100,negative_evidence,Invariant-preserving gate,316,99.83363430081657,1,1,1,106.49
711,commerce_orders,100,threshold,Raw,189943,0.0,1,1,0,0.0
711,commerce_orders,100,threshold,Fixed projection,19322,89.82747455815692,0,0,0,92.479
711,commerce_orders,100,threshold,Head-tail sampling,37709,80.14720205535345,0,0,0,0.481
711,commerce_orders,100,threshold,Anomaly sampling,39678,79.11057527784651,1,1,0,85.999
711,commerce_orders,100,threshold,Task-aware unverified,184,99.90312883338686,1,1,0,4.717
711,commerce_orders,100,threshold,Pattern-retention guard,68036,64.18083319732762,1,1,1,99.099
711,commerce_orders,100,threshold,Invariant-preserving gate,39678,79.11057527784651,1,1,0,97.667
712,commerce_orders,100,provenance,Raw,189943,0.0,1,1,0,0.0
712,commerce_orders,100,provenance,Fixed projection,19322,89.82747455815692,0,0,0,90.045
712,commerce_orders,100,provenance,Head-tail sampling,37709,80.14720205535345,0,0,0,0.461
712,commerce_orders,100,provenance,Anomaly sampling,39678,79.11057527784651,1,1,0,88.533
712,commerce_orders,100,provenance,Task-aware unverified,880,99.53670311619803,1,1,0,7.962
712,commerce_orders,100,provenance,Pattern-retention guard,39676,79.1116282253097,1,1,0,96.826
712,commerce_orders,100,provenance,Invariant-preserving gate,39678,79.11057527784651,1,1,0,96.756
713,commerce_orders,100,lookup,Raw,189630,0.0,1,1,0,0.0
713,commerce_orders,100,lookup,Fixed projection,19254,89.84654326847019,0,0,0,92.168
713,commerce_orders,100,lookup,Head-tail sampling,37660,80.14027316352897,0,0,0,0.591
713,commerce_orders,100,lookup,Anomaly sampling,43294,77.16922427885883,0,0,0,96.394
713,commerce_orders,100,lookup,Task-aware unverified,447,99.76427780414492,1,1,0,4.617
713,commerce_orders,100,lookup,Pattern-retention guard,45185,76.17201919527501,1,1,1,104.938
713,commerce_orders,100,lookup,Invariant-preserving gate,443,99.76638717502505,1,1,1,109.585
714,commerce_orders,100,rare_event,Raw,189630,0.0,1,1,0,0.0
714,commerce_orders,100,rare_event,Fixed projection,19254,89.84654326847019,1,1,0,90.416
714,commerce_orders,100,rare_event,Head-tail sampling,37660,80.14027316352897,0,0,0,0.491
714,commerce_orders,100,rare_event,Anomaly sampling,43294,77.16922427885883,1,1,0,93.851
714,commerce_orders,100,rare_event,Task-aware unverified,349,99.81595739070822,1,1,0,5.498
714,commerce_orders,100,rare_event,Pattern-retention guard,43292,77.1702789642989,1,1,0,103.576
714,commerce_orders,100,rare_event,Invariant-preserving gate,43294,77.16922427885883,1,1,0,99.78
715,commerce_orders,100,latest_state,Raw,189630,0.0,1,1,0,0.0
715,commerce_orders,100,latest_state,Fixed projection,19254,89.84654326847019,1,1,0,90.897
715,commerce_orders,100,latest_state,Head-tail sampling,37660,80.14027316352897,0,0,0,0.48
715,commerce_orders,100,latest_state,Anomaly sampling,43294,77.16922427885883,0,0,0,90.005
715,commerce_orders,100,latest_state,Task-aware unverified,174,99.90824236671413,0,0,0,4.597
715,commerce_orders,100,latest_state,Pattern-retention guard,58405,69.20054843642883,1,1,1,101.623
715,commerce_orders,100,latest_state,Invariant-preserving gate,1103,99.41834097980278,1,1,1,112.659
716,commerce_orders,100,aggregation,Raw,189630,0.0,1,1,0,0.0
716,commerce_orders,100,aggregation,Fixed projection,19254,89.84654326847019,0,0,0,92.208
716,commerce_orders,100,aggregation,Head-tail sampling,37660,80.14027316352897,0,0,0,0.471
716,commerce_orders,100,aggregation,Anomaly sampling,43294,77.16922427885883,0,0,0,90.927
716,commerce_orders,100,aggregation,Task-aware unverified,681,99.64087960765701,1,1,0,13.62
716,commerce_orders,100,aggregation,Pattern-retention guard,62192,67.20350155566102,1,1,1,106.33
716,commerce_orders,100,aggregation,Invariant-preserving gate,677,99.64298897853715,1,1,1,117.407
717,commerce_orders,100,join,Raw,189630,0.0,1,1,0,0.0
717,commerce_orders,100,join,Fixed projection,19254,89.84654326847019,0,0,0,93.921
717,commerce_orders,100,join,Head-tail sampling,37660,80.14027316352897,0,0,0,0.491
717,commerce_orders,100,join,Anomaly sampling,43294,77.16922427885883,0,0,0,93.881
717,commerce_orders,100,join,Task-aware unverified,1180,99.37773559036017,1,1,0,13.12
717,commerce_orders,100,join,Pattern-retention guard,60326,68.187523071244,1,1,1,104.277
717,commerce_orders,100,join,Invariant-preserving gate,1176,99.37984496124031,1,1,1,122.464
718,commerce_orders,100,negative_evidence,Raw,189630,0.0,1,1,0,0.0
718,commerce_orders,100,negative_evidence,Fixed projection,19254,89.84654326847019,1,1,0,89.545
718,commerce_orders,100,negative_evidence,Head-tail sampling,37660,80.14027316352897,0,0,0,0.471
718,commerce_orders,100,negative_evidence,Anomaly sampling,43294,77.16922427885883,0,0,0,91.498
718,commerce_orders,100,negative_evidence,Task-aware unverified,81,99.95728523967726,0,0,0,0.451
718,commerce_orders,100,negative_evidence,Pattern-retention guard,50871,73.17354848916311,1,1,1,102.354
718,commerce_orders,100,negative_evidence,Invariant-preserving gate,359,99.81068396350788,1,1,1,116.746
719,commerce_orders,100,threshold,Raw,189630,0.0,1,1,0,0.0
719,commerce_orders,100,threshold,Fixed projection,19254,89.84654326847019,0,0,0,89.344
719,commerce_orders,100,threshold,Head-tail sampling,37660,80.14027316352897,0,0,0,0.461
719,commerce_orders,100,threshold,Anomaly sampling,43294,77.16922427885883,1,1,0,90.977
719,commerce_orders,100,threshold,Task-aware unverified,184,99.9029689395138,1,1,0,4.757
719,commerce_orders,100,threshold,Pattern-retention guard,75288,60.29742129409903,1,1,1,104.617
719,commerce_orders,100,threshold,Invariant-preserving gate,43294,77.16922427885883,1,1,0,99.4
720,commerce_orders,100,provenance,Raw,189630,0.0,1,1,0,0.0
720,commerce_orders,100,provenance,Fixed projection,19254,89.84654326847019,0,0,0,91.858
720,commerce_orders,100,provenance,Head-tail sampling,37660,80.14027316352897,0,0,0,0.531
720,commerce_orders,100,provenance,Anomaly sampling,43294,77.16922427885883,1,1,0,93.561
720,commerce_orders,100,provenance,Task-aware unverified,877,99.5375204345304,1,1,0,7.752
720,commerce_orders,100,provenance,Pattern-retention guard,43292,77.1702789642989,1,1,0,101.052
720,commerce_orders,100,provenance,Invariant-preserving gate,43294,77.16922427885883,1,1,0,101.463
721,commerce_orders,250,lookup,Raw,473029,0.0,1,1,0,0.0
721,commerce_orders,250,lookup,Fixed projection,48067,89.83846656336081,0,0,0,225.719
721,commerce_orders,250,lookup,Head-tail sampling,37665,92.03748607379252,0,0,0,0.5
721,commerce_orders,250,lookup,Anomaly sampling,83024,82.44843339414707,1,1,0,181.753
721,commerce_orders,250,lookup,Task-aware unverified,432,99.90867367539835,1,1,0,9.374
721,commerce_orders,250,lookup,Pattern-retention guard,83022,82.44885620120542,1,1,0,194.683
721,commerce_orders,250,lookup,Invariant-preserving gate,83024,82.44843339414707,1,1,0,195.464
722,commerce_orders,250,rare_event,Raw,473029,0.0,1,1,0,0.0
722,commerce_orders,250,rare_event,Fixed projection,48067,89.83846656336081,1,1,0,232.539
722,commerce_orders,250,rare_event,Head-tail sampling,37665,92.03748607379252,0,0,0,0.491
722,commerce_orders,250,rare_event,Anomaly sampling,83024,82.44843339414707,1,1,0,176.155
722,commerce_orders,250,rare_event,Task-aware unverified,611,99.87083244367682,1,1,0,11.827
722,commerce_orders,250,rare_event,Pattern-retention guard,83022,82.44885620120542,1,1,0,203.115
722,commerce_orders,250,rare_event,Invariant-preserving gate,83024,82.44843339414707,1,1,0,189.564
723,commerce_orders,250,latest_state,Raw,473029,0.0,1,1,0,0.0
723,commerce_orders,250,latest_state,Fixed projection,48067,89.83846656336081,1,1,0,224.758
723,commerce_orders,250,latest_state,Head-tail sampling,37665,92.03748607379252,0,0,0,0.481
723,commerce_orders,250,latest_state,Anomaly sampling,83024,82.44843339414707,0,0,0,169.995
723,commerce_orders,250,latest_state,Task-aware unverified,172,99.96363859298268,0,0,0,9.124
723,commerce_orders,250,latest_state,Pattern-retention guard,96179,79.66741996790894,1,1,1,194.803
723,commerce_orders,250,latest_state,Invariant-preserving gate,725,99.84673244135138,1,1,1,205.188
724,commerce_orders,250,aggregation,Raw,473029,0.0,1,1,0,0.0
724,commerce_orders,250,aggregation,Fixed projection,48067,89.83846656336081,0,0,0,231.017
724,commerce_orders,250,aggregation,Head-tail sampling,37665,92.03748607379252,0,0,0,0.511
724,commerce_orders,250,aggregation,Anomaly sampling,83024,82.44843339414707,0,0,0,173.541
724,commerce_orders,250,aggregation,Task-aware unverified,1686,99.6435736498185,1,1,0,34.933
724,commerce_orders,250,aggregation,Pattern-retention guard,149149,68.46937502774672,1,1,1,205.108
724,commerce_orders,250,aggregation,Invariant-preserving gate,1682,99.64441926393519,1,1,1,251.899
725,commerce_orders,250,join,Raw,473029,0.0,1,1,0,0.0
725,commerce_orders,250,join,Fixed projection,48067,89.83846656336081,0,0,0,230.697
725,commerce_orders,250,join,Head-tail sampling,37665,92.03748607379252,0,0,0,0.561
725,commerce_orders,250,join,Anomaly sampling,83024,82.44843339414707,0,0,0,175.053
725,commerce_orders,250,join,Task-aware unverified,908,99.80804559551318,1,1,0,16.164
725,commerce_orders,250,join,Pattern-retention guard,100048,78.84949971354823,1,1,1,221.123
725,commerce_orders,250,join,Invariant-preserving gate,904,99.80889120962986,1,1,1,213.621
726,commerce_orders,250,negative_evidence,Raw,473029,0.0,1,1,0,0.0
726,commerce_orders,250,negative_evidence,Fixed projection,48067,89.83846656336081,1,1,0,233.771
726,commerce_orders,250,negative_evidence,Head-tail sampling,37665,92.03748607379252,0,0,0,0.511
726,commerce_orders,250,negative_evidence,Anomaly sampling,83024,82.44843339414707,0,0,0,172.259
726,commerce_orders,250,negative_evidence,Task-aware unverified,81,99.98287631413719,0,0,0,0.451
726,commerce_orders,250,negative_evidence,Pattern-retention guard,90630,80.84049815127614,1,1,1,203.345
726,commerce_orders,250,negative_evidence,Invariant-preserving gate,276,99.94165262594893,1,1,1,197.757
727,commerce_orders,250,threshold,Raw,473029,0.0,1,1,0,0.0
727,commerce_orders,250,threshold,Fixed projection,48067,89.83846656336081,0,0,0,230.646
727,commerce_orders,250,threshold,Head-tail sampling,37665,92.03748607379252,0,0,0,0.471
727,commerce_orders,250,threshold,Anomaly sampling,83024,82.44843339414707,1,1,0,176.715
727,commerce_orders,250,threshold,Task-aware unverified,184,99.96110175063264,1,1,0,9.725
727,commerce_orders,250,threshold,Pattern-retention guard,152754,67.707265305087,1,1,1,212.649
727,commerce_orders,250,threshold,Invariant-preserving gate,83024,82.44843339414707,1,1,0,189.284
728,commerce_orders,250,provenance,Raw,473029,0.0,1,1,0,0.0
728,commerce_orders,250,provenance,Fixed projection,48067,89.83846656336081,0,0,0,234.692
728,commerce_orders,250,provenance,Head-tail sampling,37665,92.03748607379252,0,0,0,0.471
728,commerce_orders,250,provenance,Anomaly sampling,83024,82.44843339414707,1,1,0,170.867
728,commerce_orders,250,provenance,Task-aware unverified,1700,99.64061400041012,1,1,0,15.753
728,commerce_orders,250,provenance,Pattern-retention guard,83022,82.44885620120542,1,1,0,201.213
728,commerce_orders,250,provenance,Invariant-preserving gate,83024,82.44843339414707,1,1,0,192.088
729,commerce_orders,250,lookup,Raw,472759,0.0,1,1,0,0.0
729,commerce_orders,250,lookup,Fixed projection,48017,89.843239367204,0,0,0,234.632
729,commerce_orders,250,lookup,Head-tail sampling,37825,91.99909467614577,0,0,0,0.511
729,commerce_orders,250,lookup,Anomaly sampling,88919,81.19147387992614,0,0,0,171.889
729,commerce_orders,250,lookup,Task-aware unverified,452,99.90439103221726,1,1,0,8.883
729,commerce_orders,250,lookup,Pattern-retention guard,90803,80.79296216465472,1,1,1,211.397
729,commerce_orders,250,lookup,Invariant-preserving gate,448,99.90523712927728,1,1,1,195.404
730,commerce_orders,250,rare_event,Raw,472759,0.0,1,1,0,0.0
730,commerce_orders,250,rare_event,Fixed projection,48017,89.843239367204,1,1,0,237.117
730,commerce_orders,250,rare_event,Head-tail sampling,37825,91.99909467614577,0,0,0,0.531
730,commerce_orders,250,rare_event,Anomaly sampling,88919,81.19147387992614,1,1,0,172.579
730,commerce_orders,250,rare_event,Task-aware unverified,1036,99.78086086145372,1,1,0,15.644
730,commerce_orders,250,rare_event,Pattern-retention guard,88917,81.19189692845615,1,1,0,200.841
730,commerce_orders,250,rare_event,Invariant-preserving gate,88919,81.19147387992614,1,1,0,190.877
731,commerce_orders,250,latest_state,Raw,472759,0.0,1,1,0,0.0
731,commerce_orders,250,latest_state,Fixed projection,48017,89.843239367204,1,1,0,232.319
731,commerce_orders,250,latest_state,Head-tail sampling,37825,91.99909467614577,0,0,0,0.501
731,commerce_orders,250,latest_state,Anomaly sampling,88919,81.19147387992614,0,0,0,168.664
731,commerce_orders,250,latest_state,Task-aware unverified,172,99.96361782641895,0,0,0,9.024
731,commerce_orders,250,latest_state,Pattern-retention guard,100231,78.79871139417757,1,1,1,204.397
731,commerce_orders,250,latest_state,Invariant-preserving gate,636,99.86547056745614,1,1,1,203.166
732,commerce_orders,250,aggregation,Raw,472759,0.0,1,1,0,0.0
732,commerce_orders,250,aggregation,Fixed projection,48017,89.843239367204,0,0,0,226.871
732,commerce_orders,250,aggregation,Head-tail sampling,37825,91.99909467614577,0,0,0,0.53
732,commerce_orders,250,aggregation,Anomaly sampling,88919,81.19147387992614,0,0,0,173.09
732,commerce_orders,250,aggregation,Task-aware unverified,1762,99.62729424505932,1,1,0,36.145
732,commerce_orders,250,aggregation,Pattern-retention guard,153039,67.62853800773756,1,1,1,204.428
732,commerce_orders,250,aggregation,Invariant-preserving gate,1758,99.62814034211934,1,1,1,244.457
733,commerce_orders,250,join,Raw,472759,0.0,1,1,0,0.0
733,commerce_orders,250,join,Fixed projection,48017,89.843239367204,0,0,0,226.47
733,commerce_orders,250,join,Head-tail sampling,37825,91.99909467614577,0,0,0,0.521
733,commerce_orders,250,join,Anomaly sampling,88919,81.19147387992614,0,0,0,176.946
733,commerce_orders,250,join,Task-aware unverified,904,99.80878206443452,1,1,0,15.623
733,commerce_orders,250,join,Pattern-retention guard,104031,77.99491918715455,1,1,1,203.025
733,commerce_orders,250,join,Invariant-preserving gate,900,99.80962816149454,1,1,1,215.274
734,commerce_orders,250,negative_evidence,Raw,472759,0.0,1,1,0,0.0
734,commerce_orders,250,negative_evidence,Fixed projection,48017,89.843239367204,1,1,0,225.008
734,commerce_orders,250,negative_evidence,Head-tail sampling,37825,91.99909467614577,0,0,0,0.531
734,commerce_orders,250,negative_evidence,Anomaly sampling,88919,81.19147387992614,0,0,0,171.527
734,commerce_orders,250,negative_evidence,Task-aware unverified,81,99.98286653453451,0,0,0,0.47
734,commerce_orders,250,negative_evidence,Pattern-retention guard,98305,79.20610712857925,1,1,1,195.394
734,commerce_orders,250,negative_evidence,Invariant-preserving gate,318,99.93273528372806,1,1,1,196.215
735,commerce_orders,250,threshold,Raw,472759,0.0,1,1,0,0.0
735,commerce_orders,250,threshold,Fixed projection,48017,89.843239367204,0,0,0,228.534
735,commerce_orders,250,threshold,Head-tail sampling,37825,91.99909467614577,0,0,0,0.491
735,commerce_orders,250,threshold,Anomaly sampling,88919,81.19147387992614,1,1,0,171.868
735,commerce_orders,250,threshold,Task-aware unverified,184,99.96107953523888,1,1,0,10.135
735,commerce_orders,250,threshold,Pattern-retention guard,162511,65.62498016960015,1,1,1,201.272
735,commerce_orders,250,threshold,Invariant-preserving gate,88919,81.19147387992614,1,1,0,195.524
736,commerce_orders,250,provenance,Raw,472759,0.0,1,1,0,0.0
736,commerce_orders,250,provenance,Fixed projection,48017,89.843239367204,0,0,0,238.358
736,commerce_orders,250,provenance,Head-tail sampling,37825,91.99909467614577,0,0,0,0.481
736,commerce_orders,250,provenance,Anomaly sampling,88919,81.19147387992614,1,1,0,172.189
736,commerce_orders,250,provenance,Task-aware unverified,1285,99.72819131946721,1,1,0,18.237
736,commerce_orders,250,provenance,Pattern-retention guard,88917,81.19189692845615,1,1,0,221.312
736,commerce_orders,250,provenance,Invariant-preserving gate,88919,81.19147387992614,1,1,0,192.188
737,commerce_orders,250,lookup,Raw,472597,0.0,1,1,0,0.0
737,commerce_orders,250,lookup,Fixed projection,47934,89.85732029615085,0,0,0,240.552
737,commerce_orders,250,lookup,Head-tail sampling,37852,91.9906389587746,0,0,0,0.581
737,commerce_orders,250,lookup,Anomaly sampling,113475,75.98905621491461,0,0,0,179.89
737,commerce_orders,250,lookup,Task-aware unverified,429,99.90922498450054,1,1,0,9.144
737,commerce_orders,250,lookup,Pattern-retention guard,115325,75.59760218537147,1,1,1,198.328
737,commerce_orders,250,lookup,Invariant-preserving gate,425,99.91007137159144,1,1,1,204.988
738,commerce_orders,250,rare_event,Raw,472597,0.0,1,1,0,0.0
738,commerce_orders,250,rare_event,Fixed projection,47934,89.85732029615085,1,1,0,227.261
738,commerce_orders,250,rare_event,Head-tail sampling,37852,91.9906389587746,0,0,0,0.511
738,commerce_orders,250,rare_event,Anomaly sampling,113475,75.98905621491461,1,1,0,176.785
738,commerce_orders,250,rare_event,Task-aware unverified,1597,99.66207995395654,1,1,0,20.15
738,commerce_orders,250,rare_event,Pattern-retention guard,113473,75.98947940846006,1,1,0,203.235
738,commerce_orders,250,rare_event,Invariant-preserving gate,113475,75.98905621491461,1,1,0,218.648
739,commerce_orders,250,latest_state,Raw,472597,0.0,1,1,0,0.0
739,commerce_orders,250,latest_state,Fixed projection,47934,89.85732029615085,1,1,0,231.248
739,commerce_orders,250,latest_state,Head-tail sampling,37852,91.9906389587746,0,0,0,0.491
739,commerce_orders,250,latest_state,Anomaly sampling,113475,75.98905621491461,0,0,0,178.879
739,commerce_orders,250,latest_state,Task-aware unverified,174,99.96318216154567,1,0,0,9.274
739,commerce_orders,250,latest_state,Pattern-retention guard,119160,74.78612856196717,1,1,1,202.404
739,commerce_orders,250,latest_state,Invariant-preserving gate,447,99.90541624259147,1,1,1,204.056
740,commerce_orders,250,aggregation,Raw,472597,0.0,1,1,0,0.0
740,commerce_orders,250,aggregation,Fixed projection,47934,89.85732029615085,0,0,0,229.675
740,commerce_orders,250,aggregation,Head-tail sampling,37852,91.9906389587746,0,0,0,0.52
740,commerce_orders,250,aggregation,Anomaly sampling,113475,75.98905621491461,0,0,0,180.641
740,commerce_orders,250,aggregation,Task-aware unverified,1726,99.63478397027488,1,1,0,34.642
740,commerce_orders,250,aggregation,Pattern-retention guard,181239,61.650412507908435,1,1,1,239.5
740,commerce_orders,250,aggregation,Invariant-preserving gate,1722,99.63563035736578,1,1,1,248.253
741,commerce_orders,250,join,Raw,472597,0.0,1,1,0,0.0
741,commerce_orders,250,join,Fixed projection,47934,89.85732029615085,0,0,0,232.289
741,commerce_orders,250,join,Head-tail sampling,37852,91.9906389587746,0,0,0,0.521
741,commerce_orders,250,join,Anomaly sampling,113475,75.98905621491461,0,0,0,180.982
741,commerce_orders,250,join,Task-aware unverified,1368,99.7105356149108,1,1,0,19.619
741,commerce_orders,250,join,Pattern-retention guard,134205,71.60265511630416,1,1,1,215.855
741,commerce_orders,250,join,Invariant-preserving gate,1364,99.7113820020017,1,1,1,237.987
742,commerce_orders,250,negative_evidence,Raw,472597,0.0,1,1,0,0.0
742,commerce_orders,250,negative_evidence,Fixed projection,47934,89.85732029615085,1,1,0,226.651
742,commerce_orders,250,negative_evidence,Head-tail sampling,37852,91.9906389587746,0,0,0,0.481
742,commerce_orders,250,negative_evidence,Anomaly sampling,113475,75.98905621491461,0,0,0,186.37
742,commerce_orders,250,negative_evidence,Task-aware unverified,81,99.98286066140919,0,0,0,0.471
742,commerce_orders,250,negative_evidence,Pattern-retention guard,126612,73.20930941161285,1,1,1,201.663
742,commerce_orders,250,negative_evidence,Invariant-preserving gate,397,99.91599608122776,1,1,1,215.794
743,commerce_orders,250,threshold,Raw,472597,0.0,1,1,0,0.0
743,commerce_orders,250,threshold,Fixed projection,47934,89.85732029615085,0,0,0,225.389
743,commerce_orders,250,threshold,Head-tail sampling,37852,91.9906389587746,0,0,0,0.491
743,commerce_orders,250,threshold,Anomaly sampling,113475,75.98905621491461,1,1,0,176.185
743,commerce_orders,250,threshold,Task-aware unverified,184,99.96106619381841,1,1,0,10.536
743,commerce_orders,250,threshold,Pattern-retention guard,200207,57.636844922841235,1,1,1,233.4
743,commerce_orders,250,threshold,Invariant-preserving gate,113475,75.98905621491461,1,1,0,196.445
744,commerce_orders,250,provenance,Raw,472597,0.0,1,1,0,0.0
744,commerce_orders,250,provenance,Fixed projection,47934,89.85732029615085,0,0,0,239.78
744,commerce_orders,250,provenance,Head-tail sampling,37852,91.9906389587746,0,0,0,0.511
744,commerce_orders,250,provenance,Anomaly sampling,113475,75.98905621491461,1,1,0,180.481
744,commerce_orders,250,provenance,Task-aware unverified,1935,99.59056024477515,1,1,0,17.676
744,commerce_orders,250,provenance,Pattern-retention guard,113473,75.98947940846006,1,1,0,202.064
744,commerce_orders,250,provenance,Invariant-preserving gate,113475,75.98905621491461,1,1,0,214.532
745,commerce_orders,250,lookup,Raw,473163,0.0,1,1,0,0.0
745,commerce_orders,250,lookup,Fixed projection,48188,89.81577173194015,0,0,0,227.362
745,commerce_orders,250,lookup,Head-tail sampling,37809,92.0093075747681,0,0,0,0.551
745,commerce_orders,250,lookup,Anomaly sampling,90652,80.84127457134223,0,0,0,190.216
745,commerce_orders,250,lookup,Task-aware unverified,452,99.90447266586779,1,1,0,8.963
745,commerce_orders,250,lookup,Pattern-retention guard,92560,80.43803086885491,1,1,1,201.373
745,commerce_orders,250,lookup,Invariant-preserving gate,448,99.90531804050613,1,1,1,196.716
746,commerce_orders,250,rare_event,Raw,473163,0.0,1,1,0,0.0
746,commerce_orders,250,rare_event,Fixed projection,48188,89.81577173194015,1,1,0,235.133
746,commerce_orders,250,rare_event,Head-tail sampling,37809,92.0093075747681,0,0,0,0.451
746,commerce_orders,250,rare_event,Anomaly sampling,90652,80.84127457134223,1,1,0,183.095
746,commerce_orders,250,rare_event,Task-aware unverified,603,99.87255977327052,1,1,0,11.908
746,commerce_orders,250,rare_event,Pattern-retention guard,90650,80.8416972586614,1,1,0,197.647
746,commerce_orders,250,rare_event,Invariant-preserving gate,90652,80.84127457134223,1,1,0,201.803
747,commerce_orders,250,latest_state,Raw,473163,0.0,1,1,0,0.0
747,commerce_orders,250,latest_state,Fixed projection,48188,89.81577173194015,1,1,0,233.401
747,commerce_orders,250,latest_state,Head-tail sampling,37809,92.0093075747681,0,0,0,0.52
747,commerce_orders,250,latest_state,Anomaly sampling,90652,80.84127457134223,0,0,0,176.896
747,commerce_orders,250,latest_state,Task-aware unverified,172,99.96364889055145,0,0,0,9.304
747,commerce_orders,250,latest_state,Pattern-retention guard,111529,76.42905299019577,1,1,1,199.359
747,commerce_orders,250,latest_state,Invariant-preserving gate,1195,99.74744432679647,1,1,1,208.834
748,commerce_orders,250,aggregation,Raw,473163,0.0,1,1,0,0.0
748,commerce_orders,250,aggregation,Fixed projection,48188,89.81577173194015,0,0,0,233.841
748,commerce_orders,250,aggregation,Head-tail sampling,37809,92.0093075747681,0,0,0,0.51
748,commerce_orders,250,aggregation,Anomaly sampling,90652,80.84127457134223,0,0,0,175.293
748,commerce_orders,250,aggregation,Task-aware unverified,1963,99.58513239623554,1,1,0,40.18
748,commerce_orders,250,aggregation,Pattern-retention guard,166248,64.86453928138928,1,1,1,211.077
748,commerce_orders,250,aggregation,Invariant-preserving gate,1959,99.5859777708739,1,1,1,243.595
749,commerce_orders,250,join,Raw,473163,0.0,1,1,0,0.0
749,commerce_orders,250,join,Fixed projection,48188,89.81577173194015,0,0,0,233.941
749,commerce_orders,250,join,Head-tail sampling,37809,92.0093075747681,0,0,0,0.47
749,commerce_orders,250,join,Anomaly sampling,90652,80.84127457134223,0,0,0,170.927
749,commerce_orders,250,join,Task-aware unverified,1096,99.76836734909534,1,1,0,17.426
749,commerce_orders,250,join,Pattern-retention guard,105779,77.64427903280688,1,1,1,218.278
749,commerce_orders,250,join,Invariant-preserving gate,1092,99.76921272373367,1,1,1,219.94
750,commerce_orders,250,negative_evidence,Raw,473163,0.0,1,1,0,0.0
750,commerce_orders,250,negative_evidence,Fixed projection,48188,89.81577173194015,1,1,0,235.093
750,commerce_orders,250,negative_evidence,Head-tail sampling,37809,92.0093075747681,0,0,0,0.511
750,commerce_orders,250,negative_evidence,Anomaly sampling,90652,80.84127457134223,0,0,0,172.789
750,commerce_orders,250,negative_evidence,Task-aware unverified,81,99.98288116357365,0,0,0,0.441
750,commerce_orders,250,negative_evidence,Pattern-retention guard,103923,78.03653286499579,1,1,1,205.669
750,commerce_orders,250,negative_evidence,Invariant-preserving gate,396,99.91630791080452,1,1,1,202.655
751,commerce_orders,250,threshold,Raw,473163,0.0,1,1,0,0.0
751,commerce_orders,250,threshold,Fixed projection,48188,89.81577173194015,0,0,0,240.011
751,commerce_orders,250,threshold,Head-tail sampling,37809,92.0093075747681,0,0,0,0.491
751,commerce_orders,250,threshold,Anomaly sampling,90652,80.84127457134223,1,1,0,173.731
751,commerce_orders,250,threshold,Task-aware unverified,184,99.96111276663643,1,1,0,9.925
751,commerce_orders,250,threshold,Pattern-retention guard,166246,64.86496196870846,1,1,1,201.883
751,commerce_orders,250,threshold,Invariant-preserving gate,90652,80.84127457134223,1,1,0,190.105
752,commerce_orders,250,provenance,Raw,473163,0.0,1,1,0,0.0
752,commerce_orders,250,provenance,Fixed projection,48188,89.81577173194015,0,0,0,232.809
752,commerce_orders,250,provenance,Head-tail sampling,37809,92.0093075747681,0,0,0,0.541
752,commerce_orders,250,provenance,Anomaly sampling,90652,80.84127457134223,1,1,0,177.566
752,commerce_orders,250,provenance,Task-aware unverified,2087,99.55892578244706,1,1,0,18.348
752,commerce_orders,250,provenance,Pattern-retention guard,90650,80.8416972586614,1,1,0,198.849
752,commerce_orders,250,provenance,Invariant-preserving gate,90652,80.84127457134223,1,1,0,217.186
753,commerce_orders,250,lookup,Raw,472670,0.0,1,1,0,0.0
753,commerce_orders,250,lookup,Fixed projection,48027,89.83921128906002,0,0,0,248.704
753,commerce_orders,250,lookup,Head-tail sampling,37773,92.0085895021897,0,0,0,0.521
753,commerce_orders,250,lookup,Anomaly sampling,86922,81.6104258785199,0,0,0,179.3
753,commerce_orders,250,lookup,Task-aware unverified,443,99.90627710664945,1,1,0,9.014
753,commerce_orders,250,lookup,Pattern-retention guard,88807,81.21162756257007,1,1,1,218.719
753,commerce_orders,250,lookup,Invariant-preserving gate,439,99.90712336302283,1,1,1,232.649
754,commerce_orders,250,rare_event,Raw,472670,0.0,1,1,0,0.0
754,commerce_orders,250,rare_event,Fixed projection,48027,89.83921128906002,1,1,0,235.173
754,commerce_orders,250,rare_event,Head-tail sampling,37773,92.0085895021897,0,0,0,0.49
754,commerce_orders,250,rare_event,Anomaly sampling,86922,81.6104258785199,1,1,0,191.267
754,commerce_orders,250,rare_event,Task-aware unverified,884,99.81297734148559,1,1,0,14.182
754,commerce_orders,250,rare_event,Pattern-retention guard,86920,81.61084900670659,1,1,0,201.643
754,commerce_orders,250,rare_event,Invariant-preserving gate,86922,81.6104258785199,1,1,0,212.069
755,commerce_orders,250,latest_state,Raw,472670,0.0,1,1,0,0.0
755,commerce_orders,250,latest_state,Fixed projection,48027,89.83921128906002,1,1,0,227.011
755,commerce_orders,250,latest_state,Head-tail sampling,37773,92.0085895021897,0,0,0,0.5
755,commerce_orders,250,latest_state,Anomaly sampling,86922,81.6104258785199,0,0,0,188.313
755,commerce_orders,250,latest_state,Task-aware unverified,172,99.96361097594516,0,0,0,9.264
755,commerce_orders,250,latest_state,Pattern-retention guard,105786,77.61948082171493,1,1,1,204.597
755,commerce_orders,250,latest_state,Invariant-preserving gate,1192,99.74781560073625,1,1,1,228.724
756,commerce_orders,250,aggregation,Raw,472670,0.0,1,1,0,0.0
756,commerce_orders,250,aggregation,Fixed projection,48027,89.83921128906002,0,0,0,226.48
756,commerce_orders,250,aggregation,Head-tail sampling,37773,92.0085895021897,0,0,0,0.581
756,commerce_orders,250,aggregation,Anomaly sampling,86922,81.6104258785199,0,0,0,195.734
756,commerce_orders,250,aggregation,Task-aware unverified,1967,99.58385342839613,1,1,0,40.671
756,commerce_orders,250,aggregation,Pattern-retention guard,160442,66.05623373601033,1,1,1,223.055
756,commerce_orders,250,aggregation,Invariant-preserving gate,1963,99.5846996847695,1,1,1,247.902
757,commerce_orders,250,join,Raw,472670,0.0,1,1,0,0.0
757,commerce_orders,250,join,Fixed projection,48027,89.83921128906002,0,0,0,245.7
757,commerce_orders,250,join,Head-tail sampling,37773,92.0085895021897,0,0,0,0.481
757,commerce_orders,250,join,Anomaly sampling,86922,81.6104258785199,0,0,0,177.507
757,commerce_orders,250,join,Task-aware unverified,1004,99.78758965028456,1,1,0,16.605
757,commerce_orders,250,join,Pattern-retention guard,103936,78.01087439439777,1,1,1,217.647
757,commerce_orders,250,join,Invariant-preserving gate,1000,99.78843590665792,1,1,1,223.526
758,commerce_orders,250,negative_evidence,Raw,472670,0.0,1,1,0,0.0
758,commerce_orders,250,negative_evidence,Fixed projection,48027,89.83921128906002,1,1,0,239.55
758,commerce_orders,250,negative_evidence,Head-tail sampling,37773,92.0085895021897,0,0,0,0.521
758,commerce_orders,250,negative_evidence,Anomaly sampling,86922,81.6104258785199,0,0,0,178.458
758,commerce_orders,250,negative_evidence,Task-aware unverified,81,99.98286330843929,0,0,0,0.461
758,commerce_orders,250,negative_evidence,Pattern-retention guard,94472,80.01311697378722,1,1,1,202.765
758,commerce_orders,250,negative_evidence,Invariant-preserving gate,320,99.93229949013053,1,1,1,201.563
759,commerce_orders,250,threshold,Raw,472670,0.0,1,1,0,0.0
759,commerce_orders,250,threshold,Fixed projection,48027,89.83921128906002,0,0,0,229.275
759,commerce_orders,250,threshold,Head-tail sampling,37773,92.0085895021897,0,0,0,0.531
759,commerce_orders,250,threshold,Anomaly sampling,86922,81.6104258785199,1,1,0,176.344
759,commerce_orders,250,threshold,Task-aware unverified,184,99.96107220682505,1,1,0,9.885
759,commerce_orders,250,threshold,Pattern-retention guard,162208,65.68261154716821,1,1,1,213.27
759,commerce_orders,250,threshold,Invariant-preserving gate,86922,81.6104258785199,1,1,0,197.187
760,commerce_orders,250,provenance,Raw,472670,0.0,1,1,0,0.0
760,commerce_orders,250,provenance,Fixed projection,48027,89.83921128906002,0,0,0,233.771
760,commerce_orders,250,provenance,Head-tail sampling,37773,92.0085895021897,0,0,0,0.521
760,commerce_orders,250,provenance,Anomaly sampling,86922,81.6104258785199,1,1,0,178.468
760,commerce_orders,250,provenance,Task-aware unverified,1786,99.62214652929104,1,1,0,16.645
760,commerce_orders,250,provenance,Pattern-retention guard,86920,81.61084900670659,1,1,0,204.988
760,commerce_orders,250,provenance,Invariant-preserving gate,86922,81.6104258785199,1,1,0,196.425
761,commerce_orders,500,lookup,Raw,944378,0.0,1,1,0,0.0
761,commerce_orders,500,lookup,Fixed projection,96071,89.8270607743933,0,0,0,467.883
761,commerce_orders,500,lookup,Head-tail sampling,37927,95.98391745678107,0,0,0,0.511
761,commerce_orders,500,lookup,Anomaly sampling,175402,81.42671684431446,0,0,0,329.224
761,commerce_orders,500,lookup,Task-aware unverified,441,99.9533025970533,1,1,0,17.417
761,commerce_orders,500,lookup,Pattern-retention guard,177239,81.23219727693784,1,1,1,410.987
761,commerce_orders,500,lookup,Invariant-preserving gate,437,99.9537261562637,1,1,1,369.545
762,commerce_orders,500,rare_event,Raw,944378,0.0,1,1,0,0.0
762,commerce_orders,500,rare_event,Fixed projection,96071,89.8270607743933,1,1,0,480.101
762,commerce_orders,500,rare_event,Head-tail sampling,37927,95.98391745678107,0,0,0,0.511
762,commerce_orders,500,rare_event,Anomaly sampling,175402,81.42671684431446,1,1,0,333.691
762,commerce_orders,500,rare_event,Task-aware unverified,1856,99.80346852637398,1,1,0,29.384
762,commerce_orders,500,rare_event,Pattern-retention guard,175400,81.42692862391966,1,1,0,380.161
762,commerce_orders,500,rare_event,Invariant-preserving gate,175402,81.42671684431446,1,1,0,375.414
763,commerce_orders,500,latest_state,Raw,944378,0.0,1,1,0,0.0
763,commerce_orders,500,latest_state,Fixed projection,96071,89.8270607743933,1,1,0,478.959
763,commerce_orders,500,latest_state,Head-tail sampling,37927,95.98391745678107,0,0,0,0.531
763,commerce_orders,500,latest_state,Anomaly sampling,175402,81.42671684431446,0,0,0,313.02
763,commerce_orders,500,latest_state,Task-aware unverified,175,99.98146928454496,0,0,0,16.394
763,commerce_orders,500,latest_state,Pattern-retention guard,186789,80.22094966210564,1,1,1,373.541
763,commerce_orders,500,latest_state,Invariant-preserving gate,823,99.91285269246,1,1,1,389.055
764,commerce_orders,500,aggregation,Raw,944378,0.0,1,1,0,0.0
764,commerce_orders,500,aggregation,Fixed projection,96071,89.8270607743933,0,0,0,484.037
764,commerce_orders,500,aggregation,Head-tail sampling,37927,95.98391745678107,0,0,0,0.611
764,commerce_orders,500,aggregation,Anomaly sampling,175402,81.42671684431446,0,0,0,344.808
764,commerce_orders,500,aggregation,Task-aware unverified,3280,99.65268144747125,1,1,0,72.108
764,commerce_orders,500,aggregation,Pattern-retention guard,292185,69.0605880272518,1,1,1,390.837
764,commerce_orders,500,aggregation,Invariant-preserving gate,3276,99.65310500668164,1,1,1,458.79
765,commerce_orders,500,join,Raw,944378,0.0,1,1,0,0.0
765,commerce_orders,500,join,Fixed projection,96071,89.8270607743933,0,0,0,478.819
765,commerce_orders,500,join,Head-tail sampling,37927,95.98391745678107,0,0,0,0.481
765,commerce_orders,500,join,Anomaly sampling,175402,81.42671684431446,0,0,0,312.81
765,commerce_orders,500,join,Task-aware unverified,817,99.9134880312756,1,1,0,24.216
765,commerce_orders,500,join,Pattern-retention guard,188643,80.02462996808481,1,1,1,385.639
765,commerce_orders,500,join,Invariant-preserving gate,813,99.91391159048601,1,1,1,386.711
766,commerce_orders,500,negative_evidence,Raw,944378,0.0,1,1,0,0.0
766,commerce_orders,500,negative_evidence,Fixed projection,96071,89.8270607743933,1,1,0,477.437
766,commerce_orders,500,negative_evidence,Head-tail sampling,37927,95.98391745678107,0,0,0,0.541
766,commerce_orders,500,negative_evidence,Anomaly sampling,175402,81.42671684431446,0,0,0,327.071
766,commerce_orders,500,negative_evidence,Task-aware unverified,81,99.99142292598938,0,0,0,0.47
766,commerce_orders,500,negative_evidence,Pattern-retention guard,177274,81.22849113384683,1,1,1,392.87
766,commerce_orders,500,negative_evidence,Invariant-preserving gate,154,99.98369297039956,1,1,1,366.921
767,commerce_orders,500,threshold,Raw,944378,0.0,1,1,0,0.0
767,commerce_orders,500,threshold,Fixed projection,96071,89.8270607743933,0,0,0,478.019
767,commerce_orders,500,threshold,Head-tail sampling,37927,95.98391745678107,0,0,0,0.541
767,commerce_orders,500,threshold,Anomaly sampling,175402,81.42671684431446,1,1,0,325.369
767,commerce_orders,500,threshold,Task-aware unverified,184,99.98051627632157,1,1,0,18.378
767,commerce_orders,500,threshold,Pattern-retention guard,337562,64.25562645466117,1,1,1,413.1
767,commerce_orders,500,threshold,Invariant-preserving gate,175402,81.42671684431446,1,1,0,384.046
768,commerce_orders,500,provenance,Raw,944378,0.0,1,1,0,0.0
768,commerce_orders,500,provenance,Fixed projection,96071,89.8270607743933,0,0,0,477.017
768,commerce_orders,500,provenance,Head-tail sampling,37927,95.98391745678107,0,0,0,0.521
768,commerce_orders,500,provenance,Anomaly sampling,175402,81.42671684431446,1,1,0,323.265
768,commerce_orders,500,provenance,Task-aware unverified,3657,99.61276099189095,1,1,0,34.251
768,commerce_orders,500,provenance,Pattern-retention guard,175400,81.42692862391966,1,1,0,378.358
768,commerce_orders,500,provenance,Invariant-preserving gate,175402,81.42671684431446,1,1,0,366.511
769,commerce_orders,500,lookup,Raw,944336,0.0,1,1,0,0.0
769,commerce_orders,500,lookup,Fixed projection,96071,89.82660832585012,0,0,0,470.407
769,commerce_orders,500,lookup,Head-tail sampling,37772,96.00015248809746,0,0,0,0.551
769,commerce_orders,500,lookup,Anomaly sampling,200159,78.80426034801172,0,0,0,343.105
769,commerce_orders,500,lookup,Task-aware unverified,439,99.9535123091781,1,1,0,16.174
769,commerce_orders,500,lookup,Pattern-retention guard,202046,78.604437403636,1,1,1,388.374
769,commerce_orders,500,lookup,Invariant-preserving gate,435,99.95393588722658,1,1,1,383.076
770,commerce_orders,500,rare_event,Raw,944336,0.0,1,1,0,0.0
770,commerce_orders,500,rare_event,Fixed projection,96071,89.82660832585012,1,1,0,478.078
770,commerce_orders,500,rare_event,Head-tail sampling,37772,96.00015248809746,0,0,0,0.471
770,commerce_orders,500,rare_event,Anomaly sampling,200159,78.80426034801172,1,1,0,332.95
770,commerce_orders,500,rare_event,Task-aware unverified,1771,99.81246081903052,1,1,0,28.773
770,commerce_orders,500,rare_event,Pattern-retention guard,200157,78.80447213703596,1,1,0,430.617
770,commerce_orders,500,rare_event,Invariant-preserving gate,200159,78.80426034801172,1,1,0,380.251
771,commerce_orders,500,latest_state,Raw,944336,0.0,1,1,0,0.0
771,commerce_orders,500,latest_state,Fixed projection,96071,89.82660832585012,1,1,0,466.982
771,commerce_orders,500,latest_state,Head-tail sampling,37772,96.00015248809746,0,0,0,0.52
771,commerce_orders,500,latest_state,Anomaly sampling,200159,78.80426034801172,0,0,0,335.484
771,commerce_orders,500,latest_state,Task-aware unverified,174,99.98157435489064,1,0,0,17.156
771,commerce_orders,500,latest_state,Pattern-retention guard,209653,77.79889784991782,1,1,1,387.782
771,commerce_orders,500,latest_state,Invariant-preserving gate,726,99.92312058419884,1,1,1,386.601
772,commerce_orders,500,aggregation,Raw,944336,0.0,1,1,0,0.0
772,commerce_orders,500,aggregation,Fixed projection,96071,89.82660832585012,0,0,0,480.612
772,commerce_orders,500,aggregation,Head-tail sampling,37772,96.00015248809746,0,0,0,0.541
772,commerce_orders,500,aggregation,Anomaly sampling,200159,78.80426034801172,0,0,0,345.148
772,commerce_orders,500,aggregation,Task-aware unverified,3139,99.66759712644652,1,1,0,67.862
772,commerce_orders,500,aggregation,Pattern-retention guard,311293,67.03577963775605,1,1,1,404.267
772,commerce_orders,500,aggregation,Invariant-preserving gate,3135,99.668020704495,1,1,1,457.758
773,commerce_orders,500,join,Raw,944336,0.0,1,1,0,0.0
773,commerce_orders,500,join,Fixed projection,96071,89.82660832585012,0,0,0,471.218
773,commerce_orders,500,join,Head-tail sampling,37772,96.00015248809746,0,0,0,0.491
773,commerce_orders,500,join,Anomaly sampling,200159,78.80426034801172,0,0,0,343.686
773,commerce_orders,500,join,Task-aware unverified,907,99.90395367750462,1,1,0,25.268
773,commerce_orders,500,join,Pattern-retention guard,213396,77.40253469104216,1,1,1,389.465
773,commerce_orders,500,join,Invariant-preserving gate,903,99.90437725555311,1,1,1,396.986
774,commerce_orders,500,negative_evidence,Raw,944336,0.0,1,1,0,0.0
774,commerce_orders,500,negative_evidence,Fixed projection,96071,89.82660832585012,1,1,0,477.257
774,commerce_orders,500,negative_evidence,Head-tail sampling,37772,96.00015248809746,0,0,0,0.511
774,commerce_orders,500,negative_evidence,Anomaly sampling,200159,78.80426034801172,0,0,0,330.987
774,commerce_orders,500,negative_evidence,Task-aware unverified,81,99.99142254451804,0,0,0,0.471
774,commerce_orders,500,negative_evidence,Pattern-retention guard,209679,77.79614459260263,1,1,1,384.577
774,commerce_orders,500,negative_evidence,Invariant-preserving gate,355,99.9624074481964,1,1,1,377.487
775,commerce_orders,500,threshold,Raw,944336,0.0,1,1,0,0.0
775,commerce_orders,500,threshold,Fixed projection,96071,89.82660832585012,0,0,0,467.613
775,commerce_orders,500,threshold,Head-tail sampling,37772,96.00015248809746,0,0,0,0.511
775,commerce_orders,500,threshold,Anomaly sampling,200159,78.80426034801172,1,1,0,332.92
775,commerce_orders,500,threshold,Task-aware unverified,184,99.9805154097694,1,1,0,21.012
775,commerce_orders,500,threshold,Pattern-retention guard,347238,63.229401399501874,1,1,1,410.186
775,commerce_orders,500,threshold,Invariant-preserving gate,200159,78.80426034801172,1,1,0,373.661
776,commerce_orders,500,provenance,Raw,944336,0.0,1,1,0,0.0
776,commerce_orders,500,provenance,Fixed projection,96071,89.82660832585012,0,0,0,499.15
776,commerce_orders,500,provenance,Head-tail sampling,37772,96.00015248809746,0,0,0,0.631
776,commerce_orders,500,provenance,Anomaly sampling,200159,78.80426034801172,1,1,0,338.899
776,commerce_orders,500,provenance,Task-aware unverified,5103,99.45962030463733,1,1,0,41.642
776,commerce_orders,500,provenance,Pattern-retention guard,200157,78.80447213703596,1,1,0,405.239
776,commerce_orders,500,provenance,Invariant-preserving gate,200159,78.80426034801172,1,1,0,382.835
777,commerce_orders,500,lookup,Raw,944091,0.0,1,1,0,0.0
777,commerce_orders,500,lookup,Fixed projection,96035,89.82778143208652,0,0,0,459.611
777,commerce_orders,500,lookup,Head-tail sampling,37694,96.00737640757087,0,0,0,0.541
777,commerce_orders,500,lookup,Anomaly sampling,180930,80.83553386273145,0,0,0,329.505
777,commerce_orders,500,lookup,Task-aware unverified,452,99.95212325930444,1,1,0,16.305
777,commerce_orders,500,lookup,Pattern-retention guard,182829,80.63438799861454,1,1,1,373.942
777,commerce_orders,500,lookup,Invariant-preserving gate,448,99.95254694727521,1,1,1,366.12
778,commerce_orders,500,rare_event,Raw,944091,0.0,1,1,0,0.0
778,commerce_orders,500,rare_event,Fixed projection,96035,89.82778143208652,1,1,0,454.943
778,commerce_orders,500,rare_event,Head-tail sampling,37694,96.00737640757087,0,0,0,0.571
778,commerce_orders,500,rare_event,Anomaly sampling,180930,80.83553386273145,1,1,0,328.754
778,commerce_orders,500,rare_event,Task-aware unverified,1769,99.8126239949327,1,1,0,28.954
778,commerce_orders,500,rare_event,Pattern-retention guard,180928,80.83574570671684,1,1,0,379.049
778,commerce_orders,500,rare_event,Invariant-preserving gate,180930,80.83553386273145,1,1,0,372.85
779,commerce_orders,500,latest_state,Raw,944091,0.0,1,1,0,0.0
779,commerce_orders,500,latest_state,Fixed projection,96035,89.82778143208652,1,1,0,489.865
779,commerce_orders,500,latest_state,Head-tail sampling,37694,96.00737640757087,0,0,0,0.5
779,commerce_orders,500,latest_state,Anomaly sampling,180930,80.83553386273145,0,0,0,311.618
779,commerce_orders,500,latest_state,Task-aware unverified,174,99.98156957327207,1,0,0,16.344
779,commerce_orders,500,latest_state,Pattern-retention guard,188467,80.03719980383246,1,1,1,371.989
779,commerce_orders,500,latest_state,Invariant-preserving gate,631,99.93316322261308,1,1,1,369.726
780,commerce_orders,500,aggregation,Raw,944091,0.0,1,1,0,0.0
780,commerce_orders,500,aggregation,Fixed projection,96035,89.82778143208652,0,0,0,502.935
780,commerce_orders,500,aggregation,Head-tail sampling,37694,96.00737640757087,0,0,0,0.551
780,commerce_orders,500,aggregation,Anomaly sampling,180930,80.83553386273145,0,0,0,309.805
780,commerce_orders,500,aggregation,Task-aware unverified,3640,99.61444394661108,1,1,0,78.998
780,commerce_orders,500,aggregation,Pattern-retention guard,318223,66.29318572044431,1,1,1,433.12
780,commerce_orders,500,aggregation,Invariant-preserving gate,3636,99.61486763458184,1,1,1,474.663
781,commerce_orders,500,join,Raw,944091,0.0,1,1,0,0.0
781,commerce_orders,500,join,Fixed projection,96035,89.82778143208652,0,0,0,500.151
781,commerce_orders,500,join,Head-tail sampling,37694,96.00737640757087,0,0,0,0.501
781,commerce_orders,500,join,Anomaly sampling,180930,80.83553386273145,0,0,0,327.632
781,commerce_orders,500,join,Task-aware unverified,1096,99.88390949601256,1,1,0,27.882
781,commerce_orders,500,join,Pattern-retention guard,197957,79.03200009321135,1,1,1,398.359
781,commerce_orders,500,join,Invariant-preserving gate,1092,99.88433318398332,1,1,1,439.931
782,commerce_orders,500,negative_evidence,Raw,944091,0.0,1,1,0,0.0
782,commerce_orders,500,negative_evidence,Fixed projection,96035,89.82778143208652,1,1,0,523.146
782,commerce_orders,500,negative_evidence,Head-tail sampling,37694,96.00737640757087,0,0,0,0.531
782,commerce_orders,500,negative_evidence,Anomaly sampling,180930,80.83553386273145,0,0,0,353.18
782,commerce_orders,500,negative_evidence,Task-aware unverified,81,99.99142031859218,0,0,0,0.501
782,commerce_orders,500,negative_evidence,Pattern-retention guard,186618,80.23304956831493,1,1,1,400.922
782,commerce_orders,500,negative_evidence,Invariant-preserving gate,280,99.970341842047,1,1,1,386.02
783,commerce_orders,500,threshold,Raw,944091,0.0,1,1,0,0.0
783,commerce_orders,500,threshold,Fixed projection,96035,89.82778143208652,0,0,0,489.375
783,commerce_orders,500,threshold,Head-tail sampling,37694,96.00737640757087,0,0,0,0.49
783,commerce_orders,500,threshold,Anomaly sampling,180930,80.83553386273145,1,1,0,321.954
783,commerce_orders,500,threshold,Task-aware unverified,184,99.98051035334518,1,1,0,17.826
783,commerce_orders,500,threshold,Pattern-retention guard,311085,67.04925690426029,1,1,1,389.906
783,commerce_orders,500,threshold,Invariant-preserving gate,180930,80.83553386273145,1,1,0,360.381
784,commerce_orders,500,provenance,Raw,944091,0.0,1,1,0,0.0
784,commerce_orders,500,provenance,Fixed projection,96035,89.82778143208652,0,0,0,473.001
784,commerce_orders,500,provenance,Head-tail sampling,37694,96.00737640757087,0,0,0,0.481
784,commerce_orders,500,provenance,Anomaly sampling,180930,80.83553386273145,1,1,0,323.856
784,commerce_orders,500,provenance,Task-aware unverified,3921,99.5846798666654,1,1,0,36.124
784,commerce_orders,500,provenance,Pattern-retention guard,180928,80.83574570671684,1,1,0,372.209
784,commerce_orders,500,provenance,Invariant-preserving gate,180930,80.83553386273145,1,1,0,363.456
785,commerce_orders,500,lookup,Raw,944050,0.0,1,1,0,0.0
785,commerce_orders,500,lookup,Fixed projection,96061,89.8245855622054,0,0,0,466.901
785,commerce_orders,500,lookup,Head-tail sampling,37797,95.9962925692495,0,0,0,0.541
785,commerce_orders,500,lookup,Anomaly sampling,179264,81.01117525554791,1,1,0,339.22
785,commerce_orders,500,lookup,Task-aware unverified,438,99.95360415232244,1,1,0,17.506
785,commerce_orders,500,lookup,Pattern-retention guard,179262,81.01138710873364,1,1,0,383.006
785,commerce_orders,500,lookup,Invariant-preserving gate,179264,81.01117525554791,1,1,0,364.688
786,commerce_orders,500,rare_event,Raw,944050,0.0,1,1,0,0.0
786,commerce_orders,500,rare_event,Fixed projection,96061,89.8245855622054,1,1,0,495.584
786,commerce_orders,500,rare_event,Head-tail sampling,37797,95.9962925692495,0,0,0,0.521
786,commerce_orders,500,rare_event,Anomaly sampling,179264,81.01117525554791,1,1,0,385.96
786,commerce_orders,500,rare_event,Task-aware unverified,1053,99.88845929770669,1,1,0,22.504
786,commerce_orders,500,rare_event,Pattern-retention guard,179262,81.01138710873364,1,1,0,389.665
786,commerce_orders,500,rare_event,Invariant-preserving gate,179264,81.01117525554791,1,1,0,372.95
787,commerce_orders,500,latest_state,Raw,944050,0.0,1,1,0,0.0
787,commerce_orders,500,latest_state,Fixed projection,96061,89.8245855622054,1,1,0,479.71
787,commerce_orders,500,latest_state,Head-tail sampling,37797,95.9962925692495,0,0,0,0.531
787,commerce_orders,500,latest_state,Anomaly sampling,179264,81.01117525554791,0,0,0,318.348
787,commerce_orders,500,latest_state,Task-aware unverified,174,99.98156877284042,1,0,0,16.465
787,commerce_orders,500,latest_state,Pattern-retention guard,186801,80.21280652507812,1,1,1,382.174
787,commerce_orders,500,latest_state,Invariant-preserving gate,631,99.9331603198983,1,1,1,386.951
788,commerce_orders,500,aggregation,Raw,944050,0.0,1,1,0,0.0
788,commerce_orders,500,aggregation,Fixed projection,96061,89.8245855622054,0,0,0,484.108
788,commerce_orders,500,aggregation,Head-tail sampling,37797,95.9962925692495,0,0,0,0.481
788,commerce_orders,500,aggregation,Anomaly sampling,179264,81.01117525554791,0,0,0,335.263
788,commerce_orders,500,aggregation,Task-aware unverified,3451,99.6344473280017,1,1,0,72.629
788,commerce_orders,500,aggregation,Pattern-retention guard,305333,67.65711561887612,1,1,1,425.139
788,commerce_orders,500,aggregation,Invariant-preserving gate,3447,99.63487103437319,1,1,1,454.183
789,commerce_orders,500,join,Raw,944050,0.0,1,1,0,0.0
789,commerce_orders,500,join,Fixed projection,96061,89.8245855622054,0,0,0,478.348
789,commerce_orders,500,join,Head-tail sampling,37797,95.9962925692495,0,0,0,0.511
789,commerce_orders,500,join,Anomaly sampling,179264,81.01117525554791,0,0,0,324.447
789,commerce_orders,500,join,Task-aware unverified,1004,99.89364970075736,1,1,0,28.543
789,commerce_orders,500,join,Pattern-retention guard,196139,79.22366400084742,1,1,1,384.918
789,commerce_orders,500,join,Invariant-preserving gate,1000,99.89407340712886,1,1,1,397.327
790,commerce_orders,500,negative_evidence,Raw,944050,0.0,1,1,0,0.0
790,commerce_orders,500,negative_evidence,Fixed projection,96061,89.8245855622054,1,1,0,483.496
790,commerce_orders,500,negative_evidence,Head-tail sampling,37797,95.9962925692495,0,0,0,0.491
790,commerce_orders,500,negative_evidence,Anomaly sampling,179264,81.01117525554791,0,0,0,328.964
790,commerce_orders,500,negative_evidence,Task-aware unverified,81,99.99141994597743,0,0,0,0.491
790,commerce_orders,500,negative_evidence,Pattern-retention guard,188692,80.0124993379588,1,1,1,375.755
790,commerce_orders,500,negative_evidence,Invariant-preserving gate,357,99.962184206345,1,1,1,371.878
791,commerce_orders,500,threshold,Raw,944050,0.0,1,1,0,0.0
791,commerce_orders,500,threshold,Fixed projection,96061,89.8245855622054,0,0,0,479.791
791,commerce_orders,500,threshold,Head-tail sampling,37797,95.9962925692495,0,0,0,0.53
791,commerce_orders,500,threshold,Anomaly sampling,179264,81.01117525554791,1,1,0,321.523
791,commerce_orders,500,threshold,Task-aware unverified,184,99.9805095069117,1,1,0,18.989
791,commerce_orders,500,threshold,Pattern-retention guard,316871,66.4349345903289,1,1,1,416.846
791,commerce_orders,500,threshold,Invariant-preserving gate,179264,81.01117525554791,1,1,0,383.616
792,commerce_orders,500,provenance,Raw,944050,0.0,1,1,0,0.0
792,commerce_orders,500,provenance,Fixed projection,96061,89.8245855622054,0,0,0,509.356
792,commerce_orders,500,provenance,Head-tail sampling,37797,95.9962925692495,0,0,0,0.541
792,commerce_orders,500,provenance,Anomaly sampling,179264,81.01117525554791,1,1,0,327.912
792,commerce_orders,500,provenance,Task-aware unverified,4448,99.52883851490917,1,1,0,43.375
792,commerce_orders,500,provenance,Pattern-retention guard,179262,81.01138710873364,1,1,0,429.725
792,commerce_orders,500,provenance,Invariant-preserving gate,179264,81.01117525554791,1,1,0,421.042
793,commerce_orders,500,lookup,Raw,944292,0.0,1,1,0,0.0
793,commerce_orders,500,lookup,Fixed projection,95964,89.83746552973021,0,0,0,475.995
793,commerce_orders,500,lookup,Head-tail sampling,37781,95.99901301715995,0,0,0,0.631
793,commerce_orders,500,lookup,Anomaly sampling,158470,83.21811473569616,0,0,0,321.813
793,commerce_orders,500,lookup,Task-aware unverified,449,99.9524511485854,1,1,0,16.334
793,commerce_orders,500,lookup,Pattern-retention guard,160315,83.02273025716622,1,1,1,372.049
793,commerce_orders,500,lookup,Invariant-preserving gate,445,99.95287474637082,1,1,1,380.942
794,commerce_orders,500,rare_event,Raw,944292,0.0,1,1,0,0.0
794,commerce_orders,500,rare_event,Fixed projection,95964,89.83746552973021,1,1,0,498.129
794,commerce_orders,500,rare_event,Head-tail sampling,37781,95.99901301715995,0,0,0,0.511
794,commerce_orders,500,rare_event,Anomaly sampling,158470,83.21811473569616,1,1,0,322.985
794,commerce_orders,500,rare_event,Task-aware unverified,1681,99.82198303067271,1,1,0,27.832
794,commerce_orders,500,rare_event,Pattern-retention guard,158468,83.21832653458887,1,1,0,371.147
794,commerce_orders,500,rare_event,Invariant-preserving gate,158470,83.21811473569616,1,1,0,370.417
795,commerce_orders,500,latest_state,Raw,944292,0.0,1,1,0,0.0
795,commerce_orders,500,latest_state,Fixed projection,95964,89.83746552973021,1,1,0,465.7
795,commerce_orders,500,latest_state,Head-tail sampling,37781,95.99901301715995,0,0,0,0.511
795,commerce_orders,500,latest_state,Anomaly sampling,158470,83.21811473569616,1,0,0,312.159
795,commerce_orders,500,latest_state,Task-aware unverified,174,99.98157349633377,1,0,0,16.444
795,commerce_orders,500,latest_state,Pattern-retention guard,160348,83.01923557543641,1,1,1,375.324
795,commerce_orders,500,latest_state,Invariant-preserving gate,545,99.94228480173506,1,1,1,438.008
796,commerce_orders,500,aggregation,Raw,944292,0.0,1,1,0,0.0
796,commerce_orders,500,aggregation,Fixed projection,95964,89.83746552973021,0,0,0,481.693
796,commerce_orders,500,aggregation,Head-tail sampling,37781,95.99901301715995,0,0,0,0.501
796,commerce_orders,500,aggregation,Anomaly sampling,158470,83.21811473569616,0,0,0,358.729
796,commerce_orders,500,aggregation,Task-aware unverified,3618,99.61685580307787,1,1,0,75.974
796,commerce_orders,500,aggregation,Pattern-retention guard,294529,68.80954196371462,1,1,1,420.461
796,commerce_orders,500,aggregation,Invariant-preserving gate,3614,99.6172794008633,1,1,1,521.353
797,commerce_orders,500,join,Raw,944292,0.0,1,1,0,0.0
797,commerce_orders,500,join,Fixed projection,95964,89.83746552973021,0,0,0,473.101
797,commerce_orders,500,join,Head-tail sampling,37781,95.99901301715995,0,0,0,0.511
797,commerce_orders,500,join,Anomaly sampling,158470,83.21811473569616,0,0,0,333.261
797,commerce_orders,500,join,Task-aware unverified,1100,99.88351060900654,1,1,0,26.35
797,commerce_orders,500,join,Pattern-retention guard,177322,81.2216983729609,1,1,1,394.853
797,commerce_orders,500,join,Invariant-preserving gate,1096,99.88393420679196,1,1,1,401.723
798,commerce_orders,500,negative_evidence,Raw,944292,0.0,1,1,0,0.0
798,commerce_orders,500,negative_evidence,Fixed projection,95964,89.83746552973021,1,1,0,475.835
798,commerce_orders,500,negative_evidence,Head-tail sampling,37781,95.99901301715995,0,0,0,0.501
798,commerce_orders,500,negative_evidence,Anomaly sampling,158470,83.21811473569616,0,0,0,335.434
798,commerce_orders,500,negative_evidence,Task-aware unverified,81,99.99142214484502,0,0,0,0.48
798,commerce_orders,500,negative_evidence,Pattern-retention guard,171668,81.8204538426673,1,1,1,409.625
798,commerce_orders,500,negative_evidence,Invariant-preserving gate,397,99.95795791979599,1,1,1,390.747
799,commerce_orders,500,threshold,Raw,944292,0.0,1,1,0,0.0
799,commerce_orders,500,threshold,Fixed projection,95964,89.83746552973021,0,0,0,477.728
799,commerce_orders,500,threshold,Head-tail sampling,37781,95.99901301715995,0,0,0,0.501
799,commerce_orders,500,threshold,Anomaly sampling,158470,83.21811473569616,1,1,0,316.706
799,commerce_orders,500,threshold,Task-aware unverified,184,99.98051450187019,1,1,0,18.768
799,commerce_orders,500,threshold,Pattern-retention guard,316874,66.44321883485193,1,1,1,388.183
799,commerce_orders,500,threshold,Invariant-preserving gate,158470,83.21811473569616,1,1,0,373.031
800,commerce_orders,500,provenance,Raw,944292,0.0,1,1,0,0.0
800,commerce_orders,500,provenance,Fixed projection,95964,89.83746552973021,0,0,0,485.449
800,commerce_orders,500,provenance,Head-tail sampling,37781,95.99901301715995,0,0,0,0.561
800,commerce_orders,500,provenance,Anomaly sampling,158470,83.21811473569616,1,1,0,332.269
800,commerce_orders,500,provenance,Task-aware unverified,3942,99.58254438245797,1,1,0,36.514
800,commerce_orders,500,provenance,Pattern-retention guard,158468,83.21832653458887,1,1,0,390.697
800,commerce_orders,500,provenance,Invariant-preserving gate,158470,83.21811473569616,1,1,0,436.055
801,security_findings,50,lookup,Raw,95660,0.0,1,1,0,0.0
801,security_findings,50,lookup,Fixed projection,9714,89.84528538574116,0,0,0,48.994
801,security_findings,50,lookup,Head-tail sampling,37808,60.47668827095964,0,0,0,0.541
801,security_findings,50,lookup,Anomaly sampling,32135,66.40706669454318,0,0,0,62.924
801,security_findings,50,lookup,Task-aware unverified,458,99.52122099100983,1,1,0,3.115
801,security_findings,50,lookup,Pattern-retention guard,34044,64.41145724440727,1,1,1,64.106
801,security_findings,50,lookup,Invariant-preserving gate,454,99.52540246707088,1,1,1,67.391
802,security_findings,50,rare_event,Raw,95660,0.0,1,1,0,0.0
802,security_findings,50,rare_event,Fixed projection,9714,89.84528538574116,1,1,0,44.867
802,security_findings,50,rare_event,Head-tail sampling,37808,60.47668827095964,0,0,0,0.541
802,security_findings,50,rare_event,Anomaly sampling,32135,66.40706669454318,1,1,0,57.166
802,security_findings,50,rare_event,Task-aware unverified,435,99.54526447836086,1,1,0,4.867
802,security_findings,50,rare_event,Pattern-retention guard,32133,66.40915743257369,1,1,0,64.276
802,security_findings,50,rare_event,Invariant-preserving gate,32135,66.40706669454318,1,1,0,60.851
803,security_findings,50,latest_state,Raw,95660,0.0,1,1,0,0.0
803,security_findings,50,latest_state,Fixed projection,9714,89.84528538574116,1,1,0,47.341
803,security_findings,50,latest_state,Head-tail sampling,37808,60.47668827095964,0,0,0,0.511
803,security_findings,50,latest_state,Anomaly sampling,32135,66.40706669454318,0,0,0,56.876
803,security_findings,50,latest_state,Task-aware unverified,177,99.81496968429856,0,0,0,3.044
803,security_findings,50,latest_state,Pattern-retention guard,43493,54.53376541919297,1,1,1,63.806
803,security_findings,50,latest_state,Invariant-preserving gate,827,99.13547982437801,1,1,1,74.482
804,security_findings,50,aggregation,Raw,95660,0.0,1,1,0,0.0
804,security_findings,50,aggregation,Fixed projection,9714,89.84528538574116,0,0,0,44.857
804,security_findings,50,aggregation,Head-tail sampling,37808,60.47668827095964,0,0,0,0.481
804,security_findings,50,aggregation,Anomaly sampling,32135,66.40706669454318,0,0,0,60.01
804,security_findings,50,aggregation,Task-aware unverified,357,99.62680326155132,1,1,0,6.931
804,security_findings,50,aggregation,Pattern-retention guard,37765,60.521639138615924,1,1,1,64.947
804,security_findings,50,aggregation,Invariant-preserving gate,353,99.63098473761238,1,1,1,68.353
805,security_findings,50,join,Raw,95660,0.0,1,1,0,0.0
805,security_findings,50,join,Fixed projection,9714,89.84528538574116,0,0,0,46.28
805,security_findings,50,join,Head-tail sampling,37808,60.47668827095964,0,0,0,0.48
805,security_findings,50,join,Anomaly sampling,32135,66.40706669454318,0,0,0,58.768
805,security_findings,50,join,Task-aware unverified,450,99.52958394313193,1,1,0,7.862
805,security_findings,50,join,Pattern-retention guard,39672,58.52812042651057,1,1,1,63.205
805,security_findings,50,join,Invariant-preserving gate,446,99.53376541919297,1,1,1,72.058
806,security_findings,50,negative_evidence,Raw,95660,0.0,1,1,0,0.0
806,security_findings,50,negative_evidence,Fixed projection,9714,89.84528538574116,1,1,0,46.029
806,security_findings,50,negative_evidence,Head-tail sampling,37808,60.47668827095964,0,0,0,0.451
806,security_findings,50,negative_evidence,Anomaly sampling,32135,66.40706669454318,0,0,0,55.994
806,security_findings,50,negative_evidence,Task-aware unverified,83,99.91323437173321,0,0,0,0.491
806,security_findings,50,negative_evidence,Pattern-retention guard,39674,58.526029688480044,1,1,1,62.133
806,security_findings,50,negative_evidence,Invariant-preserving gate,320,99.66548191511603,1,1,1,78.649
807,security_findings,50,threshold,Raw,95660,0.0,1,1,0,0.0
807,security_findings,50,threshold,Fixed projection,9714,89.84528538574116,0,0,0,45.899
807,security_findings,50,threshold,Head-tail sampling,37808,60.47668827095964,0,0,0,0.45
807,security_findings,50,threshold,Anomaly sampling,32135,66.40706669454318,1,1,0,57.767
807,security_findings,50,threshold,Task-aware unverified,186,99.8055613631612,1,1,0,4.227
807,security_findings,50,threshold,Pattern-retention guard,37812,60.47250679489859,1,1,1,63.846
807,security_findings,50,threshold,Invariant-preserving gate,32135,66.40706669454318,1,1,0,63.976
808,security_findings,50,provenance,Raw,95660,0.0,1,1,0,0.0
808,security_findings,50,provenance,Fixed projection,9714,89.84528538574116,0,0,0,45.007
808,security_findings,50,provenance,Head-tail sampling,37808,60.47668827095964,0,0,0,0.501
808,security_findings,50,provenance,Anomaly sampling,32135,66.40706669454318,1,1,0,56.325
808,security_findings,50,provenance,Task-aware unverified,490,99.48776918252143,1,1,0,4.246
808,security_findings,50,provenance,Pattern-retention guard,32133,66.40915743257369,1,1,0,64.297
808,security_findings,50,provenance,Invariant-preserving gate,32135,66.40706669454318,1,1,0,94.252
809,security_findings,50,lookup,Raw,95603,0.0,1,1,0,0.0
809,security_findings,50,lookup,Fixed projection,9611,89.94696819137474,0,0,0,46.981
809,security_findings,50,lookup,Head-tail sampling,37829,60.431158018053836,0,0,0,0.541
809,security_findings,50,lookup,Anomaly sampling,28465,70.22582973337657,0,0,0,59.99
809,security_findings,50,lookup,Task-aware unverified,442,99.53767141198499,1,1,0,2.974
809,security_findings,50,lookup,Pattern-retention guard,30346,68.25831825361128,1,1,1,61.663
809,security_findings,50,lookup,Invariant-preserving gate,438,99.5418553811073,1,1,1,65.048
810,security_findings,50,rare_event,Raw,95603,0.0,1,1,0,0.0
810,security_findings,50,rare_event,Fixed projection,9611,89.94696819137474,1,1,0,45.889
810,security_findings,50,rare_event,Head-tail sampling,37829,60.431158018053836,0,0,0,0.47
810,security_findings,50,rare_event,Anomaly sampling,28465,70.22582973337657,1,1,0,54.782
810,security_findings,50,rare_event,Task-aware unverified,260,99.72804200704999,1,1,0,3.515
810,security_findings,50,rare_event,Pattern-retention guard,28463,70.22792171793772,1,1,0,62.304
810,security_findings,50,rare_event,Invariant-preserving gate,28465,70.22582973337657,1,1,0,60.902
811,security_findings,50,latest_state,Raw,95603,0.0,1,1,0,0.0
811,security_findings,50,latest_state,Fixed projection,9611,89.94696819137474,1,1,0,45.939
811,security_findings,50,latest_state,Head-tail sampling,37829,60.431158018053836,0,0,0,0.461
811,security_findings,50,latest_state,Anomaly sampling,28465,70.22582973337657,0,0,0,55.223
811,security_findings,50,latest_state,Task-aware unverified,176,99.81590535861845,0,0,0,3.034
811,security_findings,50,latest_state,Pattern-retention guard,41678,56.405133730113064,1,1,1,64.486
811,security_findings,50,latest_state,Invariant-preserving gate,1008,98.94563978117841,1,1,1,74.372
812,security_findings,50,aggregation,Raw,95603,0.0,1,1,0,0.0
812,security_findings,50,aggregation,Fixed projection,9611,89.94696819137474,0,0,0,45.569
812,security_findings,50,aggregation,Head-tail sampling,37829,60.431158018053836,0,0,0,0.801
812,security_findings,50,aggregation,Anomaly sampling,28465,70.22582973337657,0,0,0,62.854
812,security_findings,50,aggregation,Task-aware unverified,353,99.63076472495634,1,1,0,6.881
812,security_findings,50,aggregation,Pattern-retention guard,34111,64.320157317239,1,1,1,64.467
812,security_findings,50,aggregation,Invariant-preserving gate,349,99.63494869407864,1,1,1,69.073
813,security_findings,50,join,Raw,95603,0.0,1,1,0,0.0
813,security_findings,50,join,Fixed projection,9611,89.94696819137474,0,0,0,45.879
813,security_findings,50,join,Head-tail sampling,37829,60.431158018053836,0,0,0,0.461
813,security_findings,50,join,Anomaly sampling,28465,70.22582973337657,0,0,0,57.356
813,security_findings,50,join,Task-aware unverified,999,98.95505371170361,1,1,0,9.955
813,security_findings,50,join,Pattern-retention guard,41689,56.393627815026726,1,1,1,66.961
813,security_findings,50,join,Invariant-preserving gate,995,98.95923768082592,1,1,1,79.229
814,security_findings,50,negative_evidence,Raw,95603,0.0,1,1,0,0.0
814,security_findings,50,negative_evidence,Fixed projection,9611,89.94696819137474,1,1,0,45.488
814,security_findings,50,negative_evidence,Head-tail sampling,37829,60.431158018053836,0,0,0,0.441
814,security_findings,50,negative_evidence,Anomaly sampling,28465,70.22582973337657,0,0,0,53.27
814,security_findings,50,negative_evidence,Task-aware unverified,83,99.91318264071212,0,0,0,0.461
814,security_findings,50,negative_evidence,Pattern-retention guard,32207,66.31172661945754,1,1,1,62.174
814,security_findings,50,negative_evidence,Invariant-preserving gate,240,99.74896185266154,1,1,1,67.221
815,security_findings,50,threshold,Raw,95603,0.0,1,1,0,0.0
815,security_findings,50,threshold,Fixed projection,9611,89.94696819137474,0,0,0,46.35
815,security_findings,50,threshold,Head-tail sampling,37829,60.431158018053836,0,0,0,0.48
815,security_findings,50,threshold,Anomaly sampling,28465,70.22582973337657,1,1,0,55.553
815,security_findings,50,threshold,Task-aware unverified,186,99.80544543581267,1,1,0,3.065
815,security_findings,50,threshold,Pattern-retention guard,37893,60.3642145120969,1,1,1,60.871
815,security_findings,50,threshold,Invariant-preserving gate,28465,70.22582973337657,1,1,0,59.87
816,security_findings,50,provenance,Raw,95603,0.0,1,1,0,0.0
816,security_findings,50,provenance,Fixed projection,9611,89.94696819137474,0,0,0,44.947
816,security_findings,50,provenance,Head-tail sampling,37829,60.431158018053836,0,0,0,0.48
816,security_findings,50,provenance,Anomaly sampling,28465,70.22582973337657,1,1,0,55.063
816,security_findings,50,provenance,Task-aware unverified,220,99.76988169827307,1,1,0,2.644
816,security_findings,50,provenance,Pattern-retention guard,28463,70.22792171793772,1,1,0,59.74
816,security_findings,50,provenance,Invariant-preserving gate,28465,70.22582973337657,1,1,0,57.817
817,security_findings,50,lookup,Raw,95452,0.0,1,1,0,0.0
817,security_findings,50,lookup,Fixed projection,9661,89.87868247915183,0,0,0,46.049
817,security_findings,50,lookup,Head-tail sampling,37823,60.3748480911872,0,0,0,0.491
817,security_findings,50,lookup,Anomaly sampling,41530,56.491220718266774,0,0,0,63.696
817,security_findings,50,lookup,Task-aware unverified,443,99.53589238570171,1,1,0,3.015
817,security_findings,50,lookup,Pattern-retention guard,43410,54.52164438670746,1,1,1,68.132
817,security_findings,50,lookup,Invariant-preserving gate,439,99.54008297364119,1,1,1,71.958
818,security_findings,50,rare_event,Raw,95452,0.0,1,1,0,0.0
818,security_findings,50,rare_event,Fixed projection,9661,89.87868247915183,1,1,0,45.559
818,security_findings,50,rare_event,Head-tail sampling,37823,60.3748480911872,0,0,0,0.471
818,security_findings,50,rare_event,Anomaly sampling,41530,56.491220718266774,1,1,0,61.152
818,security_findings,50,rare_event,Task-aware unverified,519,99.45627121485144,1,1,0,5.799
818,security_findings,50,rare_event,Pattern-retention guard,41528,56.49331601223652,1,1,0,68.623
818,security_findings,50,rare_event,Invariant-preserving gate,41530,56.491220718266774,1,1,0,69.224
819,security_findings,50,latest_state,Raw,95452,0.0,1,1,0,0.0
819,security_findings,50,latest_state,Fixed projection,9661,89.87868247915183,1,1,0,45.028
819,security_findings,50,latest_state,Head-tail sampling,37823,60.3748480911872,0,0,0,0.45
819,security_findings,50,latest_state,Anomaly sampling,41530,56.491220718266774,0,0,0,59.489
819,security_findings,50,latest_state,Task-aware unverified,174,99.81770942463227,0,0,0,3.014
819,security_findings,50,latest_state,Pattern-retention guard,54693,42.70104345639694,1,1,1,68.733
819,security_findings,50,latest_state,Invariant-preserving gate,918,99.03826006788753,1,1,1,76.044
820,security_findings,50,aggregation,Raw,95452,0.0,1,1,0,0.0
820,security_findings,50,aggregation,Fixed projection,9661,89.87868247915183,0,0,0,48.042
820,security_findings,50,aggregation,Head-tail sampling,37823,60.3748480911872,0,0,0,0.531
820,security_findings,50,aggregation,Anomaly sampling,41530,56.491220718266774,0,0,0,66.31
820,security_findings,50,aggregation,Task-aware unverified,515,99.46046180279093,1,1,0,9.835
820,security_findings,50,aggregation,Pattern-retention guard,52817,44.666429200016765,1,1,1,69.654
820,security_findings,50,aggregation,Invariant-preserving gate,511,99.46465239073042,1,1,1,80.731
821,security_findings,50,join,Raw,95452,0.0,1,1,0,0.0
821,security_findings,50,join,Fixed projection,9661,89.87868247915183,0,0,0,47.061
821,security_findings,50,join,Head-tail sampling,37823,60.3748480911872,0,0,0,0.48
821,security_findings,50,join,Anomaly sampling,41530,56.491220718266774,0,0,0,62.153
821,security_findings,50,join,Task-aware unverified,906,99.05083183170599,1,1,0,9.073
821,security_findings,50,join,Pattern-retention guard,49079,48.582533629468216,1,1,1,71.307
821,security_findings,50,join,Invariant-preserving gate,902,99.05502241964548,1,1,1,83.746
822,security_findings,50,negative_evidence,Raw,95452,0.0,1,1,0,0.0
822,security_findings,50,negative_evidence,Fixed projection,9661,89.87868247915183,1,1,0,44.346
822,security_findings,50,negative_evidence,Head-tail sampling,37823,60.3748480911872,0,0,0,0.481
822,security_findings,50,negative_evidence,Anomaly sampling,41530,56.491220718266774,0,0,0,64.157
822,security_findings,50,negative_evidence,Task-aware unverified,83,99.91304530025562,0,0,0,0.48
822,security_findings,50,negative_evidence,Pattern-retention guard,54693,42.70104345639694,1,1,1,72.539
822,security_findings,50,negative_evidence,Invariant-preserving gate,441,99.53798767967146,1,1,1,78.147
823,security_findings,50,threshold,Raw,95452,0.0,1,1,0,0.0
823,security_findings,50,threshold,Fixed projection,9661,89.87868247915183,0,0,0,44.457
823,security_findings,50,threshold,Head-tail sampling,37823,60.3748480911872,0,0,0,0.461
823,security_findings,50,threshold,Anomaly sampling,41530,56.491220718266774,1,1,0,69.735
823,security_findings,50,threshold,Task-aware unverified,186,99.80513766081381,1,1,0,3.245
823,security_findings,50,threshold,Pattern-retention guard,52814,44.66957214097138,1,1,1,73.11
823,security_findings,50,threshold,Invariant-preserving gate,41530,56.491220718266774,1,1,0,68.523
824,security_findings,50,provenance,Raw,95452,0.0,1,1,0,0.0
824,security_findings,50,provenance,Fixed projection,9661,89.87868247915183,0,0,0,46.149
824,security_findings,50,provenance,Head-tail sampling,37823,60.3748480911872,0,0,0,0.481
824,security_findings,50,provenance,Anomaly sampling,41530,56.491220718266774,1,1,0,63.085
824,security_findings,50,provenance,Task-aware unverified,756,99.20797887943678,1,1,0,5.839
824,security_findings,50,provenance,Pattern-retention guard,41528,56.49331601223652,1,1,0,68.553
824,security_findings,50,provenance,Invariant-preserving gate,41530,56.491220718266774,1,1,0,67.542
825,security_findings,50,lookup,Raw,95456,0.0,1,1,0,0.0
825,security_findings,50,lookup,Fixed projection,9668,89.87177338250085,0,0,0,45.168
825,security_findings,50,lookup,Head-tail sampling,37826,60.373365739188735,0,0,0,0.5
825,security_findings,50,lookup,Anomaly sampling,32149,66.32060844787127,1,1,0,62.484
825,security_findings,50,lookup,Task-aware unverified,439,99.54010224606101,1,1,0,3.045
825,security_findings,50,lookup,Pattern-retention guard,32147,66.32270365403956,1,1,0,68.703
825,security_findings,50,lookup,Invariant-preserving gate,32149,66.32060844787127,1,1,0,65.398
826,security_findings,50,rare_event,Raw,95456,0.0,1,1,0,0.0
826,security_findings,50,rare_event,Fixed projection,9668,89.87177338250085,1,1,0,46.049
826,security_findings,50,rare_event,Head-tail sampling,37826,60.373365739188735,0,0,0,0.481
826,security_findings,50,rare_event,Anomaly sampling,32149,66.32060844787127,1,1,0,65.068
826,security_findings,50,rare_event,Task-aware unverified,265,99.72238518270198,1,1,0,3.455
826,security_findings,50,rare_event,Pattern-retention guard,32147,66.32270365403956,1,1,0,65.558
826,security_findings,50,rare_event,Invariant-preserving gate,32149,66.32060844787127,1,1,0,62.884
827,security_findings,50,latest_state,Raw,95456,0.0,1,1,0,0.0
827,security_findings,50,latest_state,Fixed projection,9668,89.87177338250085,1,1,0,45.448
827,security_findings,50,latest_state,Head-tail sampling,37826,60.373365739188735,0,0,0,0.451
827,security_findings,50,latest_state,Anomaly sampling,32149,66.32060844787127,0,0,0,60.201
827,security_findings,50,latest_state,Task-aware unverified,176,99.81562185719075,1,0,0,3.024
827,security_findings,50,latest_state,Pattern-retention guard,47232,50.51961112973517,1,1,1,70.316
827,security_findings,50,latest_state,Invariant-preserving gate,1102,98.84554140127389,1,1,1,87.331
828,security_findings,50,aggregation,Raw,95456,0.0,1,1,0,0.0
828,security_findings,50,aggregation,Fixed projection,9668,89.87177338250085,0,0,0,45.809
828,security_findings,50,aggregation,Head-tail sampling,37826,60.373365739188735,0,0,0,0.45
828,security_findings,50,aggregation,Anomaly sampling,32149,66.32060844787127,0,0,0,60.972
828,security_findings,50,aggregation,Task-aware unverified,395,99.58619678176332,1,1,0,7.441
828,security_findings,50,aggregation,Pattern-retention guard,39677,58.43425243043916,1,1,1,75.223
828,security_findings,50,aggregation,Invariant-preserving gate,391,99.59038719409989,1,1,1,75.183
829,security_findings,50,join,Raw,95456,0.0,1,1,0,0.0
829,security_findings,50,join,Fixed projection,9668,89.87177338250085,0,0,0,45.068
829,security_findings,50,join,Head-tail sampling,37826,60.373365739188735,0,0,0,0.521
829,security_findings,50,join,Anomaly sampling,32149,66.32060844787127,0,0,0,60.22
829,security_findings,50,join,Task-aware unverified,1006,98.94611129735166,1,1,0,9.865
829,security_findings,50,join,Pattern-retention guard,43444,54.487931612470675,1,1,1,83.636
829,security_findings,50,join,Invariant-preserving gate,1002,98.95030170968823,1,1,1,85.298
830,security_findings,50,negative_evidence,Raw,95456,0.0,1,1,0,0.0
830,security_findings,50,negative_evidence,Fixed projection,9668,89.87177338250085,1,1,0,45.879
830,security_findings,50,negative_evidence,Head-tail sampling,37826,60.373365739188735,0,0,0,0.47
830,security_findings,50,negative_evidence,Anomaly sampling,32149,66.32060844787127,0,0,0,59.92
830,security_findings,50,negative_evidence,Task-aware unverified,83,99.9130489440161,0,0,0,0.491
830,security_findings,50,negative_evidence,Pattern-retention guard,37806,60.39431780087161,1,1,1,67.321
830,security_findings,50,negative_evidence,Invariant-preserving gate,238,99.75067046597385,1,1,1,74.382
831,security_findings,50,threshold,Raw,95456,0.0,1,1,0,0.0
831,security_findings,50,threshold,Fixed projection,9668,89.87177338250085,0,0,0,45.849
831,security_findings,50,threshold,Head-tail sampling,37826,60.373365739188735,0,0,0,0.521
831,security_findings,50,threshold,Anomaly sampling,32149,66.32060844787127,1,1,0,65.979
831,security_findings,50,threshold,Task-aware unverified,186,99.80514582634932,1,1,0,5.058
831,security_findings,50,threshold,Pattern-retention guard,49061,48.60354508883674,1,1,1,72.81
831,security_findings,50,threshold,Invariant-preserving gate,32149,66.32060844787127,1,1,0,66.951
832,security_findings,50,provenance,Raw,95456,0.0,1,1,0,0.0
832,security_findings,50,provenance,Fixed projection,9668,89.87177338250085,0,0,0,45.058
832,security_findings,50,provenance,Head-tail sampling,37826,60.373365739188735,0,0,0,0.531
832,security_findings,50,provenance,Anomaly sampling,32149,66.32060844787127,1,1,0,237.056
832,security_findings,50,provenance,Task-aware unverified,628,99.3421052631579,1,1,0,5.148
832,security_findings,50,provenance,Pattern-retention guard,32147,66.32270365403956,1,1,0,68.794
832,security_findings,50,provenance,Invariant-preserving gate,32149,66.32060844787127,1,1,0,68.773
833,security_findings,50,lookup,Raw,95639,0.0,1,1,0,0.0
833,security_findings,50,lookup,Fixed projection,9687,89.87128681813904,0,0,0,44.897
833,security_findings,50,lookup,Head-tail sampling,37712,60.568387373351875,0,0,0,0.611
833,security_findings,50,lookup,Anomaly sampling,28349,70.35832662407596,0,0,0,56.756
833,security_findings,50,lookup,Task-aware unverified,446,99.53366304541035,1,1,0,3.135
833,security_findings,50,lookup,Pattern-retention guard,30269,68.35077740252407,1,1,1,61.092
833,security_findings,50,lookup,Invariant-preserving gate,442,99.5378454396219,1,1,1,60.281
834,security_findings,50,rare_event,Raw,95639,0.0,1,1,0,0.0
834,security_findings,50,rare_event,Fixed projection,9687,89.87128681813904,1,1,0,46.61
834,security_findings,50,rare_event,Head-tail sampling,37712,60.568387373351875,0,0,0,0.461
834,security_findings,50,rare_event,Anomaly sampling,28349,70.35832662407596,1,1,0,59.219
834,security_findings,50,rare_event,Task-aware unverified,261,99.72709877769529,1,1,0,3.685
834,security_findings,50,rare_event,Pattern-retention guard,28347,70.36041782118174,1,1,0,61.322
834,security_findings,50,rare_event,Invariant-preserving gate,28349,70.35832662407596,1,1,0,61.853
835,security_findings,50,latest_state,Raw,95639,0.0,1,1,0,0.0
835,security_findings,50,latest_state,Fixed projection,9687,89.87128681813904,1,1,0,46.62
835,security_findings,50,latest_state,Head-tail sampling,37712,60.568387373351875,0,0,0,0.481
835,security_findings,50,latest_state,Anomaly sampling,28349,70.35832662407596,0,0,0,53.761
835,security_findings,50,latest_state,Task-aware unverified,176,99.81597465469108,1,0,0,3.035
835,security_findings,50,latest_state,Pattern-retention guard,43432,54.58756365081191,1,1,1,63.596
835,security_findings,50,latest_state,Invariant-preserving gate,818,99.14470038373467,1,1,1,74.923
836,security_findings,50,aggregation,Raw,95639,0.0,1,1,0,0.0
836,security_findings,50,aggregation,Fixed projection,9687,89.87128681813904,0,0,0,44.667
836,security_findings,50,aggregation,Head-tail sampling,37712,60.568387373351875,0,0,0,0.501
836,security_findings,50,aggregation,Anomaly sampling,28349,70.35832662407596,0,0,0,54.772
836,security_findings,50,aggregation,Task-aware unverified,473,99.50543188448228,1,1,0,8.953
836,security_findings,50,aggregation,Pattern-retention guard,43494,54.522736540532634,1,1,1,76.515
836,security_findings,50,aggregation,Invariant-preserving gate,469,99.50961427869383,1,1,1,74.762
837,security_findings,50,join,Raw,95639,0.0,1,1,0,0.0
837,security_findings,50,join,Fixed projection,9687,89.87128681813904,0,0,0,45.879
837,security_findings,50,join,Head-tail sampling,37712,60.568387373351875,0,0,0,0.481
837,security_findings,50,join,Anomaly sampling,28349,70.35832662407596,0,0,0,53.079
837,security_findings,50,join,Task-aware unverified,822,99.1405179895231,1,1,0,8.473
837,security_findings,50,join,Pattern-retention guard,39680,58.510649421261206,1,1,1,60.651
837,security_findings,50,join,Invariant-preserving gate,818,99.14470038373467,1,1,1,72.79
838,security_findings,50,negative_evidence,Raw,95639,0.0,1,1,0,0.0
838,security_findings,50,negative_evidence,Fixed projection,9687,89.87128681813904,1,1,0,44.948
838,security_findings,50,negative_evidence,Head-tail sampling,37712,60.568387373351875,0,0,0,0.461
838,security_findings,50,negative_evidence,Anomaly sampling,28349,70.35832662407596,0,0,0,52.969
838,security_findings,50,negative_evidence,Task-aware unverified,83,99.91321532011,0,0,0,0.491
838,security_findings,50,negative_evidence,Pattern-retention guard,34011,64.43814761760369,1,1,1,62.804
838,security_findings,50,negative_evidence,Invariant-preserving gate,321,99.66436286452179,1,1,1,67.201
839,security_findings,50,threshold,Raw,95639,0.0,1,1,0,0.0
839,security_findings,50,threshold,Fixed projection,9687,89.87128681813904,0,0,0,45.258
839,security_findings,50,threshold,Head-tail sampling,37712,60.568387373351875,0,0,0,0.501
839,security_findings,50,threshold,Anomaly sampling,28349,70.35832662407596,1,1,0,53.771
839,security_findings,50,threshold,Task-aware unverified,186,99.80551866916217,1,1,0,3.145
839,security_findings,50,threshold,Pattern-retention guard,47236,50.61010675561225,1,1,1,61.492
839,security_findings,50,threshold,Invariant-preserving gate,28349,70.35832662407596,1,1,0,58.798
840,security_findings,50,provenance,Raw,95639,0.0,1,1,0,0.0
840,security_findings,50,provenance,Fixed projection,9687,89.87128681813904,0,0,0,44.698
840,security_findings,50,provenance,Head-tail sampling,37712,60.568387373351875,0,0,0,0.471
840,security_findings,50,provenance,Anomaly sampling,28349,70.35832662407596,1,1,0,53.4
840,security_findings,50,provenance,Task-aware unverified,770,99.19488911427347,1,1,0,5.649
840,security_findings,50,provenance,Pattern-retention guard,28347,70.36041782118174,1,1,0,62.604
840,security_findings,50,provenance,Invariant-preserving gate,28349,70.35832662407596,1,1,0,60.321
841,security_findings,100,lookup,Raw,190207,0.0,1,1,0,0.0
841,security_findings,100,lookup,Fixed projection,19301,89.85263423533308,0,0,0,93.961
841,security_findings,100,lookup,Head-tail sampling,37644,80.20893027070507,0,0,0,0.541
841,security_findings,100,lookup,Anomaly sampling,52863,72.20764745776968,0,0,0,100.431
841,security_findings,100,lookup,Task-aware unverified,446,99.76551861918857,1,1,0,4.797
841,security_findings,100,lookup,Pattern-retention guard,54739,71.22135357794403,1,1,1,106.379
841,security_findings,100,lookup,Invariant-preserving gate,442,99.76762159121378,1,1,1,98.408
842,security_findings,100,rare_event,Raw,190207,0.0,1,1,0,0.0
842,security_findings,100,rare_event,Fixed projection,19301,89.85263423533308,1,1,0,94.062
842,security_findings,100,rare_event,Head-tail sampling,37644,80.20893027070507,0,0,0,0.471
842,security_findings,100,rare_event,Anomaly sampling,52863,72.20764745776968,1,1,0,88.212
842,security_findings,100,rare_event,Task-aware unverified,782,99.58886896907055,1,1,0,9.194
842,security_findings,100,rare_event,Pattern-retention guard,52861,72.2086989437823,1,1,0,100.1
842,security_findings,100,rare_event,Invariant-preserving gate,52863,72.20764745776968,1,1,0,98.878
843,security_findings,100,latest_state,Raw,190207,0.0,1,1,0,0.0
843,security_findings,100,latest_state,Fixed projection,19301,89.85263423533308,1,1,0,88.763
843,security_findings,100,latest_state,Head-tail sampling,37644,80.20893027070507,0,0,0,0.481
843,security_findings,100,latest_state,Anomaly sampling,52863,72.20764745776968,0,0,0,89.435
843,security_findings,100,latest_state,Task-aware unverified,174,99.90852071690315,0,0,0,4.667
843,security_findings,100,latest_state,Pattern-retention guard,67996,64.25157854337643,1,1,1,100.821
843,security_findings,100,latest_state,Invariant-preserving gate,1010,99.4689995636333,1,1,1,109.945
844,security_findings,100,aggregation,Raw,190207,0.0,1,1,0,0.0
844,security_findings,100,aggregation,Fixed projection,19301,89.85263423533308,0,0,0,89.815
844,security_findings,100,aggregation,Head-tail sampling,37644,80.20893027070507,0,0,0,0.451
844,security_findings,100,aggregation,Anomaly sampling,52863,72.20764745776968,0,0,0,88.412
844,security_findings,100,aggregation,Task-aware unverified,767,99.59675511416509,1,1,0,14.973
844,security_findings,100,aggregation,Pattern-retention guard,77414,59.30013091000856,1,1,1,104.768
844,security_findings,100,aggregation,Invariant-preserving gate,763,99.59885808619032,1,1,1,114.723
845,security_findings,100,join,Raw,190207,0.0,1,1,0,0.0
845,security_findings,100,join,Fixed projection,19301,89.85263423533308,0,0,0,91.968
845,security_findings,100,join,Head-tail sampling,37644,80.20893027070507,0,0,0,0.491
845,security_findings,100,join,Anomaly sampling,52863,72.20764745776968,0,0,0,87.01
845,security_findings,100,join,Task-aware unverified,729,99.61673334840462,1,1,0,10.065
845,security_findings,100,join,Pattern-retention guard,64205,66.2446702802736,1,1,1,103.345
845,security_findings,100,join,Invariant-preserving gate,725,99.61883632042985,1,1,1,111.347
846,security_findings,100,negative_evidence,Raw,190207,0.0,1,1,0,0.0
846,security_findings,100,negative_evidence,Fixed projection,19301,89.85263423533308,1,1,0,93.261
846,security_findings,100,negative_evidence,Head-tail sampling,37644,80.20893027070507,0,0,0,0.481
846,security_findings,100,negative_evidence,Anomaly sampling,52863,72.20764745776968,0,0,0,86.981
846,security_findings,100,negative_evidence,Task-aware unverified,83,99.95636333047679,0,0,0,0.46
846,security_findings,100,negative_evidence,Pattern-retention guard,58547,69.2193242099397,1,1,1,103.386
846,security_findings,100,negative_evidence,Invariant-preserving gate,240,99.87382167848712,1,1,1,115.834
847,security_findings,100,threshold,Raw,190207,0.0,1,1,0,0.0
847,security_findings,100,threshold,Fixed projection,19301,89.85263423533308,0,0,0,89.575
847,security_findings,100,threshold,Head-tail sampling,37644,80.20893027070507,0,0,0,0.48
847,security_findings,100,threshold,Anomaly sampling,52863,72.20764745776968,1,1,0,91.137
847,security_findings,100,threshold,Task-aware unverified,186,99.90221180082753,1,1,0,4.867
847,security_findings,100,threshold,Pattern-retention guard,81286,57.2644539896008,1,1,1,105.068
847,security_findings,100,threshold,Invariant-preserving gate,52863,72.20764745776968,1,1,0,97.337
848,security_findings,100,provenance,Raw,190207,0.0,1,1,0,0.0
848,security_findings,100,provenance,Fixed projection,19301,89.85263423533308,0,0,0,92.529
848,security_findings,100,provenance,Head-tail sampling,37644,80.20893027070507,0,0,0,0.501
848,security_findings,100,provenance,Anomaly sampling,52863,72.20764745776968,1,1,0,88.563
848,security_findings,100,provenance,Task-aware unverified,1018,99.46479361958288,1,1,0,8.493
848,security_findings,100,provenance,Pattern-retention guard,52861,72.2086989437823,1,1,0,99.47
848,security_findings,100,provenance,Invariant-preserving gate,52863,72.20764745776968,1,1,0,97.907
849,security_findings,100,lookup,Raw,189888,0.0,1,1,0,0.0
849,security_findings,100,lookup,Fixed projection,19305,89.83348078867543,0,0,0,91.448
849,security_findings,100,lookup,Head-tail sampling,37730,80.13039265251095,0,0,0,0.491
849,security_findings,100,lookup,Anomaly sampling,60386,68.19914897202561,1,1,0,93.43
849,security_findings,100,lookup,Task-aware unverified,451,99.76249157398045,1,1,0,4.647
849,security_findings,100,lookup,Pattern-retention guard,60384,68.20020222446917,1,1,0,102.433
849,security_findings,100,lookup,Invariant-preserving gate,60386,68.19914897202561,1,1,0,96.635
850,security_findings,100,rare_event,Raw,189888,0.0,1,1,0,0.0
850,security_findings,100,rare_event,Fixed projection,19305,89.83348078867543,1,1,0,92.519
850,security_findings,100,rare_event,Head-tail sampling,37730,80.13039265251095,0,0,0,0.521
850,security_findings,100,rare_event,Anomaly sampling,60386,68.19914897202561,1,1,0,99.249
850,security_findings,100,rare_event,Task-aware unverified,624,99.67138523761375,1,1,0,8.083
850,security_findings,100,rare_event,Pattern-retention guard,60384,68.20020222446917,1,1,0,107.341
850,security_findings,100,rare_event,Invariant-preserving gate,60386,68.19914897202561,1,1,0,101.783
851,security_findings,100,latest_state,Raw,189888,0.0,1,1,0,0.0
851,security_findings,100,latest_state,Fixed projection,19305,89.83348078867543,1,1,0,90.065
851,security_findings,100,latest_state,Head-tail sampling,37730,80.13039265251095,0,0,0,0.511
851,security_findings,100,latest_state,Anomaly sampling,60386,68.19914897202561,0,0,0,121.522
851,security_findings,100,latest_state,Task-aware unverified,176,99.90731378496798,1,0,0,5.018
851,security_findings,100,latest_state,Pattern-retention guard,71748,62.215621840242676,1,1,1,106.701
851,security_findings,100,latest_state,Invariant-preserving gate,915,99.51813700707785,1,1,1,119.119
852,security_findings,100,aggregation,Raw,189888,0.0,1,1,0,0.0
852,security_findings,100,aggregation,Fixed projection,19305,89.83348078867543,0,0,0,91.868
852,security_findings,100,aggregation,Head-tail sampling,37730,80.13039265251095,0,0,0,0.461
852,security_findings,100,aggregation,Anomaly sampling,60386,68.19914897202561,0,0,0,93.05
852,security_findings,100,aggregation,Task-aware unverified,552,99.70930232558139,1,1,0,11.597
852,security_findings,100,aggregation,Pattern-retention guard,75504,60.23761375126391,1,1,1,112.339
852,security_findings,100,aggregation,Invariant-preserving gate,548,99.71140883046849,1,1,1,126.861
853,security_findings,100,join,Raw,189888,0.0,1,1,0,0.0
853,security_findings,100,join,Fixed projection,19305,89.83348078867543,0,0,0,91.337
853,security_findings,100,join,Head-tail sampling,37730,80.13039265251095,0,0,0,0.471
853,security_findings,100,join,Anomaly sampling,60386,68.19914897202561,0,0,0,96.705
853,security_findings,100,join,Task-aware unverified,1374,99.27641557128413,1,1,0,14.682
853,security_findings,100,join,Pattern-retention guard,79281,58.24854651162791,1,1,1,113.721
853,security_findings,100,join,Invariant-preserving gate,1370,99.27852207617121,1,1,1,129.725
854,security_findings,100,negative_evidence,Raw,189888,0.0,1,1,0,0.0
854,security_findings,100,negative_evidence,Fixed projection,19305,89.83348078867543,1,1,0,92.429
854,security_findings,100,negative_evidence,Head-tail sampling,37730,80.13039265251095,0,0,0,0.501
854,security_findings,100,negative_evidence,Anomaly sampling,60386,68.19914897202561,0,0,0,94.632
854,security_findings,100,negative_evidence,Task-aware unverified,83,99.95629002359286,0,0,0,0.471
854,security_findings,100,negative_evidence,Pattern-retention guard,67907,64.23839315807213,1,1,1,104.978
854,security_findings,100,negative_evidence,Invariant-preserving gate,357,99.8119944388271,1,1,1,112.829
855,security_findings,100,threshold,Raw,189888,0.0,1,1,0,0.0
855,security_findings,100,threshold,Fixed projection,19305,89.83348078867543,0,0,0,91.237
855,security_findings,100,threshold,Head-tail sampling,37730,80.13039265251095,0,0,0,0.692
855,security_findings,100,threshold,Anomaly sampling,60386,68.19914897202561,1,1,0,91.348
855,security_findings,100,threshold,Task-aware unverified,186,99.90204752275025,1,1,0,4.868
855,security_findings,100,threshold,Pattern-retention guard,92588,51.2407313784968,1,1,1,112.679
855,security_findings,100,threshold,Invariant-preserving gate,60386,68.19914897202561,1,1,0,102.063
856,security_findings,100,provenance,Raw,189888,0.0,1,1,0,0.0
856,security_findings,100,provenance,Fixed projection,19305,89.83348078867543,0,0,0,91.597
856,security_findings,100,provenance,Head-tail sampling,37730,80.13039265251095,0,0,0,0.53
856,security_findings,100,provenance,Anomaly sampling,60386,68.19914897202561,1,1,0,98.117
856,security_findings,100,provenance,Task-aware unverified,1441,99.24113161442534,1,1,0,11.918
856,security_findings,100,provenance,Pattern-retention guard,60384,68.20020222446917,1,1,0,104.236
856,security_findings,100,provenance,Invariant-preserving gate,60386,68.19914897202561,1,1,0,109.064
857,security_findings,100,lookup,Raw,189552,0.0,1,1,0,0.0
857,security_findings,100,lookup,Fixed projection,19245,89.84711319321347,0,0,0,90.897
857,security_findings,100,lookup,Head-tail sampling,37808,80.05402211530345,0,0,0,0.55
857,security_findings,100,lookup,Anomaly sampling,47093,75.15563011732928,0,0,0,131.187
857,security_findings,100,lookup,Task-aware unverified,449,99.76312568582763,1,1,0,4.627
857,security_findings,100,lookup,Pattern-retention guard,48995,74.15221153034524,1,1,1,114.862
857,security_findings,100,lookup,Invariant-preserving gate,445,99.76523592470667,1,1,1,111.487
858,security_findings,100,rare_event,Raw,189552,0.0,1,1,0,0.0
858,security_findings,100,rare_event,Fixed projection,19245,89.84711319321347,1,1,0,89.674
858,security_findings,100,rare_event,Head-tail sampling,37808,80.05402211530345,0,0,0,0.651
858,security_findings,100,rare_event,Anomaly sampling,47093,75.15563011732928,1,1,0,101.392
858,security_findings,100,rare_event,Task-aware unverified,267,99.859141554824,1,1,0,4.957
858,security_findings,100,rare_event,Pattern-retention guard,47091,75.15668523676881,1,1,0,105.007
858,security_findings,100,rare_event,Invariant-preserving gate,47093,75.15563011732928,1,1,0,101.513
859,security_findings,100,latest_state,Raw,189552,0.0,1,1,0,0.0
859,security_findings,100,latest_state,Fixed projection,19245,89.84711319321347,1,1,0,91.838
859,security_findings,100,latest_state,Head-tail sampling,37808,80.05402211530345,0,0,0,0.651
859,security_findings,100,latest_state,Anomaly sampling,47093,75.15563011732928,0,0,0,108.392
859,security_findings,100,latest_state,Task-aware unverified,174,99.90820460876171,0,0,0,4.617
859,security_findings,100,latest_state,Pattern-retention guard,62187,67.19264370726766,1,1,1,118.658
859,security_findings,100,latest_state,Invariant-preserving gate,1099,99.42021186798345,1,1,1,119.689
860,security_findings,100,aggregation,Raw,189552,0.0,1,1,0,0.0
860,security_findings,100,aggregation,Fixed projection,19245,89.84711319321347,0,0,0,90.646
860,security_findings,100,aggregation,Head-tail sampling,37808,80.05402211530345,0,0,0,0.501
860,security_findings,100,aggregation,Anomaly sampling,47093,75.15563011732928,0,0,0,96.765
860,security_findings,100,aggregation,Task-aware unverified,828,99.56318055203849,1,1,0,16.135
860,security_findings,100,aggregation,Pattern-retention guard,73494,61.22752595593821,1,1,1,111.237
860,security_findings,100,aggregation,Invariant-preserving gate,824,99.56529079091753,1,1,1,127.291
861,security_findings,100,join,Raw,189552,0.0,1,1,0,0.0
861,security_findings,100,join,Fixed projection,19245,89.84711319321347,0,0,0,90.416
861,security_findings,100,join,Head-tail sampling,37808,80.05402211530345,0,0,0,0.54
861,security_findings,100,join,Anomaly sampling,47093,75.15563011732928,0,0,0,98.017
861,security_findings,100,join,Task-aware unverified,1186,99.37431417236431,1,1,0,13.34
861,security_findings,100,join,Pattern-retention guard,64084,66.19186291888242,1,1,1,116.264
861,security_findings,100,join,Invariant-preserving gate,1182,99.37642441124336,1,1,1,143.886
862,security_findings,100,negative_evidence,Raw,189552,0.0,1,1,0,0.0
862,security_findings,100,negative_evidence,Fixed projection,19245,89.84711319321347,1,1,0,91.668
862,security_findings,100,negative_evidence,Head-tail sampling,37808,80.05402211530345,0,0,0,0.531
862,security_findings,100,negative_evidence,Anomaly sampling,47093,75.15563011732928,0,0,0,101.863
862,security_findings,100,negative_evidence,Task-aware unverified,83,99.9562125432599,0,0,0,0.471
862,security_findings,100,negative_evidence,Pattern-retention guard,48992,74.15379420950453,1,1,1,117.086
862,security_findings,100,negative_evidence,Invariant-preserving gate,198,99.89554317548746,1,1,1,115.764
863,security_findings,100,threshold,Raw,189552,0.0,1,1,0,0.0
863,security_findings,100,threshold,Fixed projection,19245,89.84711319321347,0,0,0,90.276
863,security_findings,100,threshold,Head-tail sampling,37808,80.05402211530345,0,0,0,0.531
863,security_findings,100,threshold,Anomaly sampling,47093,75.15563011732928,1,1,0,95.633
863,security_findings,100,threshold,Task-aware unverified,186,99.9018738921246,1,1,0,4.927
863,security_findings,100,threshold,Pattern-retention guard,75266,60.292690132523006,1,1,1,114.492
863,security_findings,100,threshold,Invariant-preserving gate,47093,75.15563011732928,1,1,0,107.392
864,security_findings,100,provenance,Raw,189552,0.0,1,1,0,0.0
864,security_findings,100,provenance,Fixed projection,19245,89.84711319321347,0,0,0,91.908
864,security_findings,100,provenance,Head-tail sampling,37808,80.05402211530345,0,0,0,0.551
864,security_findings,100,provenance,Anomaly sampling,47093,75.15563011732928,1,1,0,95.333
864,security_findings,100,provenance,Task-aware unverified,1033,99.45503080948764,1,1,0,8.783
864,security_findings,100,provenance,Pattern-retention guard,47091,75.15668523676881,1,1,0,107.812
864,security_findings,100,provenance,Invariant-preserving gate,47093,75.15563011732928,1,1,0,109.724
865,security_findings,100,lookup,Raw,190046,0.0,1,1,0,0.0
865,security_findings,100,lookup,Fixed projection,19234,89.8792923818444,0,0,0,92.168
865,security_findings,100,lookup,Head-tail sampling,37782,80.11955000368332,0,0,0,0.541
865,security_findings,100,lookup,Anomaly sampling,41664,78.07688664849563,0,0,0,91.598
865,security_findings,100,lookup,Task-aware unverified,445,99.7658461635604,1,1,0,4.457
865,security_findings,100,lookup,Pattern-retention guard,43546,77.0866000862949,1,1,1,97.647
865,security_findings,100,lookup,Invariant-preserving gate,441,99.76795091714638,1,1,1,97.947
866,security_findings,100,rare_event,Raw,190046,0.0,1,1,0,0.0
866,security_findings,100,rare_event,Fixed projection,19234,89.8792923818444,1,1,0,93.32
866,security_findings,100,rare_event,Head-tail sampling,37782,80.11955000368332,0,0,0,0.481
866,security_findings,100,rare_event,Anomaly sampling,41664,78.07688664849563,1,1,0,87.742
866,security_findings,100,rare_event,Task-aware unverified,350,99.81583406122728,1,1,0,6.219
866,security_findings,100,rare_event,Pattern-retention guard,41662,78.07793902528861,1,1,0,147.812
866,security_findings,100,rare_event,Invariant-preserving gate,41664,78.07688664849563,1,1,0,96.324
867,security_findings,100,latest_state,Raw,190046,0.0,1,1,0,0.0
867,security_findings,100,latest_state,Fixed projection,19234,89.8792923818444,1,1,0,92.77
867,security_findings,100,latest_state,Head-tail sampling,37782,80.11955000368332,0,0,0,0.451
867,security_findings,100,latest_state,Anomaly sampling,41664,78.07688664849563,0,0,0,83.025
867,security_findings,100,latest_state,Task-aware unverified,176,99.90739084221715,0,0,0,4.647
867,security_findings,100,latest_state,Pattern-retention guard,52987,72.11885543499994,1,1,1,94.412
867,security_findings,100,latest_state,Invariant-preserving gate,730,99.61588247055975,1,1,1,114.061
868,security_findings,100,aggregation,Raw,190046,0.0,1,1,0,0.0
868,security_findings,100,aggregation,Fixed projection,19234,89.8792923818444,0,0,0,91.688
868,security_findings,100,aggregation,Head-tail sampling,37782,80.11955000368332,0,0,0,0.54
868,security_findings,100,aggregation,Anomaly sampling,41664,78.07688664849563,0,0,0,91.888
868,security_findings,100,aggregation,Task-aware unverified,825,99.56589457289287,1,1,0,18.087
868,security_findings,100,aggregation,Pattern-retention guard,71879,62.17810424844512,1,1,1,103.315
868,security_findings,100,aggregation,Invariant-preserving gate,821,99.56799932647885,1,1,1,117.166
869,security_findings,100,join,Raw,190046,0.0,1,1,0,0.0
869,security_findings,100,join,Fixed projection,19234,89.8792923818444,0,0,0,89.995
869,security_findings,100,join,Head-tail sampling,37782,80.11955000368332,0,0,0,0.471
869,security_findings,100,join,Anomaly sampling,41664,78.07688664849563,0,0,0,83.335
869,security_findings,100,join,Task-aware unverified,1005,99.47118066152404,1,1,0,11.447
869,security_findings,100,join,Pattern-retention guard,58589,69.17114803784348,1,1,1,112.419
869,security_findings,100,join,Invariant-preserving gate,1001,99.47328541511003,1,1,1,114.732
870,security_findings,100,negative_evidence,Raw,190046,0.0,1,1,0,0.0
870,security_findings,100,negative_evidence,Fixed projection,19234,89.8792923818444,1,1,0,89.845
870,security_findings,100,negative_evidence,Head-tail sampling,37782,80.11955000368332,0,0,0,0.481
870,security_findings,100,negative_evidence,Anomaly sampling,41664,78.07688664849563,0,0,0,85.378
870,security_findings,100,negative_evidence,Task-aware unverified,83,99.95632636309104,0,0,0,0.45
870,security_findings,100,negative_evidence,Pattern-retention guard,47301,75.11076265746188,1,1,1,95.924
870,security_findings,100,negative_evidence,Invariant-preserving gate,315,99.83425065510455,1,1,1,102.324
871,security_findings,100,threshold,Raw,190046,0.0,1,1,0,0.0
871,security_findings,100,threshold,Fixed projection,19234,89.8792923818444,0,0,0,89.865
871,security_findings,100,threshold,Head-tail sampling,37782,80.11955000368332,0,0,0,0.48
871,security_findings,100,threshold,Anomaly sampling,41664,78.07688664849563,1,1,0,85.479
871,security_findings,100,threshold,Task-aware unverified,186,99.9021289582522,1,1,0,4.677
871,security_findings,100,threshold,Pattern-retention guard,64305,66.16345516348674,1,1,1,96.044
871,security_findings,100,threshold,Invariant-preserving gate,41664,78.07688664849563,1,1,0,92.278
872,security_findings,100,provenance,Raw,190046,0.0,1,1,0,0.0
872,security_findings,100,provenance,Fixed projection,19234,89.8792923818444,0,0,0,89.794
872,security_findings,100,provenance,Head-tail sampling,37782,80.11955000368332,0,0,0,0.5
872,security_findings,100,provenance,Anomaly sampling,41664,78.07688664849563,1,1,0,100.822
872,security_findings,100,provenance,Task-aware unverified,1033,99.45644738642223,1,1,0,8.472
872,security_findings,100,provenance,Pattern-retention guard,41662,78.07793902528861,1,1,0,100.46
872,security_findings,100,provenance,Invariant-preserving gate,41664,78.07688664849563,1,1,0,116.035
873,security_findings,100,lookup,Raw,190148,0.0,1,1,0,0.0
873,security_findings,100,lookup,Fixed projection,19316,89.84159707175463,0,0,0,95.494
873,security_findings,100,lookup,Head-tail sampling,37794,80.12390348570587,0,0,0,0.531
873,security_findings,100,lookup,Anomaly sampling,49124,74.16538696173507,1,1,0,119.69
873,security_findings,100,lookup,Task-aware unverified,437,99.77017901844879,1,1,0,4.607
873,security_findings,100,lookup,Pattern-retention guard,49122,74.16643877400762,1,1,0,122.464
873,security_findings,100,lookup,Invariant-preserving gate,49124,74.16538696173507,1,1,0,101.803
874,security_findings,100,rare_event,Raw,190148,0.0,1,1,0,0.0
874,security_findings,100,rare_event,Fixed projection,19316,89.84159707175463,1,1,0,90.375
874,security_findings,100,rare_event,Head-tail sampling,37794,80.12390348570587,0,0,0,0.471
874,security_findings,100,rare_event,Anomaly sampling,49124,74.16538696173507,1,1,0,97.536
874,security_findings,100,rare_event,Task-aware unverified,540,99.71601068641269,1,1,0,7.521
874,security_findings,100,rare_event,Pattern-retention guard,49122,74.16643877400762,1,1,0,106.65
874,security_findings,100,rare_event,Invariant-preserving gate,49124,74.16538696173507,1,1,0,111.697
875,security_findings,100,latest_state,Raw,190148,0.0,1,1,0,0.0
875,security_findings,100,latest_state,Fixed projection,19316,89.84159707175463,1,1,0,93.48
875,security_findings,100,latest_state,Head-tail sampling,37794,80.12390348570587,0,0,0,0.511
875,security_findings,100,latest_state,Anomaly sampling,49124,74.16538696173507,0,0,0,107.512
875,security_findings,100,latest_state,Task-aware unverified,174,99.90849233228853,0,0,0,5.108
875,security_findings,100,latest_state,Pattern-retention guard,70013,63.17973368113259,1,1,1,118.939
875,security_findings,100,latest_state,Invariant-preserving gate,1283,99.325262427162,1,1,1,121.292
876,security_findings,100,aggregation,Raw,190148,0.0,1,1,0,0.0
876,security_findings,100,aggregation,Fixed projection,19316,89.84159707175463,0,0,0,90.636
876,security_findings,100,aggregation,Head-tail sampling,37794,80.12390348570587,0,0,0,0.501
876,security_findings,100,aggregation,Anomaly sampling,49124,74.16538696173507,0,0,0,97.096
876,security_findings,100,aggregation,Task-aware unverified,594,99.68761175505396,1,1,0,12.218
876,security_findings,100,aggregation,Pattern-retention guard,66112,65.23129351873278,1,1,1,111.548
876,security_findings,100,aggregation,Invariant-preserving gate,590,99.68971537959905,1,1,1,115.293
877,security_findings,100,join,Raw,190148,0.0,1,1,0,0.0
877,security_findings,100,join,Fixed projection,19316,89.84159707175463,0,0,0,89.755
877,security_findings,100,join,Head-tail sampling,37794,80.12390348570587,0,0,0,0.47
877,security_findings,100,join,Anomaly sampling,49124,74.16538696173507,0,0,0,97.587
877,security_findings,100,join,Task-aware unverified,1093,99.42518459305383,1,1,0,12.689
877,security_findings,100,join,Pattern-retention guard,66164,65.2039463996466,1,1,1,108.703
877,security_findings,100,join,Invariant-preserving gate,1089,99.42728821759891,1,1,1,125.088
878,security_findings,100,negative_evidence,Raw,190148,0.0,1,1,0,0.0
878,security_findings,100,negative_evidence,Fixed projection,19316,89.84159707175463,1,1,0,91.938
878,security_findings,100,negative_evidence,Head-tail sampling,37794,80.12390348570587,0,0,0,0.47
878,security_findings,100,negative_evidence,Anomaly sampling,49124,74.16538696173507,0,0,0,92.969
878,security_findings,100,negative_evidence,Task-aware unverified,83,99.95634979068936,0,0,0,0.471
878,security_findings,100,negative_evidence,Pattern-retention guard,58580,69.19241853713949,1,1,1,110.526
878,security_findings,100,negative_evidence,Invariant-preserving gate,364,99.8085701663967,1,1,1,112.249
879,security_findings,100,threshold,Raw,190148,0.0,1,1,0,0.0
879,security_findings,100,threshold,Fixed projection,19316,89.84159707175463,0,0,0,92.629
879,security_findings,100,threshold,Head-tail sampling,37794,80.12390348570587,0,0,0,0.51
879,security_findings,100,threshold,Anomaly sampling,49124,74.16538696173507,1,1,0,101.162
879,security_findings,100,threshold,Task-aware unverified,186,99.90218145865326,1,1,0,4.837
879,security_findings,100,threshold,Pattern-retention guard,73720,61.23019963396933,1,1,1,109.865
879,security_findings,100,threshold,Invariant-preserving gate,49124,74.16538696173507,1,1,0,103.165
880,security_findings,100,provenance,Raw,190148,0.0,1,1,0,0.0
880,security_findings,100,provenance,Fixed projection,19316,89.84159707175463,0,0,0,89.985
880,security_findings,100,provenance,Head-tail sampling,37794,80.12390348570587,0,0,0,0.541
880,security_findings,100,provenance,Anomaly sampling,49124,74.16538696173507,1,1,0,92.619
880,security_findings,100,provenance,Task-aware unverified,1023,99.46199802259292,1,1,0,8.472
880,security_findings,100,provenance,Pattern-retention guard,49122,74.16643877400762,1,1,0,111.218
880,security_findings,100,provenance,Invariant-preserving gate,49124,74.16538696173507,1,1,0,111.798
881,security_findings,250,lookup,Raw,473201,0.0,1,1,0,0.0
881,security_findings,250,lookup,Fixed projection,48050,89.84575265056498,0,0,0,234.362
881,security_findings,250,lookup,Head-tail sampling,37806,92.0105832405257,0,0,0,0.551
881,security_findings,250,lookup,Anomaly sampling,102068,78.43030762825944,0,0,0,191.618
881,security_findings,250,lookup,Task-aware unverified,448,99.90532564385958,1,1,0,9.053
881,security_findings,250,lookup,Pattern-retention guard,103958,78.03090018829208,1,1,1,200.922
881,security_findings,250,lookup,Invariant-preserving gate,444,99.90617095061084,1,1,1,200.861
882,security_findings,250,rare_event,Raw,473201,0.0,1,1,0,0.0
882,security_findings,250,rare_event,Fixed projection,48050,89.84575265056498,1,1,0,244.227
882,security_findings,250,rare_event,Head-tail sampling,37806,92.0105832405257,0,0,0,0.511
882,security_findings,250,rare_event,Anomaly sampling,102068,78.43030762825944,1,1,0,176.485
882,security_findings,250,rare_event,Task-aware unverified,875,99.81508914816325,1,1,0,15.043
882,security_findings,250,rare_event,Pattern-retention guard,102066,78.43073028163508,1,1,0,223.887
882,security_findings,250,rare_event,Invariant-preserving gate,102068,78.43030762825944,1,1,0,213.691
883,security_findings,250,latest_state,Raw,473201,0.0,1,1,0,0.0
883,security_findings,250,latest_state,Fixed projection,48050,89.84575265056498,1,1,0,231.558
883,security_findings,250,latest_state,Head-tail sampling,37806,92.0105832405257,0,0,0,0.54
883,security_findings,250,latest_state,Anomaly sampling,102068,78.43030762825944,0,0,0,180.401
883,security_findings,250,latest_state,Task-aware unverified,174,99.96322915632047,0,0,0,9.244
883,security_findings,250,latest_state,Pattern-retention guard,122894,74.0292180278571,1,1,1,226.67
883,security_findings,250,latest_state,Invariant-preserving gate,1196,99.74725328137515,1,1,1,217.546
884,security_findings,250,aggregation,Raw,473201,0.0,1,1,0,0.0
884,security_findings,250,aggregation,Fixed projection,48050,89.84575265056498,0,0,0,236.756
884,security_findings,250,aggregation,Head-tail sampling,37806,92.0105832405257,0,0,0,0.531
884,security_findings,250,aggregation,Anomaly sampling,102068,78.43030762825944,0,0,0,173.811
884,security_findings,250,aggregation,Task-aware unverified,1765,99.6270083960093,1,1,0,35.052
884,security_findings,250,aggregation,Pattern-retention guard,164389,65.26021711703906,1,1,1,215.794
884,security_findings,250,aggregation,Invariant-preserving gate,1761,99.62785370276056,1,1,1,239.65
885,security_findings,250,join,Raw,473201,0.0,1,1,0,0.0
885,security_findings,250,join,Fixed projection,48050,89.84575265056498,0,0,0,225.869
885,security_findings,250,join,Head-tail sampling,37806,92.0105832405257,0,0,0,0.521
885,security_findings,250,join,Anomaly sampling,102068,78.43030762825944,0,0,0,170.847
885,security_findings,250,join,Task-aware unverified,1374,99.70963713094434,1,1,0,19.61
885,security_findings,250,join,Pattern-retention guard,124773,73.63213518145567,1,1,1,206.21
885,security_findings,250,join,Invariant-preserving gate,1370,99.71048243769562,1,1,1,226.26
886,security_findings,250,negative_evidence,Raw,473201,0.0,1,1,0,0.0
886,security_findings,250,negative_evidence,Fixed projection,48050,89.84575265056498,1,1,0,231.838
886,security_findings,250,negative_evidence,Head-tail sampling,37806,92.0105832405257,0,0,0,0.511
886,security_findings,250,negative_evidence,Anomaly sampling,102068,78.43030762825944,0,0,0,181.062
886,security_findings,250,negative_evidence,Task-aware unverified,83,99.98245988491149,0,0,0,0.481
886,security_findings,250,negative_evidence,Pattern-retention guard,119061,74.83923322224594,1,1,1,201.733
886,security_findings,250,negative_evidence,Invariant-preserving gate,567,99.88017776800979,1,1,1,230.466
887,security_findings,250,threshold,Raw,473201,0.0,1,1,0,0.0
887,security_findings,250,threshold,Fixed projection,48050,89.84575265056498,0,0,0,235.393
887,security_findings,250,threshold,Head-tail sampling,37806,92.0105832405257,0,0,0,0.471
887,security_findings,250,threshold,Anomaly sampling,102068,78.43030762825944,1,1,0,186.25
887,security_findings,250,threshold,Task-aware unverified,186,99.9606932360667,1,1,0,9.915
887,security_findings,250,threshold,Pattern-retention guard,168208,64.4531604962796,1,1,1,210.967
887,security_findings,250,threshold,Invariant-preserving gate,102068,78.43030762825944,1,1,0,194.472
888,security_findings,250,provenance,Raw,473201,0.0,1,1,0,0.0
888,security_findings,250,provenance,Fixed projection,48050,89.84575265056498,0,0,0,227.542
888,security_findings,250,provenance,Head-tail sampling,37806,92.0105832405257,0,0,0,0.51
888,security_findings,250,provenance,Anomaly sampling,102068,78.43030762825944,1,1,0,175.454
888,security_findings,250,provenance,Task-aware unverified,1424,99.69907079655368,1,1,0,14.843
888,security_findings,250,provenance,Pattern-retention guard,102066,78.43073028163508,1,1,0,210.106
888,security_findings,250,provenance,Invariant-preserving gate,102068,78.43030762825944,1,1,0,194.142
889,security_findings,250,lookup,Raw,473325,0.0,1,1,0,0.0
889,security_findings,250,lookup,Fixed projection,48119,89.83383510273069,0,0,0,237.767
889,security_findings,250,lookup,Head-tail sampling,37783,92.01753551999154,0,0,0,0.531
889,security_findings,250,lookup,Anomaly sampling,94233,80.09126921248614,0,0,0,191.538
889,security_findings,250,lookup,Task-aware unverified,449,99.90513917498548,1,1,0,8.974
889,security_findings,250,lookup,Pattern-retention guard,96105,79.69576929171288,1,1,1,217.697
889,security_findings,250,lookup,Invariant-preserving gate,445,99.90598426028627,1,1,1,218.939
890,security_findings,250,rare_event,Raw,473325,0.0,1,1,0,0.0
890,security_findings,250,rare_event,Fixed projection,48119,89.83383510273069,1,1,0,227.953
890,security_findings,250,rare_event,Head-tail sampling,37783,92.01753551999154,0,0,0,0.491
890,security_findings,250,rare_event,Anomaly sampling,94233,80.09126921248614,1,1,0,184.467
890,security_findings,250,rare_event,Task-aware unverified,980,99.7929541013046,1,1,0,15.584
890,security_findings,250,rare_event,Pattern-retention guard,94231,80.09169175513652,1,1,0,204.768
890,security_findings,250,rare_event,Invariant-preserving gate,94233,80.09126921248614,1,1,0,200.652
891,security_findings,250,latest_state,Raw,473325,0.0,1,1,0,0.0
891,security_findings,250,latest_state,Fixed projection,48119,89.83383510273069,1,1,0,236.245
891,security_findings,250,latest_state,Head-tail sampling,37783,92.01753551999154,0,0,0,0.491
891,security_findings,250,latest_state,Anomaly sampling,94233,80.09126921248614,0,0,0,195.624
891,security_findings,250,latest_state,Task-aware unverified,176,99.9628162467649,1,0,0,8.973
891,security_findings,250,latest_state,Pattern-retention guard,103669,78.09771298790471,1,1,1,206.921
891,security_findings,250,latest_state,Invariant-preserving gate,821,99.8265462420113,1,1,1,224.597
892,security_findings,250,aggregation,Raw,473325,0.0,1,1,0,0.0
892,security_findings,250,aggregation,Fixed projection,48119,89.83383510273069,0,0,0,234.422
892,security_findings,250,aggregation,Head-tail sampling,37783,92.01753551999154,0,0,0,0.56
892,security_findings,250,aggregation,Anomaly sampling,94233,80.09126921248614,0,0,0,189.494
892,security_findings,250,aggregation,Task-aware unverified,1811,99.61738763006392,1,1,0,39.79
892,security_findings,250,aggregation,Pattern-retention guard,152761,67.7259810912164,1,1,1,226.781
892,security_findings,250,aggregation,Invariant-preserving gate,1807,99.61823271536471,1,1,1,251.999
893,security_findings,250,join,Raw,473325,0.0,1,1,0,0.0
893,security_findings,250,join,Fixed projection,48119,89.83383510273069,0,0,0,239.85
893,security_findings,250,join,Head-tail sampling,37783,92.01753551999154,0,0,0,0.521
893,security_findings,250,join,Anomaly sampling,94233,80.09126921248614,0,0,0,181.463
893,security_findings,250,join,Task-aware unverified,361,99.92373105160303,1,1,0,11.117
893,security_findings,250,join,Pattern-retention guard,99885,78.89716368245921,1,1,1,202.153
893,security_findings,250,join,Invariant-preserving gate,357,99.92457613690382,1,1,1,212.519
894,security_findings,250,negative_evidence,Raw,473325,0.0,1,1,0,0.0
894,security_findings,250,negative_evidence,Fixed projection,48119,89.83383510273069,1,1,0,233.13
894,security_findings,250,negative_evidence,Head-tail sampling,37783,92.01753551999154,0,0,0,0.511
894,security_findings,250,negative_evidence,Anomaly sampling,94233,80.09126921248614,0,0,0,173.931
894,security_findings,250,negative_evidence,Task-aware unverified,83,99.98246448000845,0,0,0,0.481
894,security_findings,250,negative_evidence,Pattern-retention guard,96129,79.6906987799081,1,1,1,220.561
894,security_findings,250,negative_evidence,Invariant-preserving gate,161,99.9659853166429,1,1,1,212.619
895,security_findings,250,threshold,Raw,473325,0.0,1,1,0,0.0
895,security_findings,250,threshold,Fixed projection,48119,89.83383510273069,0,0,0,234.723
895,security_findings,250,threshold,Head-tail sampling,37783,92.01753551999154,0,0,0,0.481
895,security_findings,250,threshold,Anomaly sampling,94233,80.09126921248614,1,1,0,182.444
895,security_findings,250,threshold,Task-aware unverified,186,99.96070353351291,1,1,0,9.865
895,security_findings,250,threshold,Pattern-retention guard,175348,62.953995668937836,1,1,1,215.804
895,security_findings,250,threshold,Invariant-preserving gate,94233,80.09126921248614,1,1,0,258.078
896,security_findings,250,provenance,Raw,473325,0.0,1,1,0,0.0
896,security_findings,250,provenance,Fixed projection,48119,89.83383510273069,0,0,0,239.78
896,security_findings,250,provenance,Head-tail sampling,37783,92.01753551999154,0,0,0,0.54
896,security_findings,250,provenance,Anomaly sampling,94233,80.09126921248614,1,1,0,201.713
896,security_findings,250,provenance,Task-aware unverified,1840,99.61126076163312,1,1,0,16.946
896,security_findings,250,provenance,Pattern-retention guard,94231,80.09169175513652,1,1,0,210.676
896,security_findings,250,provenance,Invariant-preserving gate,94233,80.09126921248614,1,1,0,204.517
897,security_findings,250,lookup,Raw,472622,0.0,1,1,0,0.0
897,security_findings,250,lookup,Fixed projection,47968,89.8506628976222,0,0,0,256.655
897,security_findings,250,lookup,Head-tail sampling,37814,91.99910287714071,0,0,0,0.501
897,security_findings,250,lookup,Anomaly sampling,81327,82.79237953375002,0,0,0,186.721
897,security_findings,250,lookup,Task-aware unverified,440,99.90690234479139,1,1,0,9.104
897,security_findings,250,lookup,Pattern-retention guard,83246,82.3863468056925,1,1,1,200.361
897,security_findings,250,lookup,Invariant-preserving gate,436,99.90774868711148,1,1,1,210.476
898,security_findings,250,rare_event,Raw,472622,0.0,1,1,0,0.0
898,security_findings,250,rare_event,Fixed projection,47968,89.8506628976222,1,1,0,238.559
898,security_findings,250,rare_event,Head-tail sampling,37814,91.99910287714071,0,0,0,0.491
898,security_findings,250,rare_event,Anomaly sampling,81327,82.79237953375002,1,1,0,186.68
898,security_findings,250,rare_event,Task-aware unverified,967,99.79539674412109,1,1,0,14.822
898,security_findings,250,rare_event,Pattern-retention guard,81325,82.79280270491005,1,1,0,203.385
898,security_findings,250,rare_event,Invariant-preserving gate,81327,82.79237953375002,1,1,0,210.015
899,security_findings,250,latest_state,Raw,472622,0.0,1,1,0,0.0
899,security_findings,250,latest_state,Fixed projection,47968,89.8506628976222,1,1,0,234.191
899,security_findings,250,latest_state,Head-tail sampling,37814,91.99910287714071,0,0,0,0.521
899,security_findings,250,latest_state,Anomaly sampling,81327,82.79237953375002,0,0,0,182.284
899,security_findings,250,latest_state,Task-aware unverified,174,99.9631841090766,0,0,0,9.114
899,security_findings,250,latest_state,Pattern-retention guard,102013,78.4155202254656,1,1,1,199.92
899,security_findings,250,latest_state,Invariant-preserving gate,1191,99.74800157419672,1,1,1,251.097
900,security_findings,250,aggregation,Raw,472622,0.0,1,1,0,0.0
900,security_findings,250,aggregation,Fixed projection,47968,89.8506628976222,0,0,0,247.482
900,security_findings,250,aggregation,Head-tail sampling,37814,91.99910287714071,0,0,0,0.481
900,security_findings,250,aggregation,Anomaly sampling,81327,82.79237953375002,0,0,0,176.044
900,security_findings,250,aggregation,Task-aware unverified,1569,99.66802222494933,1,1,0,33.651
900,security_findings,250,aggregation,Pattern-retention guard,139777,70.42520238160729,1,1,1,244.427
900,security_findings,250,aggregation,Invariant-preserving gate,1565,99.66886856726941,1,1,1,240.331
901,security_findings,250,join,Raw,472622,0.0,1,1,0,0.0
901,security_findings,250,join,Fixed projection,47968,89.8506628976222,0,0,0,233.58
901,security_findings,250,join,Head-tail sampling,37814,91.99910287714071,0,0,0,0.501
901,security_findings,250,join,Anomaly sampling,81327,82.79237953375002,0,0,0,204.577
901,security_findings,250,join,Task-aware unverified,729,99.84575411216575,1,1,0,14.562
901,security_findings,250,join,Pattern-retention guard,90709,80.8072836220066,1,1,1,210.015
901,security_findings,250,join,Invariant-preserving gate,725,99.84660045448582,1,1,1,213.44
902,security_findings,250,negative_evidence,Raw,472622,0.0,1,1,0,0.0
902,security_findings,250,negative_evidence,Fixed projection,47968,89.8506628976222,1,1,0,236.375
902,security_findings,250,negative_evidence,Head-tail sampling,37814,91.99910287714071,0,0,0,0.501
902,security_findings,250,negative_evidence,Anomaly sampling,81327,82.79237953375002,0,0,0,174.252
902,security_findings,250,negative_evidence,Task-aware unverified,83,99.98243839685837,0,0,0,0.45
902,security_findings,250,negative_evidence,Pattern-retention guard,85151,81.98327627575526,1,1,1,192.279
902,security_findings,250,negative_evidence,Invariant-preserving gate,198,99.95810605515612,1,1,1,198.909
903,security_findings,250,threshold,Raw,472622,0.0,1,1,0,0.0
903,security_findings,250,threshold,Fixed projection,47968,89.8506628976222,0,0,0,230.897
903,security_findings,250,threshold,Head-tail sampling,37814,91.99910287714071,0,0,0,0.511
903,security_findings,250,threshold,Anomaly sampling,81327,82.79237953375002,1,1,0,181.473
903,security_findings,250,threshold,Task-aware unverified,186,99.96064508211636,1,1,0,10.085
903,security_findings,250,threshold,Pattern-retention guard,158794,66.4014794063755,1,1,1,202.124
903,security_findings,250,threshold,Invariant-preserving gate,81327,82.79237953375002,1,1,0,186.14
904,security_findings,250,provenance,Raw,472622,0.0,1,1,0,0.0
904,security_findings,250,provenance,Fixed projection,47968,89.8506628976222,0,0,0,234.382
904,security_findings,250,provenance,Head-tail sampling,37814,91.99910287714071,0,0,0,0.531
904,security_findings,250,provenance,Anomaly sampling,81327,82.79237953375002,1,1,0,178.688
904,security_findings,250,provenance,Task-aware unverified,1718,99.63649597352642,1,1,0,16.054
904,security_findings,250,provenance,Pattern-retention guard,81325,82.79280270491005,1,1,0,209.995
904,security_findings,250,provenance,Invariant-preserving gate,81327,82.79237953375002,1,1,0,193.32
905,security_findings,250,lookup,Raw,473670,0.0,1,1,0,0.0
905,security_findings,250,lookup,Fixed projection,48124,89.84018409441173,0,0,0,235.203
905,security_findings,250,lookup,Head-tail sampling,37791,92.0216606498195,0,0,0,0.471
905,security_findings,250,lookup,Anomaly sampling,100369,78.81035319948488,0,0,0,178.107
905,security_findings,250,lookup,Task-aware unverified,438,99.90753055925012,1,1,0,9.034
905,security_findings,250,lookup,Pattern-retention guard,102232,78.4170414001309,1,1,1,231.437
905,security_findings,250,lookup,Invariant-preserving gate,434,99.90837502902865,1,1,1,207.491
906,security_findings,250,rare_event,Raw,473670,0.0,1,1,0,0.0
906,security_findings,250,rare_event,Fixed projection,48124,89.84018409441173,1,1,0,233.28
906,security_findings,250,rare_event,Head-tail sampling,37791,92.0216606498195,0,0,0,0.51
906,security_findings,250,rare_event,Anomaly sampling,100369,78.81035319948488,1,1,0,179.009
906,security_findings,250,rare_event,Task-aware unverified,729,99.84609538286149,1,1,0,12.559
906,security_findings,250,rare_event,Pattern-retention guard,100367,78.81077543437414,1,1,0,197.216
906,security_findings,250,rare_event,Invariant-preserving gate,100369,78.81035319948488,1,1,0,213.992
907,security_findings,250,latest_state,Raw,473670,0.0,1,1,0,0.0
907,security_findings,250,latest_state,Fixed projection,48124,89.84018409441173,1,1,0,233.03
907,security_findings,250,latest_state,Head-tail sampling,37791,92.0216606498195,0,0,0,0.46
907,security_findings,250,latest_state,Anomaly sampling,100369,78.81035319948488,0,0,0,184.958
907,security_findings,250,latest_state,Task-aware unverified,176,99.96284332974433,1,0,0,9.043
907,security_findings,250,latest_state,Pattern-retention guard,113553,76.02698080942429,1,1,1,226.68
907,security_findings,250,latest_state,Invariant-preserving gate,823,99.82625034306585,1,1,1,212.089
908,security_findings,250,aggregation,Raw,473670,0.0,1,1,0,0.0
908,security_findings,250,aggregation,Fixed projection,48124,89.84018409441173,0,0,0,224.938
908,security_findings,250,aggregation,Head-tail sampling,37791,92.0216606498195,0,0,0,0.571
908,security_findings,250,aggregation,Anomaly sampling,100369,78.81035319948488,0,0,0,206.079
908,security_findings,250,aggregation,Task-aware unverified,1958,99.58663204340574,1,1,0,40.32
908,security_findings,250,aggregation,Pattern-retention guard,177940,62.433761901745946,1,1,1,214.131
908,security_findings,250,aggregation,Invariant-preserving gate,1954,99.58747651318428,1,1,1,268.223
909,security_findings,250,join,Raw,473670,0.0,1,1,0,0.0
909,security_findings,250,join,Fixed projection,48124,89.84018409441173,0,0,0,231.839
909,security_findings,250,join,Head-tail sampling,37791,92.0216606498195,0,0,0,0.491
909,security_findings,250,join,Anomaly sampling,100369,78.81035319948488,0,0,0,179.51
909,security_findings,250,join,Task-aware unverified,1100,99.7677708109021,1,1,0,17.476
909,security_findings,250,join,Pattern-retention guard,119318,74.80988874110668,1,1,1,226.099
909,security_findings,250,join,Invariant-preserving gate,1096,99.76861528068063,1,1,1,214.191
910,security_findings,250,negative_evidence,Raw,473670,0.0,1,1,0,0.0
910,security_findings,250,negative_evidence,Fixed projection,48124,89.84018409441173,1,1,0,233.691
910,security_findings,250,negative_evidence,Head-tail sampling,37791,92.0216606498195,0,0,0,0.48
910,security_findings,250,negative_evidence,Anomaly sampling,100369,78.81035319948488,0,0,0,213.681
910,security_findings,250,negative_evidence,Task-aware unverified,83,99.98247725209534,0,0,0,0.501
910,security_findings,250,negative_evidence,Pattern-retention guard,104135,78.01528490299154,1,1,1,212.279
910,security_findings,250,negative_evidence,Invariant-preserving gate,240,99.94933181328773,1,1,1,221.062
911,security_findings,250,threshold,Raw,473670,0.0,1,1,0,0.0
911,security_findings,250,threshold,Fixed projection,48124,89.84018409441173,0,0,0,226.46
911,security_findings,250,threshold,Head-tail sampling,37791,92.0216606498195,0,0,0,0.501
911,security_findings,250,threshold,Anomaly sampling,100369,78.81035319948488,1,1,0,186.971
911,security_findings,250,threshold,Task-aware unverified,186,99.96073215529799,1,1,0,10.776
911,security_findings,250,threshold,Pattern-retention guard,168544,64.41742141153124,1,1,1,218.228
911,security_findings,250,threshold,Invariant-preserving gate,100369,78.81035319948488,1,1,0,198.448
912,security_findings,250,provenance,Raw,473670,0.0,1,1,0,0.0
912,security_findings,250,provenance,Fixed projection,48124,89.84018409441173,0,0,0,241.723
912,security_findings,250,provenance,Head-tail sampling,37791,92.0216606498195,0,0,0,0.52
912,security_findings,250,provenance,Anomaly sampling,100369,78.81035319948488,1,1,0,184.858
912,security_findings,250,provenance,Task-aware unverified,2102,99.55623113137838,1,1,0,19.109
912,security_findings,250,provenance,Pattern-retention guard,100367,78.81077543437414,1,1,0,215.543
912,security_findings,250,provenance,Invariant-preserving gate,100369,78.81035319948488,1,1,0,199.85
913,security_findings,250,lookup,Raw,472926,0.0,1,1,0,0.0
913,security_findings,250,lookup,Fixed projection,47932,89.86479914405213,0,0,0,241.262
913,security_findings,250,lookup,Head-tail sampling,37589,92.05182206095668,0,0,0,0.731
913,security_findings,250,lookup,Anomaly sampling,92576,80.42484447884024,0,0,0,183.515
913,security_findings,250,lookup,Task-aware unverified,459,99.9029446467312,1,1,0,8.853
913,security_findings,250,lookup,Pattern-retention guard,94444,80.0298566794805,1,1,1,201.322
913,security_findings,250,lookup,Invariant-preserving gate,455,99.90379044501677,1,1,1,200.652
914,security_findings,250,rare_event,Raw,472926,0.0,1,1,0,0.0
914,security_findings,250,rare_event,Fixed projection,47932,89.86479914405213,1,1,0,247.562
914,security_findings,250,rare_event,Head-tail sampling,37589,92.05182206095668,0,0,0,0.501
914,security_findings,250,rare_event,Anomaly sampling,92576,80.42484447884024,1,1,0,178.778
914,security_findings,250,rare_event,Task-aware unverified,1122,99.76275358089849,1,1,0,16.905
914,security_findings,250,rare_event,Pattern-retention guard,92574,80.42526737798302,1,1,0,230.357
914,security_findings,250,rare_event,Invariant-preserving gate,92576,80.42484447884024,1,1,0,211.728
915,security_findings,250,latest_state,Raw,472926,0.0,1,1,0,0.0
915,security_findings,250,latest_state,Fixed projection,47932,89.86479914405213,1,1,0,225.619
915,security_findings,250,latest_state,Head-tail sampling,37589,92.05182206095668,0,0,0,0.521
915,security_findings,250,latest_state,Anomaly sampling,92576,80.42484447884024,0,0,0,193.731
915,security_findings,250,latest_state,Task-aware unverified,174,99.96320777457784,0,0,0,9.284
915,security_findings,250,latest_state,Pattern-retention guard,107722,77.22222927054126,1,1,1,204.557
915,security_findings,250,latest_state,Invariant-preserving gate,920,99.80546639431962,1,1,1,230.156
916,security_findings,250,aggregation,Raw,472926,0.0,1,1,0,0.0
916,security_findings,250,aggregation,Fixed projection,47932,89.86479914405213,0,0,0,235.984
916,security_findings,250,aggregation,Head-tail sampling,37589,92.05182206095668,0,0,0,0.551
916,security_findings,250,aggregation,Anomaly sampling,92576,80.42484447884024,0,0,0,178.448
916,security_findings,250,aggregation,Task-aware unverified,1923,99.59338247421373,1,1,0,45.368
916,security_findings,250,aggregation,Pattern-retention guard,162289,65.68406050840935,1,1,1,225.979
916,security_findings,250,aggregation,Invariant-preserving gate,1919,99.5942282724993,1,1,1,252.41
917,security_findings,250,join,Raw,472926,0.0,1,1,0,0.0
917,security_findings,250,join,Fixed projection,47932,89.86479914405213,0,0,0,249.225
917,security_findings,250,join,Head-tail sampling,37589,92.05182206095668,0,0,0,0.521
917,security_findings,250,join,Anomaly sampling,92576,80.42484447884024,0,0,0,177.376
917,security_findings,250,join,Task-aware unverified,1365,99.7113713350503,1,1,0,19.56
917,security_findings,250,join,Pattern-retention guard,115298,75.62028731767761,1,1,1,211.889
917,security_findings,250,join,Invariant-preserving gate,1361,99.71221713333587,1,1,1,242.955
918,security_findings,250,negative_evidence,Raw,472926,0.0,1,1,0,0.0
918,security_findings,250,negative_evidence,Fixed projection,47932,89.86479914405213,1,1,0,233.03
918,security_findings,250,negative_evidence,Head-tail sampling,37589,92.05182206095668,0,0,0,0.511
918,security_findings,250,negative_evidence,Anomaly sampling,92576,80.42484447884024,0,0,0,190.016
918,security_findings,250,negative_evidence,Task-aware unverified,83,99.9824496855745,0,0,0,0.451
918,security_findings,250,negative_evidence,Pattern-retention guard,102009,78.43024067190217,1,1,1,249.094
918,security_findings,250,negative_evidence,Invariant-preserving gate,324,99.93149033886908,1,1,1,217.617
919,security_findings,250,threshold,Raw,472926,0.0,1,1,0,0.0
919,security_findings,250,threshold,Fixed projection,47932,89.86479914405213,0,0,0,267.182
919,security_findings,250,threshold,Head-tail sampling,37589,92.05182206095668,0,0,0,0.501
919,security_findings,250,threshold,Anomaly sampling,92576,80.42484447884024,1,1,0,218.889
919,security_findings,250,threshold,Task-aware unverified,186,99.96067037972114,1,1,0,10.045
919,security_findings,250,threshold,Pattern-retention guard,171805,63.67190638704575,1,1,1,266.21
919,security_findings,250,threshold,Invariant-preserving gate,92576,80.42484447884024,1,1,0,229.625
920,security_findings,250,provenance,Raw,472926,0.0,1,1,0,0.0
920,security_findings,250,provenance,Fixed projection,47932,89.86479914405213,0,0,0,253.13
920,security_findings,250,provenance,Head-tail sampling,37589,92.05182206095668,0,0,0,0.931
920,security_findings,250,provenance,Anomaly sampling,92576,80.42484447884024,1,1,0,218.609
920,security_findings,250,provenance,Task-aware unverified,1709,99.63863268249156,1,1,0,17.586
920,security_findings,250,provenance,Pattern-retention guard,92574,80.42526737798302,1,1,0,245.229
920,security_findings,250,provenance,Invariant-preserving gate,92576,80.42484447884024,1,1,0,222.324
921,security_findings,500,lookup,Raw,944591,0.0,1,1,0,0.0
921,security_findings,500,lookup,Fixed projection,96013,89.83549493907945,0,0,0,476.065
921,security_findings,500,lookup,Head-tail sampling,37787,95.99964429049186,0,0,0,0.541
921,security_findings,500,lookup,Anomaly sampling,183084,80.6176429798717,0,0,0,354.823
921,security_findings,500,lookup,Task-aware unverified,444,99.95299552928199,1,1,0,16.184
921,security_findings,500,lookup,Pattern-retention guard,184950,80.42009716374601,1,1,1,406.26
921,security_findings,500,lookup,Invariant-preserving gate,440,99.95341899298215,1,1,1,394.973
922,security_findings,500,rare_event,Raw,944591,0.0,1,1,0,0.0
922,security_findings,500,rare_event,Fixed projection,96013,89.83549493907945,1,1,0,482.775
922,security_findings,500,rare_event,Head-tail sampling,37787,95.99964429049186,0,0,0,0.521
922,security_findings,500,rare_event,Anomaly sampling,183084,80.6176429798717,1,1,0,323.967
922,security_findings,500,rare_event,Task-aware unverified,1322,99.86004524709637,1,1,0,24.887
922,security_findings,500,rare_event,Pattern-retention guard,183082,80.61785471172179,1,1,0,382.304
922,security_findings,500,rare_event,Invariant-preserving gate,183084,80.6176429798717,1,1,0,382.895
923,security_findings,500,latest_state,Raw,944591,0.0,1,1,0,0.0
923,security_findings,500,latest_state,Fixed projection,96013,89.83549493907945,1,1,0,471.909
923,security_findings,500,latest_state,Head-tail sampling,37787,95.99964429049186,0,0,0,0.501
923,security_findings,500,latest_state,Anomaly sampling,183084,80.6176429798717,0,0,0,341.023
923,security_findings,500,latest_state,Task-aware unverified,176,99.98136759719286,1,0,0,16.395
923,security_findings,500,latest_state,Pattern-retention guard,201948,78.62058816990634,1,1,1,384.067
923,security_findings,500,latest_state,Invariant-preserving gate,1109,99.88259468913,1,1,1,378.158
924,security_findings,500,aggregation,Raw,944591,0.0,1,1,0,0.0
924,security_findings,500,aggregation,Fixed projection,96013,89.83549493907945,0,0,0,478.339
924,security_findings,500,aggregation,Head-tail sampling,37787,95.99964429049186,0,0,0,0.501
924,security_findings,500,aggregation,Anomaly sampling,183084,80.6176429798717,0,0,0,329.465
924,security_findings,500,aggregation,Task-aware unverified,3651,99.61348350767688,1,1,0,80.09
924,security_findings,500,aggregation,Pattern-retention guard,320772,66.04117549288529,1,1,1,398.558
924,security_findings,500,aggregation,Invariant-preserving gate,3647,99.61390697137703,1,1,1,478.028
925,security_findings,500,join,Raw,944591,0.0,1,1,0,0.0
925,security_findings,500,join,Fixed projection,96013,89.83549493907945,0,0,0,471.388
925,security_findings,500,join,Head-tail sampling,37787,95.99964429049186,0,0,0,0.501
925,security_findings,500,join,Anomaly sampling,183084,80.6176429798717,0,0,0,329.164
925,security_findings,500,join,Task-aware unverified,922,99.9023916171126,1,1,0,24.557
925,security_findings,500,join,Pattern-retention guard,196239,79.22497673596297,1,1,1,378.629
925,security_findings,500,join,Invariant-preserving gate,918,99.90281508081276,1,1,1,398.218
926,security_findings,500,negative_evidence,Raw,944591,0.0,1,1,0,0.0
926,security_findings,500,negative_evidence,Fixed projection,96013,89.83549493907945,1,1,0,479.04
926,security_findings,500,negative_evidence,Head-tail sampling,37787,95.99964429049186,0,0,0,0.511
926,security_findings,500,negative_evidence,Anomaly sampling,183084,80.6176429798717,0,0,0,330.787
926,security_findings,500,negative_evidence,Task-aware unverified,83,99.99121312822163,0,0,0,0.501
926,security_findings,500,negative_evidence,Pattern-retention guard,192506,79.62017423413943,1,1,1,380.011
926,security_findings,500,negative_evidence,Invariant-preserving gate,321,99.96601703806198,1,1,1,378.328
927,security_findings,500,threshold,Raw,944591,0.0,1,1,0,0.0
927,security_findings,500,threshold,Fixed projection,96013,89.83549493907945,0,0,0,472.36
927,security_findings,500,threshold,Head-tail sampling,37787,95.99964429049186,0,0,0,0.501
927,security_findings,500,threshold,Anomaly sampling,183084,80.6176429798717,1,1,0,322.946
927,security_findings,500,threshold,Task-aware unverified,186,99.98030893794245,1,1,0,18.838
927,security_findings,500,threshold,Pattern-retention guard,341465,63.8504919060207,1,1,1,424.698
927,security_findings,500,threshold,Invariant-preserving gate,183084,80.6176429798717,1,1,0,374.663
928,security_findings,500,provenance,Raw,944591,0.0,1,1,0,0.0
928,security_findings,500,provenance,Fixed projection,96013,89.83549493907945,0,0,0,481.273
928,security_findings,500,provenance,Head-tail sampling,37787,95.99964429049186,0,0,0,0.521
928,security_findings,500,provenance,Anomaly sampling,183084,80.6176429798717,1,1,0,321.172
928,security_findings,500,provenance,Task-aware unverified,3572,99.62184691575507,1,1,0,33.991
928,security_findings,500,provenance,Pattern-retention guard,183082,80.61785471172179,1,1,0,375.444
928,security_findings,500,provenance,Invariant-preserving gate,183084,80.6176429798717,1,1,0,370.206
929,security_findings,500,lookup,Raw,945574,0.0,1,1,0,0.0
929,security_findings,500,lookup,Fixed projection,96050,89.8421487900471,0,0,0,498.518
929,security_findings,500,lookup,Head-tail sampling,37798,96.00263966648829,0,0,0,0.551
929,security_findings,500,lookup,Anomaly sampling,170173,82.00320651794571,0,0,0,338.568
929,security_findings,500,lookup,Task-aware unverified,437,99.95378468528111,1,1,0,16.194
929,security_findings,500,lookup,Pattern-retention guard,172045,81.80523153132383,1,1,1,385.859
929,security_findings,500,lookup,Invariant-preserving gate,433,99.9542077087568,1,1,1,377.948
930,security_findings,500,rare_event,Raw,945574,0.0,1,1,0,0.0
930,security_findings,500,rare_event,Fixed projection,96050,89.8421487900471,1,1,0,477.938
930,security_findings,500,rare_event,Head-tail sampling,37798,96.00263966648829,0,0,0,0.491
930,security_findings,500,rare_event,Anomaly sampling,170173,82.00320651794571,1,1,0,322.484
930,security_findings,500,rare_event,Task-aware unverified,1513,99.83999137032109,1,1,0,26.51
930,security_findings,500,rare_event,Pattern-retention guard,170171,82.00341802968356,1,1,0,383.056
930,security_findings,500,rare_event,Invariant-preserving gate,170173,82.00320651794571,1,1,0,367.602
931,security_findings,500,latest_state,Raw,945574,0.0,1,1,0,0.0
931,security_findings,500,latest_state,Fixed projection,96050,89.8421487900471,1,1,0,478.408
931,security_findings,500,latest_state,Head-tail sampling,37798,96.00263966648829,0,0,0,0.531
931,security_findings,500,latest_state,Anomaly sampling,170173,82.00320651794571,0,0,0,353.341
931,security_findings,500,latest_state,Task-aware unverified,174,99.98159847880757,0,0,0,16.264
931,security_findings,500,latest_state,Pattern-retention guard,183337,80.61103625945722,1,1,1,408.733
931,security_findings,500,latest_state,Invariant-preserving gate,725,99.92332699503159,1,1,1,389.886
932,security_findings,500,aggregation,Raw,945574,0.0,1,1,0,0.0
932,security_findings,500,aggregation,Fixed projection,96050,89.8421487900471,0,0,0,476.376
932,security_findings,500,aggregation,Head-tail sampling,37798,96.00263966648829,0,0,0,0.551
932,security_findings,500,aggregation,Anomaly sampling,170173,82.00320651794571,0,0,0,327.893
932,security_findings,500,aggregation,Task-aware unverified,3569,99.62255730381757,1,1,0,76.455
932,security_findings,500,aggregation,Pattern-retention guard,309509,67.26760676583747,1,1,1,392.059
932,security_findings,500,aggregation,Invariant-preserving gate,3565,99.62298032729326,1,1,1,496.626
933,security_findings,500,join,Raw,945574,0.0,1,1,0,0.0
933,security_findings,500,join,Fixed projection,96050,89.8421487900471,0,0,0,468.063
933,security_findings,500,join,Head-tail sampling,37798,96.00263966648829,0,0,0,0.491
933,security_findings,500,join,Anomaly sampling,170173,82.00320651794571,0,0,0,324.998
933,security_findings,500,join,Task-aware unverified,730,99.92279821568698,1,1,0,23.756
933,security_findings,500,join,Pattern-retention guard,179679,80.9978912279737,1,1,1,381.423
933,security_findings,500,join,Invariant-preserving gate,726,99.92322123916266,1,1,1,416.386
934,security_findings,500,negative_evidence,Raw,945574,0.0,1,1,0,0.0
934,security_findings,500,negative_evidence,Fixed projection,96050,89.8421487900471,1,1,0,471.158
934,security_findings,500,negative_evidence,Head-tail sampling,37798,96.00263966648829,0,0,0,0.501
934,security_findings,500,negative_evidence,Anomaly sampling,170173,82.00320651794571,0,0,0,337.947
934,security_findings,500,negative_evidence,Task-aware unverified,83,99.99122226287948,0,0,0,0.491
934,security_findings,500,negative_evidence,Pattern-retention guard,173976,81.60101694843556,1,1,1,380.422
934,security_findings,500,negative_evidence,Invariant-preserving gate,196,99.9792718496913,1,1,1,376.535
935,security_findings,500,threshold,Raw,945574,0.0,1,1,0,0.0
935,security_findings,500,threshold,Fixed projection,96050,89.8421487900471,0,0,0,481.454
935,security_findings,500,threshold,Head-tail sampling,37798,96.00263966648829,0,0,0,0.561
935,security_findings,500,threshold,Anomaly sampling,170173,82.00320651794571,1,1,0,325.148
935,security_findings,500,threshold,Task-aware unverified,186,99.98032940838051,1,1,0,18.568
935,security_findings,500,threshold,Pattern-retention guard,336767,64.38491329076307,1,1,1,405.008
935,security_findings,500,threshold,Invariant-preserving gate,170173,82.00320651794571,1,1,0,383.877
936,security_findings,500,provenance,Raw,945574,0.0,1,1,0,0.0
936,security_findings,500,provenance,Fixed projection,96050,89.8421487900471,0,0,0,491.459
936,security_findings,500,provenance,Head-tail sampling,37798,96.00263966648829,0,0,0,0.521
936,security_findings,500,provenance,Anomaly sampling,170173,82.00320651794571,1,1,0,323.416
936,security_findings,500,provenance,Task-aware unverified,3348,99.64592935084933,1,1,0,31.888
936,security_findings,500,provenance,Pattern-retention guard,170171,82.00341802968356,1,1,0,378.198
936,security_findings,500,provenance,Invariant-preserving gate,170173,82.00320651794571,1,1,0,370.857
937,security_findings,500,lookup,Raw,945452,0.0,1,1,0,0.0
937,security_findings,500,lookup,Fixed projection,96017,89.84432842703806,0,0,0,477.667
937,security_findings,500,lookup,Head-tail sampling,37963,95.98467188180891,0,0,0,0.511
937,security_findings,500,lookup,Anomaly sampling,187325,80.18672550272251,0,0,0,340.732
937,security_findings,500,lookup,Task-aware unverified,447,99.95272102655662,1,1,0,16.835
937,security_findings,500,lookup,Pattern-retention guard,189237,79.98449418902281,1,1,1,378.859
937,security_findings,500,lookup,Invariant-preserving gate,443,99.95314410461874,1,1,1,368.153
938,security_findings,500,rare_event,Raw,945452,0.0,1,1,0,0.0
938,security_findings,500,rare_event,Fixed projection,96017,89.84432842703806,1,1,0,480.983
938,security_findings,500,rare_event,Head-tail sampling,37963,95.98467188180891,0,0,0,0.521
938,security_findings,500,rare_event,Anomaly sampling,187325,80.18672550272251,1,1,0,352.429
938,security_findings,500,rare_event,Task-aware unverified,1786,99.81109564525751,1,1,0,29.895
938,security_findings,500,rare_event,Pattern-retention guard,187323,80.18693704175357,1,1,0,409.545
938,security_findings,500,rare_event,Invariant-preserving gate,187325,80.18672550272251,1,1,0,360.852
939,security_findings,500,latest_state,Raw,945452,0.0,1,1,0,0.0
939,security_findings,500,latest_state,Fixed projection,96017,89.84432842703806,1,1,0,494.182
939,security_findings,500,latest_state,Head-tail sampling,37963,95.98467188180891,0,0,0,0.501
939,security_findings,500,latest_state,Anomaly sampling,187325,80.18672550272251,0,0,0,321.003
939,security_findings,500,latest_state,Task-aware unverified,176,99.98138456526614,1,0,0,16.304
939,security_findings,500,latest_state,Pattern-retention guard,206110,78.19984515342927,1,1,1,402.705
939,security_findings,500,latest_state,Invariant-preserving gate,1004,99.89380740640456,1,1,1,476.015
940,security_findings,500,aggregation,Raw,945452,0.0,1,1,0,0.0
940,security_findings,500,aggregation,Fixed projection,96017,89.84432842703806,0,0,0,501.634
940,security_findings,500,aggregation,Head-tail sampling,37963,95.98467188180891,0,0,0,0.651
940,security_findings,500,aggregation,Anomaly sampling,187325,80.18672550272251,0,0,0,322.564
940,security_findings,500,aggregation,Task-aware unverified,3495,99.63033554321107,1,1,0,76.104
940,security_findings,500,aggregation,Pattern-retention guard,319707,66.18474549739173,1,1,1,411.448
940,security_findings,500,aggregation,Invariant-preserving gate,3491,99.6307586212732,1,1,1,528.133
941,security_findings,500,join,Raw,945452,0.0,1,1,0,0.0
941,security_findings,500,join,Fixed projection,96017,89.84432842703806,0,0,0,514.984
941,security_findings,500,join,Head-tail sampling,37963,95.98467188180891,0,0,0,0.511
941,security_findings,500,join,Anomaly sampling,187325,80.18672550272251,0,0,0,344.868
941,security_findings,500,join,Task-aware unverified,1005,99.89370163688902,1,1,0,25.008
941,security_findings,500,join,Pattern-retention guard,206211,78.18916243236039,1,1,1,401.673
941,security_findings,500,join,Invariant-preserving gate,1001,99.89412471495116,1,1,1,440.732
942,security_findings,500,negative_evidence,Raw,945452,0.0,1,1,0,0.0
942,security_findings,500,negative_evidence,Fixed projection,96017,89.84432842703806,1,1,0,481.474
942,security_findings,500,negative_evidence,Head-tail sampling,37963,95.98467188180891,0,0,0,0.501
942,security_findings,500,negative_evidence,Anomaly sampling,187325,80.18672550272251,0,0,0,330.136
942,security_findings,500,negative_evidence,Task-aware unverified,83,99.99122113021073,0,0,0,0.521
942,security_findings,500,negative_evidence,Pattern-retention guard,198647,78.98920304785436,1,1,1,380.472
942,security_findings,500,negative_evidence,Invariant-preserving gate,399,99.95779796330221,1,1,1,387.161
943,security_findings,500,threshold,Raw,945452,0.0,1,1,0,0.0
943,security_findings,500,threshold,Fixed projection,96017,89.84432842703806,0,0,0,503.827
943,security_findings,500,threshold,Head-tail sampling,37963,95.98467188180891,0,0,0,0.481
943,security_findings,500,threshold,Anomaly sampling,187325,80.18672550272251,1,1,0,328.143
943,security_findings,500,threshold,Task-aware unverified,186,99.9803268701108,1,1,0,18.598
943,security_findings,500,threshold,Pattern-retention guard,351621,62.80921717866163,1,1,1,424.508
943,security_findings,500,threshold,Invariant-preserving gate,187325,80.18672550272251,1,1,0,377.998
944,security_findings,500,provenance,Raw,945452,0.0,1,1,0,0.0
944,security_findings,500,provenance,Fixed projection,96017,89.84432842703806,0,0,0,491.619
944,security_findings,500,provenance,Head-tail sampling,37963,95.98467188180891,0,0,0,0.471
944,security_findings,500,provenance,Anomaly sampling,187325,80.18672550272251,1,1,0,334.171
944,security_findings,500,provenance,Task-aware unverified,3997,99.57723924641336,1,1,0,35.313
944,security_findings,500,provenance,Pattern-retention guard,187323,80.18693704175357,1,1,0,400.041
944,security_findings,500,provenance,Invariant-preserving gate,187325,80.18672550272251,1,1,0,382.013
945,security_findings,500,lookup,Raw,945421,0.0,1,1,0,0.0
945,security_findings,500,lookup,Fixed projection,95989,89.84695706991911,0,0,0,482.524
945,security_findings,500,lookup,Head-tail sampling,37665,96.01606056984137,0,0,0,0.6
945,security_findings,500,lookup,Anomaly sampling,168285,82.19999344207501,0,0,0,337.096
945,security_findings,500,lookup,Task-aware unverified,457,99.95166174646005,1,1,0,16.685
945,security_findings,500,lookup,Pattern-retention guard,170168,82.000822913813,1,1,1,378.899
945,security_findings,500,lookup,Invariant-preserving gate,453,99.95208483839475,1,1,1,409.275
946,security_findings,500,rare_event,Raw,945421,0.0,1,1,0,0.0
946,security_findings,500,rare_event,Fixed projection,95989,89.84695706991911,1,1,0,497.187
946,security_findings,500,rare_event,Head-tail sampling,37665,96.01606056984137,0,0,0,0.48
946,security_findings,500,rare_event,Anomaly sampling,168285,82.19999344207501,1,1,0,323.416
946,security_findings,500,rare_event,Task-aware unverified,978,99.89655402196482,1,1,0,25.458
946,security_findings,500,rare_event,Pattern-retention guard,168283,82.20020498804237,1,1,0,373.451
946,security_findings,500,rare_event,Invariant-preserving gate,168285,82.19999344207501,1,1,0,348.924
947,security_findings,500,latest_state,Raw,945421,0.0,1,1,0,0.0
947,security_findings,500,latest_state,Fixed projection,95989,89.84695706991911,1,1,0,475.154
947,security_findings,500,latest_state,Head-tail sampling,37665,96.01606056984137,0,0,0,0.531
947,security_findings,500,latest_state,Anomaly sampling,168285,82.19999344207501,1,0,0,317.768
947,security_findings,500,latest_state,Task-aware unverified,177,99.98127818188934,0,0,0,16.264
947,security_findings,500,latest_state,Pattern-retention guard,177693,81.20488121165069,1,1,1,366.971
947,security_findings,500,latest_state,Invariant-preserving gate,918,99.90290040098539,1,1,1,381.213
948,security_findings,500,aggregation,Raw,945421,0.0,1,1,0,0.0
948,security_findings,500,aggregation,Fixed projection,95989,89.84695706991911,0,0,0,502.185
948,security_findings,500,aggregation,Head-tail sampling,37665,96.01606056984137,0,0,0,0.471
948,security_findings,500,aggregation,Anomaly sampling,168285,82.19999344207501,0,0,0,345.409
948,security_findings,500,aggregation,Task-aware unverified,3716,99.60694759265978,1,1,0,78.308
948,security_findings,500,aggregation,Pattern-retention guard,313844,66.80378371117206,1,1,1,413.591
948,security_findings,500,aggregation,Invariant-preserving gate,3712,99.60737068459449,1,1,1,484.157
949,security_findings,500,join,Raw,945421,0.0,1,1,0,0.0
949,security_findings,500,join,Fixed projection,95989,89.84695706991911,0,0,0,506.31
949,security_findings,500,join,Head-tail sampling,37665,96.01606056984137,0,0,0,0.521
949,security_findings,500,join,Anomaly sampling,168285,82.19999344207501,0,0,0,321.994
949,security_findings,500,join,Task-aware unverified,1108,99.88280353408693,1,1,0,25.779
949,security_findings,500,join,Pattern-retention guard,183528,80.5876958519009,1,1,1,385.709
949,security_findings,500,join,Invariant-preserving gate,1104,99.88322662602164,1,1,1,397.827
950,security_findings,500,negative_evidence,Raw,945421,0.0,1,1,0,0.0
950,security_findings,500,negative_evidence,Fixed projection,95989,89.84695706991911,1,1,0,468.063
950,security_findings,500,negative_evidence,Head-tail sampling,37665,96.01606056984137,0,0,0,0.531
950,security_findings,500,negative_evidence,Anomaly sampling,168285,82.19999344207501,0,0,0,320.862
950,security_findings,500,negative_evidence,Task-aware unverified,83,99.99122084235489,0,0,0,0.5
950,security_findings,500,negative_evidence,Pattern-retention guard,177645,81.20995831486714,1,1,1,374.192
950,security_findings,500,negative_evidence,Invariant-preserving gate,321,99.96604687223999,1,1,1,368.914
951,security_findings,500,threshold,Raw,945421,0.0,1,1,0,0.0
951,security_findings,500,threshold,Fixed projection,95989,89.84695706991911,0,0,0,477.958
951,security_findings,500,threshold,Head-tail sampling,37665,96.01606056984137,0,0,0,0.51
951,security_findings,500,threshold,Anomaly sampling,168285,82.19999344207501,1,1,0,313.731
951,security_findings,500,threshold,Task-aware unverified,186,99.98032622503625,1,1,0,18.297
951,security_findings,500,threshold,Pattern-retention guard,325000,65.62378030528198,1,1,1,381.773
951,security_findings,500,threshold,Invariant-preserving gate,168285,82.19999344207501,1,1,0,359.229
952,security_findings,500,provenance,Raw,945421,0.0,1,1,0,0.0
952,security_findings,500,provenance,Fixed projection,95989,89.84695706991911,0,0,0,459.27
952,security_findings,500,provenance,Head-tail sampling,37665,96.01606056984137,0,0,0,0.56
952,security_findings,500,provenance,Anomaly sampling,168285,82.19999344207501,1,1,0,318.669
952,security_findings,500,provenance,Task-aware unverified,3335,99.64724709944035,1,1,0,31.257
952,security_findings,500,provenance,Pattern-retention guard,168283,82.20020498804237,1,1,0,383.666
952,security_findings,500,provenance,Invariant-preserving gate,168285,82.19999344207501,1,1,0,367.022
953,security_findings,500,lookup,Raw,945256,0.0,1,1,0,0.0
953,security_findings,500,lookup,Fixed projection,95910,89.85354232081045,0,0,0,469.906
953,security_findings,500,lookup,Head-tail sampling,37750,96.00637287676565,0,0,0,0.641
953,security_findings,500,lookup,Anomaly sampling,181413,80.8080562302699,0,0,0,323.566
953,security_findings,500,lookup,Task-aware unverified,454,99.95197068307421,1,1,0,16.535
953,security_findings,500,lookup,Pattern-retention guard,183329,80.60535981786944,1,1,1,385.219
953,security_findings,500,lookup,Invariant-preserving gate,450,99.95239384886212,1,1,1,379.319
954,security_findings,500,rare_event,Raw,945256,0.0,1,1,0,0.0
954,security_findings,500,rare_event,Fixed projection,95910,89.85354232081045,1,1,0,473.952
954,security_findings,500,rare_event,Head-tail sampling,37750,96.00637287676565,0,0,0,0.52
954,security_findings,500,rare_event,Anomaly sampling,181413,80.8080562302699,1,1,0,337.127
954,security_findings,500,rare_event,Task-aware unverified,1756,99.81423021911525,1,1,0,28.002
954,security_findings,500,rare_event,Pattern-retention guard,181411,80.80826781316384,1,1,0,395.684
954,security_findings,500,rare_event,Invariant-preserving gate,181413,80.8080562302699,1,1,0,374.642
955,security_findings,500,latest_state,Raw,945256,0.0,1,1,0,0.0
955,security_findings,500,latest_state,Fixed projection,95910,89.85354232081045,1,1,0,467.993
955,security_findings,500,latest_state,Head-tail sampling,37750,96.00637287676565,0,0,0,0.531
955,security_findings,500,latest_state,Anomaly sampling,181413,80.8080562302699,0,0,0,327.542
955,security_findings,500,latest_state,Task-aware unverified,174,99.98159228822668,0,0,0,16.595
955,security_findings,500,latest_state,Pattern-retention guard,194624,79.41044542430834,1,1,1,402.404
955,security_findings,500,latest_state,Invariant-preserving gate,820,99.91325101348207,1,1,1,393.301
956,security_findings,500,aggregation,Raw,945256,0.0,1,1,0,0.0
956,security_findings,500,aggregation,Fixed projection,95910,89.85354232081045,0,0,0,483.486
956,security_findings,500,aggregation,Head-tail sampling,37750,96.00637287676565,0,0,0,0.551
956,security_findings,500,aggregation,Anomaly sampling,181413,80.8080562302699,0,0,0,338.268
956,security_findings,500,aggregation,Task-aware unverified,3885,99.58900022850953,1,1,0,82.824
956,security_findings,500,aggregation,Pattern-retention guard,332295,64.84603112807537,1,1,1,424.337
956,security_findings,500,aggregation,Invariant-preserving gate,3881,99.58942339429741,1,1,1,491.679
957,security_findings,500,join,Raw,945256,0.0,1,1,0,0.0
957,security_findings,500,join,Fixed projection,95910,89.85354232081045,0,0,0,505.109
957,security_findings,500,join,Head-tail sampling,37750,96.00637287676565,0,0,0,0.551
957,security_findings,500,join,Anomaly sampling,181413,80.8080562302699,0,0,0,324.888
957,security_findings,500,join,Task-aware unverified,828,99.91240468190628,1,1,0,23.406
957,security_findings,500,join,Pattern-retention guard,190918,79.80250852679063,1,1,1,386.571
957,security_findings,500,join,Invariant-preserving gate,824,99.91282784769417,1,1,1,460.502
958,security_findings,500,negative_evidence,Raw,945256,0.0,1,1,0,0.0
958,security_findings,500,negative_evidence,Fixed projection,95910,89.85354232081045,1,1,0,490.567
958,security_findings,500,negative_evidence,Head-tail sampling,37750,96.00637287676565,0,0,0,0.511
958,security_findings,500,negative_evidence,Anomaly sampling,181413,80.8080562302699,0,0,0,342.425
958,security_findings,500,negative_evidence,Task-aware unverified,83,99.99121930990124,0,0,0,0.471
958,security_findings,500,negative_evidence,Pattern-retention guard,187094,80.20705502001574,1,1,1,408.504
958,security_findings,500,negative_evidence,Invariant-preserving gate,241,99.97450426127948,1,1,1,405.679
959,security_findings,500,threshold,Raw,945256,0.0,1,1,0,0.0
959,security_findings,500,threshold,Fixed projection,95910,89.85354232081045,0,0,0,499.81
959,security_findings,500,threshold,Head-tail sampling,37750,96.00637287676565,0,0,0,0.531
959,security_findings,500,threshold,Anomaly sampling,181413,80.8080562302699,1,1,0,382.795
959,security_findings,500,threshold,Task-aware unverified,186,99.98032279086301,1,1,0,18.268
959,security_findings,500,threshold,Pattern-retention guard,345843,63.41276860448386,1,1,1,417.246
959,security_findings,500,threshold,Invariant-preserving gate,181413,80.8080562302699,1,1,0,403.887
960,security_findings,500,provenance,Raw,945256,0.0,1,1,0,0.0
960,security_findings,500,provenance,Fixed projection,95910,89.85354232081045,0,0,0,502.745
960,security_findings,500,provenance,Head-tail sampling,37750,96.00637287676565,0,0,0,0.511
960,security_findings,500,provenance,Anomaly sampling,181413,80.8080562302699,1,1,0,323.997
960,security_findings,500,provenance,Task-aware unverified,3753,99.60296469950998,1,1,0,34.121
960,security_findings,500,provenance,Pattern-retention guard,181411,80.80826781316384,1,1,0,394.483
960,security_findings,500,provenance,Invariant-preserving gate,181413,80.8080562302699,1,1,0,408.964
