k,z,domain,n_rows,task,reduction_pct,answer_preserved,invariant_preserved,recovered
2,1.5,incident_ops,50,lookup,99.5561850802644,1,1,1
2,1.5,incident_ops,50,rare_event,76.2301962018676,1,1,0
2,1.5,incident_ops,50,latest_state,99.23302906305739,1,1,1
2,1.5,incident_ops,50,aggregation,99.47224845241843,1,1,1
2,1.5,incident_ops,50,join,98.95393977546952,1,1,1
2,1.5,incident_ops,50,negative_evidence,99.6222851746931,1,1,1
2,1.5,incident_ops,50,threshold,76.2301962018676,1,1,0
2,1.5,incident_ops,50,provenance,76.2301962018676,1,1,0
2,1.5,incident_ops,50,lookup,99.5290786092611,1,1,1
2,1.5,incident_ops,50,rare_event,80.13320048245845,1,1,0
2,1.5,incident_ops,50,latest_state,98.94278672190467,1,1,1
2,1.5,incident_ops,50,aggregation,99.38958519062354,1,1,1
2,1.5,incident_ops,50,join,99.53851801352981,1,1,1
2,1.5,incident_ops,50,negative_evidence,99.71472022654571,1,1,1
2,1.5,incident_ops,50,threshold,80.13320048245845,1,1,0
2,1.5,incident_ops,50,provenance,80.13320048245845,1,1,0
2,1.5,incident_ops,50,lookup,99.5384308747784,1,1,1
2,1.5,incident_ops,50,rare_event,76.17464097265203,1,1,0
2,1.5,incident_ops,50,latest_state,99.04644014812173,1,1,1
2,1.5,incident_ops,50,aggregation,99.47339158895171,1,1,1
2,1.5,incident_ops,50,join,99.34121497582007,1,1,1
2,1.5,incident_ops,50,negative_evidence,99.7954409558677,1,1,1
2,1.5,incident_ops,50,threshold,76.17464097265203,1,1,0
2,1.5,incident_ops,50,provenance,76.17464097265203,1,1,0
2,1.5,incident_ops,50,lookup,66.31998994532772,1,1,0
2,1.5,incident_ops,50,rare_event,66.31998994532772,1,1,0
2,1.5,incident_ops,50,latest_state,99.14535285615534,1,1,1
2,1.5,incident_ops,50,aggregation,99.50040847106139,1,1,1
2,1.5,incident_ops,50,join,99.34644630176585,1,1,1
2,1.5,incident_ops,50,negative_evidence,99.70673872515134,1,1,1
2,1.5,incident_ops,50,threshold,66.31998994532772,1,1,0
2,1.5,incident_ops,50,provenance,66.31998994532772,1,1,0
2,1.5,incident_ops,50,lookup,99.55134387186045,1,1,1
2,1.5,incident_ops,50,rare_event,72.20638181894418,1,1,0
2,1.5,incident_ops,50,latest_state,99.33540190364376,1,1,1
2,1.5,incident_ops,50,aggregation,99.80187848547108,1,1,1
2,1.5,incident_ops,50,join,99.24944442114973,1,1,1
2,1.5,incident_ops,50,negative_evidence,99.67084573776678,1,1,1
2,1.5,incident_ops,50,threshold,72.20638181894418,1,1,0
2,1.5,incident_ops,50,provenance,72.20638181894418,1,1,0
2,1.5,incident_ops,100,lookup,99.76806111774465,1,1,1
2,1.5,incident_ops,100,rare_event,77.09141244967613,1,1,0
2,1.5,incident_ops,100,latest_state,99.51710219047519,1,1,1
2,1.5,incident_ops,100,aggregation,99.57997400593848,1,1,1
2,1.5,incident_ops,100,join,99.42622864207445,1,1,1
2,1.5,incident_ops,100,negative_evidence,77.09141244967613,1,1,0
2,1.5,incident_ops,100,threshold,77.09141244967613,1,1,0
2,1.5,incident_ops,100,provenance,77.09141244967613,1,1,0
2,1.5,incident_ops,100,lookup,99.76548635172821,1,1,1
2,1.5,incident_ops,100,rare_event,76.10918617425844,1,1,0
2,1.5,incident_ops,100,latest_state,99.4205822699231,1,1,1
2,1.5,incident_ops,100,aggregation,99.6307994591397,1,1,1
2,1.5,incident_ops,100,join,99.27955717062453,1,1,1
2,1.5,incident_ops,100,negative_evidence,99.89700414096173,1,1,1
2,1.5,incident_ops,100,threshold,76.10918617425844,1,1,0
2,1.5,incident_ops,100,provenance,76.10918617425844,1,1,0
2,1.5,incident_ops,100,lookup,99.76551855255235,1,1,1
2,1.5,incident_ops,100,rare_event,75.105358217941,1,1,0
2,1.5,incident_ops,100,latest_state,99.61711925810916,1,1,1
2,1.5,incident_ops,100,aggregation,99.58067957370851,1,1,1
2,1.5,incident_ops,100,join,99.37735669698026,1,1,1
2,1.5,incident_ops,100,negative_evidence,99.83364491904054,1,1,1
2,1.5,incident_ops,100,threshold,75.105358217941,1,1,0
2,1.5,incident_ops,100,provenance,75.105358217941,1,1,0
2,1.5,incident_ops,100,lookup,71.20023632306629,1,1,0
2,1.5,incident_ops,100,rare_event,71.20023632306629,1,1,0
2,1.5,incident_ops,100,latest_state,99.61861255149785,1,1,1
2,1.5,incident_ops,100,aggregation,99.63127271576349,1,1,1
2,1.5,incident_ops,100,join,99.42660006013578,1,1,1
2,1.5,incident_ops,100,negative_evidence,99.89819117903055,1,1,1
2,1.5,incident_ops,100,threshold,71.20023632306629,1,1,0
2,1.5,incident_ops,100,provenance,71.20023632306629,1,1,0
2,1.5,incident_ops,100,lookup,99.77490092470276,1,1,1
2,1.5,incident_ops,100,rare_event,76.06552179656538,1,1,0
2,1.5,incident_ops,100,latest_state,99.47054161162482,1,1,1
2,1.5,incident_ops,100,aggregation,99.58150594451783,1,1,1
2,1.5,incident_ops,100,join,99.38124174372524,1,1,1
2,1.5,incident_ops,100,negative_evidence,99.87582562747687,1,1,1
2,1.5,incident_ops,100,threshold,76.06552179656538,1,1,0
2,1.5,incident_ops,100,provenance,76.06552179656538,1,1,0
2,1.5,incident_ops,250,lookup,99.9061357154662,1,1,1
2,1.5,incident_ops,250,rare_event,74.7992406103933,1,1,0
2,1.5,incident_ops,250,latest_state,99.88515927264714,1,1,1
2,1.5,incident_ops,250,aggregation,99.69361680488518,1,1,1
2,1.5,incident_ops,250,join,99.75040151877921,1,1,1
2,1.5,incident_ops,250,negative_evidence,99.94236775306278,1,1,1
2,1.5,incident_ops,250,threshold,74.7992406103933,1,1,0
2,1.5,incident_ops,250,provenance,74.7992406103933,1,1,0
2,1.5,incident_ops,250,lookup,99.91005610886606,1,1,1
2,1.5,incident_ops,250,rare_event,79.64213362183261,1,1,0
2,1.5,incident_ops,250,latest_state,99.86678121784877,1,1,1
2,1.5,incident_ops,250,aggregation,99.6436185445636,1,1,1
2,1.5,incident_ops,250,join,99.73038045841686,1,1,1
2,1.5,incident_ops,250,negative_evidence,99.94102735439803,1,1,1
2,1.5,incident_ops,250,threshold,79.64213362183261,1,1,0
2,1.5,incident_ops,250,provenance,79.64213362183261,1,1,0
2,1.5,incident_ops,250,lookup,99.90821370731831,1,1,1
2,1.5,incident_ops,250,rare_event,79.19715610876995,1,1,0
2,1.5,incident_ops,250,latest_state,99.78632659809898,1,1,1
2,1.5,incident_ops,250,aggregation,99.50206466164138,1,1,1
2,1.5,incident_ops,250,join,99.7697923467614,1,1,1
2,1.5,incident_ops,250,negative_evidence,99.94954933566225,1,1,1
2,1.5,incident_ops,250,threshold,79.19715610876995,1,1,0
2,1.5,incident_ops,250,provenance,79.19715610876995,1,1,0
2,1.5,incident_ops,250,lookup,99.90985462471168,1,1,1
2,1.5,incident_ops,250,rare_event,77.63527096514802,1,1,0
2,1.5,incident_ops,250,latest_state,99.84637196605793,1,1,1
2,1.5,incident_ops,250,aggregation,99.57191527181159,1,1,1
2,1.5,incident_ops,250,join,99.63307023298135,1,1,1
2,1.5,incident_ops,250,negative_evidence,99.9005438347758,1,1,1
2,1.5,incident_ops,250,threshold,77.63527096514802,1,1,0
2,1.5,incident_ops,250,provenance,77.63527096514802,1,1,0
2,1.5,incident_ops,250,lookup,77.23337810753435,1,1,0
2,1.5,incident_ops,250,rare_event,77.23337810753435,1,1,0
2,1.5,incident_ops,250,latest_state,99.80762630350128,1,1,1
2,1.5,incident_ops,250,aggregation,99.58516773376158,1,1,1
2,1.5,incident_ops,250,join,99.69300717375921,1,1,1
2,1.5,incident_ops,250,negative_evidence,99.92542341281107,1,1,1
2,1.5,incident_ops,250,threshold,77.23337810753435,1,1,0
2,1.5,incident_ops,250,provenance,77.23337810753435,1,1,0
2,1.5,incident_ops,500,lookup,99.95354648215357,1,1,1
2,1.5,incident_ops,500,rare_event,72.64237791103409,1,1,0
2,1.5,incident_ops,500,latest_state,99.90348698346976,1,1,1
2,1.5,incident_ops,500,aggregation,99.63505352760377,1,1,1
2,1.5,incident_ops,500,join,99.87432096199083,1,1,1
2,1.5,incident_ops,500,negative_evidence,99.97528842543785,1,1,1
2,1.5,incident_ops,500,threshold,72.64237791103409,1,1,0
2,1.5,incident_ops,500,provenance,72.64237791103409,1,1,0
2,1.5,incident_ops,500,lookup,75.61738185745553,1,1,0
2,1.5,incident_ops,500,rare_event,75.61738185745553,1,1,0
2,1.5,incident_ops,500,latest_state,99.90324315779534,1,1,1
2,1.5,incident_ops,500,aggregation,99.61254825906644,1,1,1
2,1.5,incident_ops,500,join,99.87512850518105,1,1,1
2,1.5,incident_ops,500,negative_evidence,99.97517423127644,1,1,1
2,1.5,incident_ops,500,threshold,75.61738185745553,1,1,0
2,1.5,incident_ops,500,provenance,75.61738185745553,1,1,0
2,1.5,incident_ops,500,lookup,99.95469890152793,1,1,1
2,1.5,incident_ops,500,rare_event,79.01434570148804,1,1,0
2,1.5,incident_ops,500,latest_state,99.90388104164943,1,1,1
2,1.5,incident_ops,500,aggregation,99.63493892308574,1,1,1
2,1.5,incident_ops,500,join,99.91417192350373,1,1,1
2,1.5,incident_ops,500,negative_evidence,99.97506848210553,1,1,1
2,1.5,incident_ops,500,threshold,79.01434570148804,1,1,0
2,1.5,incident_ops,500,provenance,79.01434570148804,1,1,0
2,1.5,incident_ops,500,lookup,99.95289494511836,1,1,1
2,1.5,incident_ops,500,rare_event,74.4172871307717,1,1,0
2,1.5,incident_ops,500,latest_state,99.91342854778512,1,1,1
2,1.5,incident_ops,500,aggregation,99.65562385552752,1,1,1
2,1.5,incident_ops,500,join,99.90430459571344,1,1,1
2,1.5,incident_ops,500,negative_evidence,99.96647478075992,1,1,1
2,1.5,incident_ops,500,threshold,74.4172871307717,1,1,0
2,1.5,incident_ops,500,provenance,74.4172871307717,1,1,0
2,1.5,incident_ops,500,lookup,99.95364703436483,1,1,1
2,1.5,incident_ops,500,rare_event,74.61225797281617,1,1,0
2,1.5,incident_ops,500,latest_state,99.88257955844823,1,1,1
2,1.5,incident_ops,500,aggregation,99.6559061315321,1,1,1
2,1.5,incident_ops,500,join,99.89467163644001,1,1,1
2,1.5,incident_ops,500,negative_evidence,99.96679982095239,1,1,1
2,1.5,incident_ops,500,threshold,74.61225797281617,1,1,0
2,1.5,incident_ops,500,provenance,74.61225797281617,1,1,0
2,1.5,identity_events,50,lookup,99.55625491738789,1,1,1
2,1.5,identity_events,50,rare_event,74.24914765276685,1,1,0
2,1.5,identity_events,50,latest_state,99.23734592184633,1,1,1
2,1.5,identity_events,50,aggregation,99.6338840807763,1,1,1
2,1.5,identity_events,50,join,99.33910306845004,1,1,1
2,1.5,identity_events,50,negative_evidence,99.70626803042224,1,1,1
2,1.5,identity_events,50,threshold,74.24914765276685,1,1,0
2,1.5,identity_events,50,provenance,74.24914765276685,1,1,0
2,1.5,identity_events,50,lookup,99.53801671939492,1,1,1
2,1.5,identity_events,50,rare_event,78.22916884912736,1,1,0
2,1.5,identity_events,50,latest_state,99.33478597917409,1,1,1
2,1.5,identity_events,50,aggregation,99.59249093842318,1,1,1
2,1.5,identity_events,50,join,99.33583356030925,1,1,1
2,1.5,identity_events,50,negative_evidence,99.75067568983218,1,1,1
2,1.5,identity_events,50,threshold,78.22916884912736,1,1,0
2,1.5,identity_events,50,provenance,78.22916884912736,1,1,0
2,1.5,identity_events,50,lookup,99.54678976080571,1,1,1
2,1.5,identity_events,50,rare_event,68.22492656315569,1,1,0
2,1.5,identity_events,50,latest_state,99.13869072597566,1,1,1
2,1.5,identity_events,50,aggregation,99.46705832983635,1,1,1
2,1.5,identity_events,50,join,99.15337809483844,1,1,1
2,1.5,identity_events,50,negative_evidence,99.79122954259337,1,1,1
2,1.5,identity_events,50,threshold,68.22492656315569,1,1,0
2,1.5,identity_events,50,provenance,68.22492656315569,1,1,0
2,1.5,identity_events,50,lookup,99.54488386691777,1,1,1
2,1.5,identity_events,50,rare_event,74.23414940364093,1,1,0
2,1.5,identity_events,50,latest_state,99.03850177861477,1,1,1
2,1.5,identity_events,50,aggregation,99.54802259887006,1,1,1
2,1.5,identity_events,50,join,98.65557648043523,1,1,1
2,1.5,identity_events,50,negative_evidence,99.79388993513287,1,1,1
2,1.5,identity_events,50,threshold,74.23414940364093,1,1,0
2,1.5,identity_events,50,provenance,74.23414940364093,1,1,0
2,1.5,identity_events,50,lookup,99.54329290009008,1,1,1
2,1.5,identity_events,50,rare_event,74.29032325644732,1,1,0
2,1.5,identity_events,50,latest_state,98.94412670479542,1,1,1
2,1.5,identity_events,50,aggregation,99.63128234135714,1,1,1
2,1.5,identity_events,50,join,99.1431504409947,1,1,1
2,1.5,identity_events,50,negative_evidence,99.58624012737519,1,1,1
2,1.5,identity_events,50,threshold,74.29032325644732,1,1,0
2,1.5,identity_events,50,provenance,74.29032325644732,1,1,0
2,1.5,identity_events,100,lookup,99.76752767527675,1,1,1
2,1.5,identity_events,100,rare_event,79.12704269899842,1,1,0
2,1.5,identity_events,100,latest_state,99.66684238270955,1,1,1
2,1.5,identity_events,100,aggregation,99.73115445440169,1,1,1
2,1.5,identity_events,100,join,99.52240379546653,1,1,1
2,1.5,identity_events,100,negative_evidence,99.85608856088561,1,1,1
2,1.5,identity_events,100,threshold,79.12704269899842,1,1,0
2,1.5,identity_events,100,provenance,79.12704269899842,1,1,0
2,1.5,identity_events,100,lookup,99.76336861676279,1,1,1
2,1.5,identity_events,100,rare_event,73.20413682364624,1,1,0
2,1.5,identity_events,100,latest_state,99.51775791764382,1,1,1
2,1.5,identity_events,100,aggregation,99.69259047981238,1,1,1
2,1.5,identity_events,100,join,99.22830702921975,1,1,1
2,1.5,identity_events,100,negative_evidence,99.83361855866134,1,1,1
2,1.5,identity_events,100,threshold,73.20413682364624,1,1,0
2,1.5,identity_events,100,provenance,73.20413682364624,1,1,0
2,1.5,identity_events,100,lookup,99.76408497163214,1,1,1
2,1.5,identity_events,100,rare_event,82.07995777807099,1,1,0
2,1.5,identity_events,100,latest_state,99.37247658002374,1,1,1
2,1.5,identity_events,100,aggregation,99.74772397413906,1,1,1
2,1.5,identity_events,100,join,99.57039187227866,1,1,1
2,1.5,identity_events,100,negative_evidence,99.812112415886,1,1,1
2,1.5,identity_events,100,threshold,82.07995777807099,1,1,0
2,1.5,identity_events,100,provenance,82.07995777807099,1,1,0
2,1.5,identity_events,100,lookup,73.21458702438201,1,1,0
2,1.5,identity_events,100,rare_event,73.21458702438201,1,1,0
2,1.5,identity_events,100,latest_state,99.51858179363875,1,1,1
2,1.5,identity_events,100,aggregation,99.55654686577238,1,1,1
2,1.5,identity_events,100,join,99.4178688939509,1,1,1
2,1.5,identity_events,100,negative_evidence,99.78750105458533,1,1,1
2,1.5,identity_events,100,threshold,73.21458702438201,1,1,0
2,1.5,identity_events,100,provenance,73.21458702438201,1,1,0
2,1.5,identity_events,100,lookup,99.77314692693221,1,1,1
2,1.5,identity_events,100,rare_event,79.1268794513321,1,1,0
2,1.5,identity_events,100,latest_state,99.66235821682933,1,1,1
2,1.5,identity_events,100,aggregation,99.45344236349248,1,1,1
2,1.5,identity_events,100,join,99.2286995515695,1,1,1
2,1.5,identity_events,100,negative_evidence,99.81324188868372,1,1,1
2,1.5,identity_events,100,threshold,79.1268794513321,1,1,0
2,1.5,identity_events,100,provenance,79.1268794513321,1,1,0
2,1.5,identity_events,250,lookup,77.20323874295443,1,1,0
2,1.5,identity_events,250,rare_event,77.20323874295443,1,1,0
2,1.5,identity_events,250,latest_state,99.78720340813328,1,1,1
2,1.5,identity_events,250,aggregation,99.60913183225276,1,1,1
2,1.5,identity_events,250,join,99.7499375373188,1,1,1
2,1.5,identity_events,250,negative_evidence,99.95087680665365,1,1,1
2,1.5,identity_events,250,threshold,77.20323874295443,1,1,0
2,1.5,identity_events,250,provenance,77.20323874295443,1,1,0
2,1.5,identity_events,250,lookup,75.24187079199854,1,1,0
2,1.5,identity_events,250,rare_event,75.24187079199854,1,1,0
2,1.5,identity_events,250,latest_state,99.7673891923812,1,1,1
2,1.5,identity_events,250,aggregation,99.63552701481386,1,1,1
2,1.5,identity_events,250,join,99.82771137634057,1,1,1
2,1.5,identity_events,250,negative_evidence,99.9242268706756,1,1,1
2,1.5,identity_events,250,threshold,75.24187079199854,1,1,0
2,1.5,identity_events,250,provenance,75.24187079199854,1,1,0
2,1.5,identity_events,250,lookup,99.90554009462934,1,1,1
2,1.5,identity_events,250,rare_event,74.04152847140153,1,1,0
2,1.5,identity_events,250,latest_state,99.78651214212192,1,1,1
2,1.5,identity_events,250,aggregation,99.62681983573295,1,1,1
2,1.5,identity_events,250,join,99.76999224835754,1,1,1
2,1.5,identity_events,250,negative_evidence,99.9324378703739,1,1,1
2,1.5,identity_events,250,threshold,74.04152847140153,1,1,0
2,1.5,identity_events,250,provenance,74.04152847140153,1,1,0
2,1.5,identity_events,250,lookup,99.9090705316625,1,1,1
2,1.5,identity_events,250,rare_event,75.60933316980126,1,1,0
2,1.5,identity_events,250,latest_state,99.78747880074604,1,1,1
2,1.5,identity_events,250,aggregation,99.61006060554797,1,1,1
2,1.5,identity_events,250,join,99.88580950487848,1,1,1
2,1.5,identity_events,250,negative_evidence,99.90589857346467,1,1,1
2,1.5,identity_events,250,threshold,75.60933316980126,1,1,0
2,1.5,identity_events,250,provenance,75.60933316980126,1,1,0
2,1.5,identity_events,250,lookup,99.9100070088659,1,1,1
2,1.5,identity_events,250,rare_event,75.99283444042358,1,1,0
2,1.5,identity_events,250,latest_state,99.84563555167821,1,1,1
2,1.5,identity_events,250,aggregation,99.63536957474605,1,1,1
2,1.5,identity_events,250,join,99.76792395698124,1,1,1
2,1.5,identity_events,250,negative_evidence,99.9584973499711,1,1,1
2,1.5,identity_events,250,threshold,75.99283444042358,1,1,0
2,1.5,identity_events,250,provenance,75.99283444042358,1,1,0
2,1.5,identity_events,500,lookup,73.42722238760275,1,1,0
2,1.5,identity_events,500,rare_event,73.42722238760275,1,1,0
2,1.5,identity_events,500,latest_state,99.92340704125532,1,1,1
2,1.5,identity_events,500,aggregation,99.6275230388018,1,1,1
2,1.5,identity_events,500,join,99.89385042232065,1,1,1
2,1.5,identity_events,500,negative_evidence,99.95773085679235,1,1,1
2,1.5,identity_events,500,threshold,73.42722238760275,1,1,0
2,1.5,identity_events,500,provenance,73.42722238760275,1,1,0
2,1.5,identity_events,500,lookup,75.61829777717007,1,1,0
2,1.5,identity_events,500,rare_event,75.61829777717007,1,1,0
2,1.5,identity_events,500,latest_state,99.91340174277667,1,1,1
2,1.5,identity_events,500,aggregation,99.63463379112754,1,1,1
2,1.5,identity_events,500,join,99.90354416882103,1,1,1
2,1.5,identity_events,500,negative_evidence,99.97509107656367,1,1,1
2,1.5,identity_events,500,threshold,75.61829777717007,1,1,0
2,1.5,identity_events,500,provenance,75.61829777717007,1,1,0
2,1.5,identity_events,500,lookup,99.95288831672602,1,1,1
2,1.5,identity_events,500,rare_event,74.0097018306859,1,1,0
2,1.5,identity_events,500,latest_state,99.92250392773809,1,1,1
2,1.5,identity_events,500,aggregation,99.68133445695581,1,1,1
2,1.5,identity_events,500,join,99.84500785547617,1,1,1
2,1.5,identity_events,500,negative_evidence,99.96696888723264,1,1,1
2,1.5,identity_events,500,threshold,74.0097018306859,1,1,0
2,1.5,identity_events,500,provenance,74.0097018306859,1,1,0
2,1.5,identity_events,500,lookup,99.95384792892581,1,1,1
2,1.5,identity_events,500,rare_event,73.40635099073465,1,1,0
2,1.5,identity_events,500,latest_state,99.9129885265528,1,1,1
2,1.5,identity_events,500,aggregation,99.6353351264895,1,1,1
2,1.5,identity_events,500,join,99.85540429108407,1,1,1
2,1.5,identity_events,500,negative_evidence,99.9624220522217,1,1,1
2,1.5,identity_events,500,threshold,73.40635099073465,1,1,0
2,1.5,identity_events,500,provenance,73.40635099073465,1,1,0
2,1.5,identity_events,500,lookup,74.82428764617987,1,1,0
2,1.5,identity_events,500,rare_event,74.82428764617987,1,1,0
2,1.5,identity_events,500,latest_state,99.87345109970465,1,1,1
2,1.5,identity_events,500,aggregation,99.56613318451042,1,1,1
2,1.5,identity_events,500,join,99.87535727560868,1,1,1
2,1.5,identity_events,500,negative_evidence,99.97892616639433,1,1,1
2,1.5,identity_events,500,threshold,74.82428764617987,1,1,0
2,1.5,identity_events,500,provenance,74.82428764617987,1,1,0
2,1.5,cloud_inventory,50,lookup,99.53654674901176,1,1,1
2,1.5,cloud_inventory,50,rare_event,70.3347977896845,1,1,0
2,1.5,cloud_inventory,50,latest_state,98.75538685764016,1,1,1
2,1.5,cloud_inventory,50,aggregation,99.5428379696134,1,1,1
2,1.5,cloud_inventory,50,join,98.56350462928982,1,1,1
2,1.5,cloud_inventory,50,negative_evidence,99.70955531555714,1,1,1
2,1.5,cloud_inventory,50,threshold,70.3347977896845,1,1,0
2,1.5,cloud_inventory,50,provenance,70.3347977896845,1,1,0
2,1.5,cloud_inventory,50,lookup,78.22885572139303,1,1,0
2,1.5,cloud_inventory,50,rare_event,78.22885572139303,1,1,0
2,1.5,cloud_inventory,50,latest_state,99.33595181984812,1,1,1
2,1.5,cloud_inventory,50,aggregation,99.63341188792879,1,1,1
2,1.5,cloud_inventory,50,join,99.05629746006808,1,1,1
2,1.5,cloud_inventory,50,negative_evidence,99.83241686305315,1,1,1
2,1.5,cloud_inventory,50,threshold,78.22885572139303,1,1,0
2,1.5,cloud_inventory,50,provenance,78.22885572139303,1,1,0
2,1.5,cloud_inventory,50,lookup,99.52992529169813,1,1,1
2,1.5,cloud_inventory,50,rare_event,80.1372450264417,1,1,0
2,1.5,cloud_inventory,50,latest_state,99.13539830437338,1,1,1
2,1.5,cloud_inventory,50,aggregation,99.5026441702342,1,1,1
2,1.5,cloud_inventory,50,join,98.85419289851423,1,1,1
2,1.5,cloud_inventory,50,negative_evidence,99.75027281121463,1,1,1
2,1.5,cloud_inventory,50,threshold,80.1372450264417,1,1,0
2,1.5,cloud_inventory,50,provenance,80.1372450264417,1,1,0
2,1.5,cloud_inventory,50,lookup,99.53998658730823,1,1,1
2,1.5,cloud_inventory,50,rare_event,70.23115935954397,1,1,0
2,1.5,cloud_inventory,50,latest_state,99.24134462234889,1,1,1
2,1.5,cloud_inventory,50,aggregation,99.59237991449409,1,1,1
2,1.5,cloud_inventory,50,join,99.15437169922039,1,1,1
2,1.5,cloud_inventory,50,negative_evidence,99.75060776259535,1,1,1
2,1.5,cloud_inventory,50,threshold,70.23115935954397,1,1,0
2,1.5,cloud_inventory,50,provenance,70.23115935954397,1,1,0
2,1.5,cloud_inventory,50,lookup,99.51462430660615,1,1,1
2,1.5,cloud_inventory,50,rare_event,72.14447806354009,1,1,0
2,1.5,cloud_inventory,50,latest_state,99.2404185577408,1,1,1
2,1.5,cloud_inventory,50,aggregation,99.54824340225248,1,1,1
2,1.5,cloud_inventory,50,join,99.43688014792403,1,1,1
2,1.5,cloud_inventory,50,negative_evidence,99.71108589678937,1,1,1
2,1.5,cloud_inventory,50,threshold,72.14447806354009,1,1,0
2,1.5,cloud_inventory,50,provenance,72.14447806354009,1,1,0
2,1.5,cloud_inventory,100,lookup,99.76916996047431,1,1,1
2,1.5,cloud_inventory,100,rare_event,73.1083003952569,1,1,0
2,1.5,cloud_inventory,100,latest_state,99.46982872200265,1,1,1
2,1.5,cloud_inventory,100,aggregation,99.67009222661397,1,1,1
2,1.5,cloud_inventory,100,join,99.3270092226614,1,1,1
2,1.5,cloud_inventory,100,negative_evidence,99.81080368906456,1,1,1
2,1.5,cloud_inventory,100,threshold,73.1083003952569,1,1,0
2,1.5,cloud_inventory,100,provenance,73.1083003952569,1,1,0
2,1.5,cloud_inventory,100,lookup,99.76363828215679,1,1,1
2,1.5,cloud_inventory,100,rare_event,76.07998311702016,1,1,0
2,1.5,cloud_inventory,100,latest_state,99.51936266751082,1,1,1
2,1.5,cloud_inventory,100,aggregation,99.72617917062362,1,1,1
2,1.5,cloud_inventory,100,join,99.23024163764904,1,1,1
2,1.5,cloud_inventory,100,negative_evidence,99.81587000105519,1,1,1
2,1.5,cloud_inventory,100,threshold,76.07998311702016,1,1,0
2,1.5,cloud_inventory,100,provenance,76.07998311702016,1,1,0
2,1.5,cloud_inventory,100,lookup,80.10206507440924,1,1,0
2,1.5,cloud_inventory,100,rare_event,80.10206507440924,1,1,0
2,1.5,cloud_inventory,100,latest_state,99.66242452097565,1,1,1
2,1.5,cloud_inventory,100,aggregation,99.56521968820493,1,1,1
2,1.5,cloud_inventory,100,join,99.32643390335515,1,1,1
2,1.5,cloud_inventory,100,negative_evidence,99.85524932511318,1,1,1
2,1.5,cloud_inventory,100,threshold,80.10206507440924,1,1,0
2,1.5,cloud_inventory,100,provenance,80.10206507440924,1,1,0
2,1.5,cloud_inventory,100,lookup,99.76704719139023,1,1,1
2,1.5,cloud_inventory,100,rare_event,76.1334050111206,1,1,0
2,1.5,cloud_inventory,100,latest_state,99.61736710622016,1,1,1
2,1.5,cloud_inventory,100,aggregation,99.5989206168506,1,1,1
2,1.5,cloud_inventory,100,join,99.42394248911657,1,1,1
2,1.5,cloud_inventory,100,negative_evidence,99.83029229780013,1,1,1
2,1.5,cloud_inventory,100,threshold,76.1334050111206,1,1,0
2,1.5,cloud_inventory,100,provenance,76.1334050111206,1,1,0
2,1.5,cloud_inventory,100,lookup,99.76552043924082,1,1,1
2,1.5,cloud_inventory,100,rare_event,79.06334636583027,1,1,0
2,1.5,cloud_inventory,100,latest_state,99.61587505664394,1,1,1
2,1.5,cloud_inventory,100,aggregation,99.69227850902614,1,1,1
2,1.5,cloud_inventory,100,join,99.57214066665964,1,1,1
2,1.5,cloud_inventory,100,negative_evidence,99.8566776617382,1,1,1
2,1.5,cloud_inventory,100,threshold,79.06334636583027,1,1,0
2,1.5,cloud_inventory,100,provenance,79.06334636583027,1,1,0
2,1.5,cloud_inventory,250,lookup,99.90948618606933,1,1,1
2,1.5,cloud_inventory,250,rare_event,76.0561354831069,1,1,0
2,1.5,cloud_inventory,250,latest_state,99.76715955808957,1,1,1
2,1.5,cloud_inventory,250,aggregation,99.65317136718154,1,1,1
2,1.5,cloud_inventory,250,join,99.72993892432368,1,1,1
2,1.5,cloud_inventory,250,negative_evidence,99.9236554046052,1,1,1
2,1.5,cloud_inventory,250,threshold,76.0561354831069,1,1,0
2,1.5,cloud_inventory,250,provenance,76.0561354831069,1,1,0
2,1.5,cloud_inventory,250,lookup,99.90882957052594,1,1,1
2,1.5,cloud_inventory,250,rare_event,75.62343862707064,1,1,0
2,1.5,cloud_inventory,250,latest_state,99.86525391281907,1,1,1
2,1.5,cloud_inventory,250,aggregation,99.58687738106067,1,1,1
2,1.5,cloud_inventory,250,join,99.77027590160363,1,1,1
2,1.5,cloud_inventory,250,negative_evidence,99.91686779864662,1,1,1
2,1.5,cloud_inventory,250,threshold,75.62343862707064,1,1,0
2,1.5,cloud_inventory,250,provenance,75.62343862707064,1,1,0
2,1.5,cloud_inventory,250,lookup,74.45788178850886,1,1,0
2,1.5,cloud_inventory,250,rare_event,74.45788178850886,1,1,0
2,1.5,cloud_inventory,250,latest_state,99.78782769832188,1,1,1
2,1.5,cloud_inventory,250,aggregation,99.67042428114205,1,1,1
2,1.5,cloud_inventory,250,join,99.82717370840376,1,1,1
2,1.5,cloud_inventory,250,negative_evidence,99.91644261299814,1,1,1
2,1.5,cloud_inventory,250,threshold,74.45788178850886,1,1,0
2,1.5,cloud_inventory,250,provenance,74.45788178850886,1,1,0
2,1.5,cloud_inventory,250,lookup,99.90565379172334,1,1,1
2,1.5,cloud_inventory,250,rare_event,79.22225724360995,1,1,0
2,1.5,cloud_inventory,250,latest_state,99.78740372350214,1,1,1
2,1.5,cloud_inventory,250,aggregation,99.62621132281423,1,1,1
2,1.5,cloud_inventory,250,join,99.84726914265526,1,1,1
2,1.5,cloud_inventory,250,negative_evidence,99.91623072090235,1,1,1
2,1.5,cloud_inventory,250,threshold,79.22225724360995,1,1,0
2,1.5,cloud_inventory,250,provenance,79.22225724360995,1,1,0
2,1.5,cloud_inventory,250,lookup,76.04286560595803,1,1,0
2,1.5,cloud_inventory,250,rare_event,76.04286560595803,1,1,0
2,1.5,cloud_inventory,250,latest_state,99.86649458361543,1,1,1
2,1.5,cloud_inventory,250,aggregation,99.63502877454299,1,1,1
2,1.5,cloud_inventory,250,join,99.86734089370344,1,1,1
2,1.5,cloud_inventory,250,negative_evidence,99.92383209207854,1,1,1
2,1.5,cloud_inventory,250,threshold,76.04286560595803,1,1,0
2,1.5,cloud_inventory,250,provenance,76.04286560595803,1,1,0
2,1.5,cloud_inventory,500,lookup,99.95406668585846,1,1,1
2,1.5,cloud_inventory,500,rare_event,73.59945726720065,1,1,0
2,1.5,cloud_inventory,500,latest_state,99.91289604253805,1,1,1
2,1.5,cloud_inventory,500,aggregation,99.60586253026942,1,1,1
2,1.5,cloud_inventory,500,join,99.88453169187001,1,1,1
2,1.5,cloud_inventory,500,negative_evidence,99.9626394933365,1,1,1
2,1.5,cloud_inventory,500,threshold,73.59945726720065,1,1,0
2,1.5,cloud_inventory,500,provenance,73.59945726720065,1,1,0
2,1.5,cloud_inventory,500,lookup,99.95286750897901,1,1,1
2,1.5,cloud_inventory,500,rare_event,74.42283881641312,1,1,0
2,1.5,cloud_inventory,500,latest_state,99.922999278714,1,1,1
2,1.5,cloud_inventory,500,aggregation,99.71423941398956,1,1,1
2,1.5,cloud_inventory,500,join,99.8646397224161,1,1,1
2,1.5,cloud_inventory,500,negative_evidence,99.97479206098203,1,1,1
2,1.5,cloud_inventory,500,threshold,74.42283881641312,1,1,0
2,1.5,cloud_inventory,500,provenance,74.42283881641312,1,1,0
2,1.5,cloud_inventory,500,lookup,99.95458347007697,1,1,1
2,1.5,cloud_inventory,500,rare_event,74.63767348796833,1,1,0
2,1.5,cloud_inventory,500,latest_state,99.87317248753428,1,1,1
2,1.5,cloud_inventory,500,aggregation,99.64725436432738,1,1,1
2,1.5,cloud_inventory,500,join,99.92398818535025,1,1,1
2,1.5,cloud_inventory,500,negative_evidence,99.96188822663801,1,1,1
2,1.5,cloud_inventory,500,threshold,74.63767348796833,1,1,0
2,1.5,cloud_inventory,500,provenance,74.63767348796833,1,1,0
2,1.5,cloud_inventory,500,lookup,99.95253573592917,1,1,1
2,1.5,cloud_inventory,500,rare_event,75.80032377408705,1,1,0
2,1.5,cloud_inventory,500,latest_state,99.93219390847025,1,1,1
2,1.5,cloud_inventory,500,aggregation,99.62537134429815,1,1,1
2,1.5,cloud_inventory,500,join,99.82561120834693,1,1,1
2,1.5,cloud_inventory,500,negative_evidence,99.96715642441528,1,1,1
2,1.5,cloud_inventory,500,threshold,75.80032377408705,1,1,0
2,1.5,cloud_inventory,500,provenance,75.80032377408705,1,1,0
2,1.5,cloud_inventory,500,lookup,99.95265908717825,1,1,1
2,1.5,cloud_inventory,500,rare_event,76.42666130065716,1,1,0
2,1.5,cloud_inventory,500,latest_state,99.90383546120322,1,1,1
2,1.5,cloud_inventory,500,aggregation,99.66893133449479,1,1,1
2,1.5,cloud_inventory,500,join,99.84600964822631,1,1,1
2,1.5,cloud_inventory,500,negative_evidence,99.96632122980465,1,1,1
2,1.5,cloud_inventory,500,threshold,76.42666130065716,1,1,0
2,1.5,cloud_inventory,500,provenance,76.42666130065716,1,1,0
2,1.5,issue_tracking,50,lookup,99.5400685182663,1,1,1
2,1.5,issue_tracking,50,rare_event,76.12756550618656,1,1,0
2,1.5,issue_tracking,50,latest_state,99.24043206319605,1,1,1
2,1.5,issue_tracking,50,aggregation,99.59350019382079,1,1,1
2,1.5,issue_tracking,50,join,99.34310469465369,1,1,1
2,1.5,issue_tracking,50,negative_evidence,76.12756550618656,1,1,0
2,1.5,issue_tracking,50,threshold,76.12756550618656,1,1,0
2,1.5,issue_tracking,50,provenance,76.12756550618656,1,1,0
2,1.5,issue_tracking,50,lookup,99.55150372000419,1,1,1
2,1.5,issue_tracking,50,rare_event,78.17981766740019,1,1,0
2,1.5,issue_tracking,50,latest_state,99.14387509169025,1,1,1
2,1.5,issue_tracking,50,aggregation,99.59341926019071,1,1,1
2,1.5,issue_tracking,50,join,99.24447238813791,1,1,1
2,1.5,issue_tracking,50,negative_evidence,99.75793775542282,1,1,1
2,1.5,issue_tracking,50,threshold,78.17981766740019,1,1,0
2,1.5,issue_tracking,50,provenance,78.17981766740019,1,1,0
2,1.5,issue_tracking,50,lookup,70.32057260828101,1,1,0
2,1.5,issue_tracking,50,rare_event,70.32057260828101,1,1,0
2,1.5,issue_tracking,50,latest_state,99.04425557779571,1,1,1
2,1.5,issue_tracking,50,aggregation,99.415235320625,1,1,1
2,1.5,issue_tracking,50,join,99.34606960586022,1,1,1
2,1.5,issue_tracking,50,negative_evidence,99.7558240675728,1,1,1
2,1.5,issue_tracking,50,threshold,70.32057260828101,1,1,0
2,1.5,issue_tracking,50,provenance,70.32057260828101,1,1,0
2,1.5,issue_tracking,50,lookup,99.54111619817914,1,1,1
2,1.5,issue_tracking,50,rare_event,70.34751542708672,1,1,0
2,1.5,issue_tracking,50,latest_state,99.23519366363188,1,1,1
2,1.5,issue_tracking,50,aggregation,99.5526406772203,1,1,1
2,1.5,issue_tracking,50,join,99.43634820689583,1,1,1
2,1.5,issue_tracking,50,negative_evidence,99.75169986065858,1,1,1
2,1.5,issue_tracking,50,threshold,70.34751542708672,1,1,0
2,1.5,issue_tracking,50,provenance,70.34751542708672,1,1,0
2,1.5,issue_tracking,50,lookup,99.53769559032717,1,1,1
2,1.5,issue_tracking,50,rare_event,74.28144088360807,1,1,0
2,1.5,issue_tracking,50,latest_state,99.24169525562715,1,1,1
2,1.5,issue_tracking,50,aggregation,99.51573090117982,1,1,1
2,1.5,issue_tracking,50,join,99.25110869383316,1,1,1
2,1.5,issue_tracking,50,negative_evidence,99.75629654422224,1,1,1
2,1.5,issue_tracking,50,threshold,74.28144088360807,1,1,0
2,1.5,issue_tracking,50,provenance,74.28144088360807,1,1,0
2,1.5,issue_tracking,100,lookup,99.77066034005536,1,1,1
2,1.5,issue_tracking,100,rare_event,78.12415974693555,1,1,0
2,1.5,issue_tracking,100,latest_state,99.51970475813893,1,1,1
2,1.5,issue_tracking,100,aggregation,99.4242783708976,1,1,1
2,1.5,issue_tracking,100,join,99.47383682614999,1,1,1
2,1.5,issue_tracking,100,negative_evidence,99.81020166073546,1,1,1
2,1.5,issue_tracking,100,threshold,78.12415974693555,1,1,0
2,1.5,issue_tracking,100,provenance,78.12415974693555,1,1,0
2,1.5,issue_tracking,100,lookup,99.77194380948862,1,1,1
2,1.5,issue_tracking,100,rare_event,80.07781361685504,1,1,0
2,1.5,issue_tracking,100,latest_state,99.42035718245023,1,1,1
2,1.5,issue_tracking,100,aggregation,99.49479218907548,1,1,1
2,1.5,issue_tracking,100,join,99.47737123007808,1,1,1
2,1.5,issue_tracking,100,negative_evidence,99.87488583992779,1,1,1
2,1.5,issue_tracking,100,threshold,80.07781361685504,1,1,0
2,1.5,issue_tracking,100,provenance,80.07781361685504,1,1,0
2,1.5,issue_tracking,100,lookup,67.11688887481395,1,1,0
2,1.5,issue_tracking,100,rare_event,67.11688887481395,1,1,0
2,1.5,issue_tracking,100,latest_state,99.56930677391772,1,1,1
2,1.5,issue_tracking,100,aggregation,99.6711741668514,1,1,1
2,1.5,issue_tracking,100,join,99.52602632717907,1,1,1
2,1.5,issue_tracking,100,negative_evidence,99.85485216032767,1,1,1
2,1.5,issue_tracking,100,threshold,67.11688887481395,1,1,0
2,1.5,issue_tracking,100,provenance,67.11688887481395,1,1,0
2,1.5,issue_tracking,100,lookup,99.77464758999584,1,1,1
2,1.5,issue_tracking,100,rare_event,76.10736696555327,1,1,0
2,1.5,issue_tracking,100,latest_state,99.420522374275,1,1,1
2,1.5,issue_tracking,100,aggregation,99.64851357128155,1,1,1
2,1.5,issue_tracking,100,join,99.62054242905621,1,1,1
2,1.5,issue_tracking,100,negative_evidence,99.83375641884939,1,1,1
2,1.5,issue_tracking,100,threshold,76.10736696555327,1,1,0
2,1.5,issue_tracking,100,provenance,76.10736696555327,1,1,0
2,1.5,issue_tracking,100,lookup,99.76530031012004,1,1,1
2,1.5,issue_tracking,100,rare_event,71.15936372650367,1,1,0
2,1.5,issue_tracking,100,latest_state,99.51899748950444,1,1,1
2,1.5,issue_tracking,100,aggregation,99.69146220543871,1,1,1
2,1.5,issue_tracking,100,join,99.42353536845215,1,1,1
2,1.5,issue_tracking,100,negative_evidence,99.8533786207042,1,1,1
2,1.5,issue_tracking,100,threshold,71.15936372650367,1,1,0
2,1.5,issue_tracking,100,provenance,71.15936372650367,1,1,0
2,1.5,issue_tracking,250,lookup,99.90925628225739,1,1,1
2,1.5,issue_tracking,250,rare_event,76.46120653185548,1,1,0
2,1.5,issue_tracking,250,latest_state,99.84579913698283,1,1,1
2,1.5,issue_tracking,250,aggregation,99.64358236737456,1,1,1
2,1.5,issue_tracking,250,join,99.84664523225315,1,1,1
2,1.5,issue_tracking,250,negative_evidence,99.9405618072595,1,1,1
2,1.5,issue_tracking,250,threshold,76.46120653185548,1,1,0
2,1.5,issue_tracking,250,provenance,76.46120653185548,1,1,0
2,1.5,issue_tracking,250,lookup,73.6903255078308,1,1,0
2,1.5,issue_tracking,250,rare_event,73.6903255078308,1,1,0
2,1.5,issue_tracking,250,latest_state,99.8248749636923,1,1,1
2,1.5,issue_tracking,250,aggregation,99.68536857883701,1,1,1
2,1.5,issue_tracking,250,join,99.72925584580517,1,1,1
2,1.5,issue_tracking,250,negative_evidence,99.95780885929149,1,1,1
2,1.5,issue_tracking,250,threshold,73.6903255078308,1,1,0
2,1.5,issue_tracking,250,provenance,73.6903255078308,1,1,0
2,1.5,issue_tracking,250,lookup,99.9063963880018,1,1,1
2,1.5,issue_tracking,250,rare_event,75.29542316456447,1,1,0
2,1.5,issue_tracking,250,latest_state,99.82634624018432,1,1,1
2,1.5,issue_tracking,250,aggregation,99.5851369323428,1,1,1
2,1.5,issue_tracking,250,join,99.76980288180532,1,1,1
2,1.5,issue_tracking,250,negative_evidence,99.95785719731303,1,1,1
2,1.5,issue_tracking,250,threshold,75.29542316456447,1,1,0
2,1.5,issue_tracking,250,provenance,75.29542316456447,1,1,0
2,1.5,issue_tracking,250,lookup,99.90571594438724,1,1,1
2,1.5,issue_tracking,250,rare_event,75.22977765912819,1,1,0
2,1.5,issue_tracking,250,latest_state,99.80740627741123,1,1,1
2,1.5,issue_tracking,250,aggregation,99.66926424536737,1,1,1
2,1.5,issue_tracking,250,join,99.88643538470014,1,1,1
2,1.5,issue_tracking,250,negative_evidence,99.95020954366517,1,1,1
2,1.5,issue_tracking,250,threshold,75.22977765912819,1,1,0
2,1.5,issue_tracking,250,provenance,75.22977765912819,1,1,0
2,1.5,issue_tracking,250,lookup,99.90828525192961,1,1,1
2,1.5,issue_tracking,250,rare_event,77.20306026485017,1,1,0
2,1.5,issue_tracking,250,latest_state,99.84664785772988,1,1,1
2,1.5,issue_tracking,250,aggregation,99.58442416694201,1,1,1
2,1.5,issue_tracking,250,join,99.80852163451355,1,1,1
2,1.5,issue_tracking,250,negative_evidence,99.95848477916445,1,1,1
2,1.5,issue_tracking,250,threshold,77.20306026485017,1,1,0
2,1.5,issue_tracking,250,provenance,77.20306026485017,1,1,0
2,1.5,issue_tracking,500,lookup,99.95348704153216,1,1,1
2,1.5,issue_tracking,500,rare_event,75.82406870779796,1,1,0
2,1.5,issue_tracking,500,latest_state,99.92318474968293,1,1,1
2,1.5,issue_tracking,500,aggregation,99.66434384413179,1,1,1
2,1.5,issue_tracking,500,join,99.88398248400388,1,1,1
2,1.5,issue_tracking,500,negative_evidence,99.9663072419299,1,1,1
2,1.5,issue_tracking,500,threshold,75.82406870779796,1,1,0
2,1.5,issue_tracking,500,provenance,75.82406870779796,1,1,0
2,1.5,issue_tracking,500,lookup,99.95281018027572,1,1,1
2,1.5,issue_tracking,500,rare_event,72.18409331919406,1,1,0
2,1.5,issue_tracking,500,latest_state,99.88356309650052,1,1,1
2,1.5,issue_tracking,500,aggregation,99.61367974549312,1,1,1
2,1.5,issue_tracking,500,join,99.91389183457052,1,1,1
2,1.5,issue_tracking,500,negative_evidence,99.95344644750796,1,1,1
2,1.5,issue_tracking,500,threshold,72.18409331919406,1,1,0
2,1.5,issue_tracking,500,provenance,72.18409331919406,1,1,0
2,1.5,issue_tracking,500,lookup,99.95368422391398,1,1,1
2,1.5,issue_tracking,500,rare_event,74.64746487367027,1,1,0
2,1.5,issue_tracking,500,latest_state,99.92252441116962,1,1,1
2,1.5,issue_tracking,500,aggregation,99.66826457860593,1,1,1
2,1.5,issue_tracking,500,join,99.87461884871911,1,1,1
2,1.5,issue_tracking,500,negative_evidence,99.97053595937778,1,1,1
2,1.5,issue_tracking,500,threshold,74.64746487367027,1,1,0
2,1.5,issue_tracking,500,provenance,74.64746487367027,1,1,0
2,1.5,issue_tracking,500,lookup,74.02906477349876,1,1,0
2,1.5,issue_tracking,500,rare_event,74.02906477349876,1,1,0
2,1.5,issue_tracking,500,latest_state,99.90361874541263,1,1,1
2,1.5,issue_tracking,500,aggregation,99.64773181015647,1,1,1
2,1.5,issue_tracking,500,join,99.92363639059616,1,1,1
2,1.5,issue_tracking,500,negative_evidence,99.97479259495408,1,1,1
2,1.5,issue_tracking,500,threshold,74.02906477349876,1,1,0
2,1.5,issue_tracking,500,provenance,74.02906477349876,1,1,0
2,1.5,issue_tracking,500,lookup,99.95400071860628,1,1,1
2,1.5,issue_tracking,500,rare_event,70.01525183546671,1,1,0
2,1.5,issue_tracking,500,latest_state,99.90301994821371,1,1,1
2,1.5,issue_tracking,500,aggregation,99.6476921397403,1,1,1
2,1.5,issue_tracking,500,join,99.89401087236472,1,1,1
2,1.5,issue_tracking,500,negative_evidence,99.96194990317893,1,1,1
2,1.5,issue_tracking,500,threshold,70.01525183546671,1,1,0
2,1.5,issue_tracking,500,provenance,70.01525183546671,1,1,0
2,1.5,commerce_orders,50,lookup,99.53336199574258,1,1,1
2,1.5,commerce_orders,50,rare_event,78.1319799083502,1,1,0
2,1.5,commerce_orders,50,latest_state,98.93879177458763,1,1,1
2,1.5,commerce_orders,50,aggregation,99.38445728427168,1,1,1
2,1.5,commerce_orders,50,join,99.34356091985362,1,1,1
2,1.5,commerce_orders,50,negative_evidence,99.66444008682612,1,1,1
2,1.5,commerce_orders,50,threshold,78.1319799083502,1,1,0
2,1.5,commerce_orders,50,provenance,78.1319799083502,1,1,0
2,1.5,commerce_orders,50,lookup,70.21814898799026,1,1,0
2,1.5,commerce_orders,50,rare_event,70.21814898799026,1,1,0
2,1.5,commerce_orders,50,latest_state,98.94809775762157,1,1,1
2,1.5,commerce_orders,50,aggregation,99.46984966826237,1,1,1
2,1.5,commerce_orders,50,join,98.85886453346771,1,1,1
2,1.5,commerce_orders,50,negative_evidence,99.50449315528681,1,1,1
2,1.5,commerce_orders,50,threshold,70.21814898799026,1,1,0
2,1.5,commerce_orders,50,provenance,70.21814898799026,1,1,0
2,1.5,commerce_orders,50,lookup,99.52892050402359,1,1,1
2,1.5,commerce_orders,50,rare_event,72.31962061838364,1,1,0
2,1.5,commerce_orders,50,latest_state,99.04315256051116,1,1,1
2,1.5,commerce_orders,50,aggregation,99.79646008414382,1,1,1
2,1.5,commerce_orders,50,join,99.4344947698635,1,1,1
2,1.5,commerce_orders,50,negative_evidence,99.5436089515596,1,1,1
2,1.5,commerce_orders,50,threshold,72.31962061838364,1,1,0
2,1.5,commerce_orders,50,provenance,72.31962061838364,1,1,0
2,1.5,commerce_orders,50,lookup,99.55011037989516,1,1,1
2,1.5,commerce_orders,50,rare_event,80.12743385053203,1,1,0
2,1.5,commerce_orders,50,latest_state,99.14102470207891,1,1,1
2,1.5,commerce_orders,50,aggregation,99.54069408552087,1,1,1
2,1.5,commerce_orders,50,join,98.86167463564172,1,1,1
2,1.5,commerce_orders,50,negative_evidence,99.71332614904948,1,1,1
2,1.5,commerce_orders,50,threshold,80.12743385053203,1,1,0
2,1.5,commerce_orders,50,provenance,80.12743385053203,1,1,0
2,1.5,commerce_orders,50,lookup,99.53637660485022,1,1,1
2,1.5,commerce_orders,50,rare_event,82.17357556431988,1,1,0
2,1.5,commerce_orders,50,latest_state,99.13988419904338,1,1,1
2,1.5,commerce_orders,50,aggregation,99.50805571872115,1,1,1
2,1.5,commerce_orders,50,join,99.14198204246036,1,1,1
2,1.5,commerce_orders,50,negative_evidence,99.75350339850634,1,1,1
2,1.5,commerce_orders,50,threshold,82.17357556431988,1,1,0
2,1.5,commerce_orders,50,provenance,82.17357556431988,1,1,0
2,1.5,commerce_orders,100,lookup,69.2483251122727,1,1,0
2,1.5,commerce_orders,100,rare_event,69.2483251122727,1,1,0
2,1.5,commerce_orders,100,latest_state,99.61506504979964,1,1,1
2,1.5,commerce_orders,100,aggregation,99.6108581104532,1,1,1
2,1.5,commerce_orders,100,join,99.66922939388522,1,1,1
2,1.5,commerce_orders,100,negative_evidence,99.9184905501625,1,1,1
2,1.5,commerce_orders,100,threshold,69.2483251122727,1,1,0
2,1.5,commerce_orders,100,provenance,69.2483251122727,1,1,0
2,1.5,commerce_orders,100,lookup,99.77300258071313,1,1,1
2,1.5,commerce_orders,100,rare_event,74.16600832148312,1,1,0
2,1.5,commerce_orders,100,latest_state,99.5681255595934,1,1,1
2,1.5,commerce_orders,100,aggregation,99.624479907305,1,1,1
2,1.5,commerce_orders,100,join,99.57181229262126,1,1,1
2,1.5,commerce_orders,100,negative_evidence,99.89519144677938,1,1,1
2,1.5,commerce_orders,100,threshold,74.16600832148312,1,1,0
2,1.5,commerce_orders,100,provenance,74.16600832148312,1,1,0
2,1.5,commerce_orders,100,lookup,99.7732151239142,1,1,1
2,1.5,commerce_orders,100,rare_event,74.08850939047609,1,1,0
2,1.5,commerce_orders,100,latest_state,99.51900510002268,1,1,1
2,1.5,commerce_orders,100,aggregation,99.5559235682227,1,1,1
2,1.5,commerce_orders,100,join,99.22945882799685,1,1,1
2,1.5,commerce_orders,100,negative_evidence,99.91666974320569,1,1,1
2,1.5,commerce_orders,100,threshold,74.08850939047609,1,1,0
2,1.5,commerce_orders,100,provenance,74.08850939047609,1,1,0
2,1.5,commerce_orders,100,lookup,99.76361329451467,1,1,1
2,1.5,commerce_orders,100,rare_event,83.06176063345319,1,1,0
2,1.5,commerce_orders,100,latest_state,99.61830654459496,1,1,1
2,1.5,commerce_orders,100,aggregation,99.48616163796508,1,1,1
2,1.5,commerce_orders,100,join,99.52459422037137,1,1,1
2,1.5,commerce_orders,100,negative_evidence,99.83363430081657,1,1,1
2,1.5,commerce_orders,100,threshold,83.06176063345319,1,1,0
2,1.5,commerce_orders,100,provenance,83.06176063345319,1,1,0
2,1.5,commerce_orders,100,lookup,99.76638717502505,1,1,1
2,1.5,commerce_orders,100,rare_event,77.18926330222011,1,1,0
2,1.5,commerce_orders,100,latest_state,99.41834097980278,1,1,1
2,1.5,commerce_orders,100,aggregation,99.64298897853715,1,1,1
2,1.5,commerce_orders,100,join,99.37984496124031,1,1,1
2,1.5,commerce_orders,100,negative_evidence,99.81068396350788,1,1,1
2,1.5,commerce_orders,100,threshold,77.18926330222011,1,1,0
2,1.5,commerce_orders,100,provenance,77.18926330222011,1,1,0
2,1.5,commerce_orders,250,lookup,74.8264905534333,1,1,0
2,1.5,commerce_orders,250,rare_event,74.8264905534333,1,1,0
2,1.5,commerce_orders,250,latest_state,99.84673244135138,1,1,1
2,1.5,commerce_orders,250,aggregation,99.64441926393519,1,1,1
2,1.5,commerce_orders,250,join,99.80889120962986,1,1,1
2,1.5,commerce_orders,250,negative_evidence,99.94165262594893,1,1,1
2,1.5,commerce_orders,250,threshold,74.8264905534333,1,1,0
2,1.5,commerce_orders,250,provenance,74.8264905534333,1,1,0
2,1.5,commerce_orders,250,lookup,99.90523712927728,1,1,1
2,1.5,commerce_orders,250,rare_event,77.6401929947394,1,1,0
2,1.5,commerce_orders,250,latest_state,99.86547056745614,1,1,1
2,1.5,commerce_orders,250,aggregation,99.62814034211934,1,1,1
2,1.5,commerce_orders,250,join,99.80962816149454,1,1,1
2,1.5,commerce_orders,250,negative_evidence,99.93273528372806,1,1,1
2,1.5,commerce_orders,250,threshold,77.6401929947394,1,1,0
2,1.5,commerce_orders,250,provenance,77.6401929947394,1,1,0
2,1.5,commerce_orders,250,lookup,99.91007137159144,1,1,1
2,1.5,commerce_orders,250,rare_event,70.40480578590216,1,1,0
2,1.5,commerce_orders,250,latest_state,99.90541624259147,1,1,1
2,1.5,commerce_orders,250,aggregation,99.63563035736578,1,1,1
2,1.5,commerce_orders,250,join,99.7113820020017,1,1,1
2,1.5,commerce_orders,250,negative_evidence,99.91599608122776,1,1,1
2,1.5,commerce_orders,250,threshold,70.40480578590216,1,1,0
2,1.5,commerce_orders,250,provenance,70.40480578590216,1,1,0
2,1.5,commerce_orders,250,lookup,75.61770468105071,1,1,0
2,1.5,commerce_orders,250,rare_event,75.61770468105071,1,1,0
2,1.5,commerce_orders,250,latest_state,99.74744432679647,1,1,1
2,1.5,commerce_orders,250,aggregation,99.5859777708739,1,1,1
2,1.5,commerce_orders,250,join,99.76921272373367,1,1,1
2,1.5,commerce_orders,250,negative_evidence,99.91630791080452,1,1,1
2,1.5,commerce_orders,250,threshold,75.61770468105071,1,1,0
2,1.5,commerce_orders,250,provenance,75.61770468105071,1,1,0
2,1.5,commerce_orders,250,lookup,99.90712336302283,1,1,1
2,1.5,commerce_orders,250,rare_event,76.41166141282501,1,1,0
2,1.5,commerce_orders,250,latest_state,99.74781560073625,1,1,1
2,1.5,commerce_orders,250,aggregation,99.5846996847695,1,1,1
2,1.5,commerce_orders,250,join,99.78843590665792,1,1,1
2,1.5,commerce_orders,250,negative_evidence,99.93229949013053,1,1,1
2,1.5,commerce_orders,250,threshold,76.41166141282501,1,1,0
2,1.5,commerce_orders,250,provenance,76.41166141282501,1,1,0
2,1.5,commerce_orders,500,lookup,99.9537261562637,1,1,1
2,1.5,commerce_orders,500,rare_event,73.4363782299037,1,1,0
2,1.5,commerce_orders,500,latest_state,99.91285269246,1,1,1
2,1.5,commerce_orders,500,aggregation,99.65310500668164,1,1,1
2,1.5,commerce_orders,500,join,99.91391159048601,1,1,1
2,1.5,commerce_orders,500,negative_evidence,99.98369297039956,1,1,1
2,1.5,commerce_orders,500,threshold,73.4363782299037,1,1,0
2,1.5,commerce_orders,500,provenance,73.4363782299037,1,1,0
2,1.5,commerce_orders,500,lookup,99.95393588722658,1,1,1
2,1.5,commerce_orders,500,rare_event,70.82182612968266,1,1,0
2,1.5,commerce_orders,500,latest_state,99.92312058419884,1,1,1
2,1.5,commerce_orders,500,aggregation,99.668020704495,1,1,1
2,1.5,commerce_orders,500,join,99.90437725555311,1,1,1
2,1.5,commerce_orders,500,negative_evidence,99.9624074481964,1,1,1
2,1.5,commerce_orders,500,threshold,70.82182612968266,1,1,0
2,1.5,commerce_orders,500,provenance,70.82182612968266,1,1,0
2,1.5,commerce_orders,500,lookup,99.95254694727521,1,1,1
2,1.5,commerce_orders,500,rare_event,73.43794189331325,1,1,0
2,1.5,commerce_orders,500,latest_state,99.93316322261308,1,1,1
2,1.5,commerce_orders,500,aggregation,99.61486763458184,1,1,1
2,1.5,commerce_orders,500,join,99.88433318398332,1,1,1
2,1.5,commerce_orders,500,negative_evidence,99.970341842047,1,1,1
2,1.5,commerce_orders,500,threshold,73.43794189331325,1,1,0
2,1.5,commerce_orders,500,provenance,73.43794189331325,1,1,0
2,1.5,commerce_orders,500,lookup,71.84810126582278,1,1,0
2,1.5,commerce_orders,500,rare_event,71.84810126582278,1,1,0
2,1.5,commerce_orders,500,latest_state,99.9331603198983,1,1,1
2,1.5,commerce_orders,500,aggregation,99.63487103437319,1,1,1
2,1.5,commerce_orders,500,join,99.89407340712886,1,1,1
2,1.5,commerce_orders,500,negative_evidence,99.962184206345,1,1,1
2,1.5,commerce_orders,500,threshold,71.84810126582278,1,1,0
2,1.5,commerce_orders,500,provenance,71.84810126582278,1,1,0
2,1.5,commerce_orders,500,lookup,99.95287474637082,1,1,1
2,1.5,commerce_orders,500,rare_event,75.43016355110495,1,1,0
2,1.5,commerce_orders,500,latest_state,99.94228480173506,1,1,1
2,1.5,commerce_orders,500,aggregation,99.6172794008633,1,1,1
2,1.5,commerce_orders,500,join,99.88393420679196,1,1,1
2,1.5,commerce_orders,500,negative_evidence,99.95795791979599,1,1,1
2,1.5,commerce_orders,500,threshold,75.43016355110495,1,1,0
2,1.5,commerce_orders,500,provenance,75.43016355110495,1,1,0
2,1.5,security_findings,50,lookup,99.52540246707088,1,1,1
2,1.5,security_findings,50,rare_event,78.270959648756,1,1,0
2,1.5,security_findings,50,latest_state,99.13547982437801,1,1,1
2,1.5,security_findings,50,aggregation,99.63098473761238,1,1,1
2,1.5,security_findings,50,join,99.53376541919297,1,1,1
2,1.5,security_findings,50,negative_evidence,99.66548191511603,1,1,1
2,1.5,security_findings,50,threshold,78.270959648756,1,1,0
2,1.5,security_findings,50,provenance,78.270959648756,1,1,0
2,1.5,security_findings,50,lookup,99.5418553811073,1,1,1
2,1.5,security_findings,50,rare_event,82.08424421827768,1,1,0
2,1.5,security_findings,50,latest_state,98.94563978117841,1,1,1
2,1.5,security_findings,50,aggregation,99.63494869407864,1,1,1
2,1.5,security_findings,50,join,98.95923768082592,1,1,1
2,1.5,security_findings,50,negative_evidence,99.74896185266154,1,1,1
2,1.5,security_findings,50,threshold,82.08424421827768,1,1,0
2,1.5,security_findings,50,provenance,82.08424421827768,1,1,0
2,1.5,security_findings,50,lookup,99.54008297364119,1,1,1
2,1.5,security_findings,50,rare_event,62.449189121233715,1,1,0
2,1.5,security_findings,50,latest_state,99.03826006788753,1,1,1
2,1.5,security_findings,50,aggregation,99.46465239073042,1,1,1
2,1.5,security_findings,50,join,99.05502241964548,1,1,1
2,1.5,security_findings,50,negative_evidence,99.53798767967146,1,1,1
2,1.5,security_findings,50,threshold,62.449189121233715,1,1,0
2,1.5,security_findings,50,provenance,62.449189121233715,1,1,0
2,1.5,security_findings,50,lookup,72.1955665437479,1,1,0
2,1.5,security_findings,50,rare_event,72.1955665437479,1,1,0
2,1.5,security_findings,50,latest_state,98.84554140127389,1,1,1
2,1.5,security_findings,50,aggregation,99.59038719409989,1,1,1
2,1.5,security_findings,50,join,98.95030170968823,1,1,1
2,1.5,security_findings,50,negative_evidence,99.75067046597385,1,1,1
2,1.5,security_findings,50,threshold,72.1955665437479,1,1,0
2,1.5,security_findings,50,provenance,72.1955665437479,1,1,0
2,1.5,security_findings,50,lookup,99.5378454396219,1,1,1
2,1.5,security_findings,50,rare_event,78.24109411432575,1,1,0
2,1.5,security_findings,50,latest_state,99.14470038373467,1,1,1
2,1.5,security_findings,50,aggregation,99.50961427869383,1,1,1
2,1.5,security_findings,50,join,99.14470038373467,1,1,1
2,1.5,security_findings,50,negative_evidence,99.66436286452179,1,1,1
2,1.5,security_findings,50,threshold,78.24109411432575,1,1,0
2,1.5,security_findings,50,provenance,78.24109411432575,1,1,0
2,1.5,security_findings,100,lookup,99.76762159121378,1,1,1
2,1.5,security_findings,100,rare_event,74.10295099549438,1,1,0
2,1.5,security_findings,100,latest_state,99.4689995636333,1,1,1
2,1.5,security_findings,100,aggregation,99.59885808619032,1,1,1
2,1.5,security_findings,100,join,99.61883632042985,1,1,1
2,1.5,security_findings,100,negative_evidence,99.87382167848712,1,1,1
2,1.5,security_findings,100,threshold,74.10295099549438,1,1,0
2,1.5,security_findings,100,provenance,74.10295099549438,1,1,0
2,1.5,security_findings,100,lookup,71.17669362992922,1,1,0
2,1.5,security_findings,100,rare_event,71.17669362992922,1,1,0
2,1.5,security_findings,100,latest_state,99.51813700707785,1,1,1
2,1.5,security_findings,100,aggregation,99.71140883046849,1,1,1
2,1.5,security_findings,100,join,99.27852207617121,1,1,1
2,1.5,security_findings,100,negative_evidence,99.8119944388271,1,1,1
2,1.5,security_findings,100,threshold,71.17669362992922,1,1,0
2,1.5,security_findings,100,provenance,71.17669362992922,1,1,0
2,1.5,security_findings,100,lookup,99.76523592470667,1,1,1
2,1.5,security_findings,100,rare_event,73.11502912129653,1,1,0
2,1.5,security_findings,100,latest_state,99.42021186798345,1,1,1
2,1.5,security_findings,100,aggregation,99.56529079091753,1,1,1
2,1.5,security_findings,100,join,99.37642441124336,1,1,1
2,1.5,security_findings,100,negative_evidence,99.89554317548746,1,1,1
2,1.5,security_findings,100,threshold,73.11502912129653,1,1,0
2,1.5,security_findings,100,provenance,73.11502912129653,1,1,0
2,1.5,security_findings,100,lookup,99.76795091714638,1,1,1
2,1.5,security_findings,100,rare_event,78.05373435904993,1,1,0
2,1.5,security_findings,100,latest_state,99.61588247055975,1,1,1
2,1.5,security_findings,100,aggregation,99.56799932647885,1,1,1
2,1.5,security_findings,100,join,99.47328541511003,1,1,1
2,1.5,security_findings,100,negative_evidence,99.83425065510455,1,1,1
2,1.5,security_findings,100,threshold,78.05373435904993,1,1,0
2,1.5,security_findings,100,provenance,78.05373435904993,1,1,0
2,1.5,security_findings,100,lookup,73.15669899236384,1,1,0
2,1.5,security_findings,100,rare_event,73.15669899236384,1,1,0
2,1.5,security_findings,100,latest_state,99.325262427162,1,1,1
2,1.5,security_findings,100,aggregation,99.68971537959905,1,1,1
2,1.5,security_findings,100,join,99.42728821759891,1,1,1
2,1.5,security_findings,100,negative_evidence,99.8085701663967,1,1,1
2,1.5,security_findings,100,threshold,73.15669899236384,1,1,0
2,1.5,security_findings,100,provenance,73.15669899236384,1,1,0
2,1.5,security_findings,250,lookup,99.90617095061084,1,1,1
2,1.5,security_findings,250,rare_event,75.25237689692118,1,1,0
2,1.5,security_findings,250,latest_state,99.74725328137515,1,1,1
2,1.5,security_findings,250,aggregation,99.62785370276056,1,1,1
2,1.5,security_findings,250,join,99.71048243769562,1,1,1
2,1.5,security_findings,250,negative_evidence,99.88017776800979,1,1,1
2,1.5,security_findings,250,threshold,75.25237689692118,1,1,0
2,1.5,security_findings,250,provenance,75.25237689692118,1,1,0
2,1.5,security_findings,250,lookup,99.90598426028627,1,1,1
2,1.5,security_findings,250,rare_event,74.08862832092113,1,1,0
2,1.5,security_findings,250,latest_state,99.8265462420113,1,1,1
2,1.5,security_findings,250,aggregation,99.61823271536471,1,1,1
2,1.5,security_findings,250,join,99.92457613690382,1,1,1
2,1.5,security_findings,250,negative_evidence,99.9659853166429,1,1,1
2,1.5,security_findings,250,threshold,74.08862832092113,1,1,0
2,1.5,security_findings,250,provenance,74.08862832092113,1,1,0
2,1.5,security_findings,250,lookup,77.99256065100651,1,1,0
2,1.5,security_findings,250,rare_event,77.99256065100651,1,1,0
2,1.5,security_findings,250,latest_state,99.74800157419672,1,1,1
2,1.5,security_findings,250,aggregation,99.66886856726941,1,1,1
2,1.5,security_findings,250,join,99.84660045448582,1,1,1
2,1.5,security_findings,250,negative_evidence,99.95810605515612,1,1,1
2,1.5,security_findings,250,threshold,77.99256065100651,1,1,0
2,1.5,security_findings,250,provenance,77.99256065100651,1,1,0
2,1.5,security_findings,250,lookup,99.90837502902865,1,1,1
2,1.5,security_findings,250,rare_event,76.0124137057445,1,1,0
2,1.5,security_findings,250,latest_state,99.82625034306585,1,1,1
2,1.5,security_findings,250,aggregation,99.58747651318428,1,1,1
2,1.5,security_findings,250,join,99.76861528068063,1,1,1
2,1.5,security_findings,250,negative_evidence,99.94933181328773,1,1,1
2,1.5,security_findings,250,threshold,76.0124137057445,1,1,0
2,1.5,security_findings,250,provenance,76.0124137057445,1,1,0
2,1.5,security_findings,250,lookup,99.90379044501677,1,1,1
2,1.5,security_findings,250,rare_event,76.04910704846002,1,1,0
2,1.5,security_findings,250,latest_state,99.80546639431962,1,1,1
2,1.5,security_findings,250,aggregation,99.5942282724993,1,1,1
2,1.5,security_findings,250,join,99.71221713333587,1,1,1
2,1.5,security_findings,250,negative_evidence,99.93149033886908,1,1,1
2,1.5,security_findings,250,threshold,76.04910704846002,1,1,0
2,1.5,security_findings,250,provenance,76.04910704846002,1,1,0
2,1.5,security_findings,500,lookup,99.95341899298215,1,1,1
2,1.5,security_findings,500,rare_event,74.01859640839264,1,1,0
2,1.5,security_findings,500,latest_state,99.88259468913,1,1,1
2,1.5,security_findings,500,aggregation,99.61390697137703,1,1,1
2,1.5,security_findings,500,join,99.90281508081276,1,1,1
2,1.5,security_findings,500,negative_evidence,99.96601703806198,1,1,1
2,1.5,security_findings,500,threshold,74.01859640839264,1,1,0
2,1.5,security_findings,500,provenance,74.01859640839264,1,1,0
2,1.5,security_findings,500,lookup,99.9542077087568,1,1,1
2,1.5,security_findings,500,rare_event,74.20000972953994,1,1,0
2,1.5,security_findings,500,latest_state,99.92332699503159,1,1,1
2,1.5,security_findings,500,aggregation,99.62298032729326,1,1,1
2,1.5,security_findings,500,join,99.92322123916266,1,1,1
2,1.5,security_findings,500,negative_evidence,99.9792718496913,1,1,1
2,1.5,security_findings,500,threshold,74.20000972953994,1,1,0
2,1.5,security_findings,500,provenance,74.20000972953994,1,1,0
2,1.5,security_findings,500,lookup,99.95314410461874,1,1,1
2,1.5,security_findings,500,rare_event,73.19155282341146,1,1,0
2,1.5,security_findings,500,latest_state,99.89380740640456,1,1,1
2,1.5,security_findings,500,aggregation,99.6307586212732,1,1,1
2,1.5,security_findings,500,join,99.89412471495116,1,1,1
2,1.5,security_findings,500,negative_evidence,99.95779796330221,1,1,1
2,1.5,security_findings,500,threshold,73.19155282341146,1,1,0
2,1.5,security_findings,500,provenance,73.19155282341146,1,1,0
2,1.5,security_findings,500,lookup,99.95208483839475,1,1,1
2,1.5,security_findings,500,rare_event,75.19782192272014,1,1,0
2,1.5,security_findings,500,latest_state,99.90290040098539,1,1,1
2,1.5,security_findings,500,aggregation,99.60737068459449,1,1,1
2,1.5,security_findings,500,join,99.88322662602164,1,1,1
2,1.5,security_findings,500,negative_evidence,99.96604687223999,1,1,1
2,1.5,security_findings,500,threshold,75.19782192272014,1,1,0
2,1.5,security_findings,500,provenance,75.19782192272014,1,1,0
2,1.5,security_findings,500,lookup,99.95239384886212,1,1,1
2,1.5,security_findings,500,rare_event,72.994617331178,1,1,0
2,1.5,security_findings,500,latest_state,99.91325101348207,1,1,1
2,1.5,security_findings,500,aggregation,99.58942339429741,1,1,1
2,1.5,security_findings,500,join,99.91282784769417,1,1,1
2,1.5,security_findings,500,negative_evidence,99.97450426127948,1,1,1
2,1.5,security_findings,500,threshold,72.994617331178,1,1,0
2,1.5,security_findings,500,provenance,72.994617331178,1,1,0
2,2.5,incident_ops,50,lookup,99.5561850802644,1,1,1
2,2.5,incident_ops,50,rare_event,78.1995593327038,1,1,0
2,2.5,incident_ops,50,latest_state,99.23302906305739,1,1,1
2,2.5,incident_ops,50,aggregation,99.47224845241843,1,1,1
2,2.5,incident_ops,50,join,98.95393977546952,1,1,1
2,2.5,incident_ops,50,negative_evidence,99.6222851746931,1,1,1
2,2.5,incident_ops,50,threshold,78.1995593327038,1,1,0
2,2.5,incident_ops,50,provenance,78.1995593327038,1,1,0
2,2.5,incident_ops,50,lookup,99.5290786092611,1,1,1
2,2.5,incident_ops,50,rare_event,82.0840106979915,1,1,0
2,2.5,incident_ops,50,latest_state,98.94278672190467,1,1,1
2,2.5,incident_ops,50,aggregation,99.38958519062354,1,1,1
2,2.5,incident_ops,50,join,99.53851801352981,1,1,1
2,2.5,incident_ops,50,negative_evidence,99.71472022654571,1,1,1
2,2.5,incident_ops,50,threshold,82.0840106979915,1,1,0
2,2.5,incident_ops,50,provenance,82.0840106979915,1,1,0
2,2.5,incident_ops,50,lookup,99.5384308747784,1,1,1
2,2.5,incident_ops,50,rare_event,76.17464097265203,1,1,0
2,2.5,incident_ops,50,latest_state,99.04644014812173,1,1,1
2,2.5,incident_ops,50,aggregation,99.47339158895171,1,1,1
2,2.5,incident_ops,50,join,99.34121497582007,1,1,1
2,2.5,incident_ops,50,negative_evidence,99.7954409558677,1,1,1
2,2.5,incident_ops,50,threshold,76.17464097265203,1,1,0
2,2.5,incident_ops,50,provenance,76.17464097265203,1,1,0
2,2.5,incident_ops,50,lookup,70.25492783677916,1,1,0
2,2.5,incident_ops,50,rare_event,70.25492783677916,1,1,0
2,2.5,incident_ops,50,latest_state,99.14535285615534,1,1,1
2,2.5,incident_ops,50,aggregation,99.50040847106139,1,1,1
2,2.5,incident_ops,50,join,99.34644630176585,1,1,1
2,2.5,incident_ops,50,negative_evidence,99.70673872515134,1,1,1
2,2.5,incident_ops,50,threshold,70.25492783677916,1,1,0
2,2.5,incident_ops,50,provenance,70.25492783677916,1,1,0
2,2.5,incident_ops,50,lookup,99.55134387186045,1,1,1
2,2.5,incident_ops,50,rare_event,74.18654870225167,1,1,0
2,2.5,incident_ops,50,latest_state,99.33540190364376,1,1,1
2,2.5,incident_ops,50,aggregation,99.80187848547108,1,1,1
2,2.5,incident_ops,50,join,99.24944442114973,1,1,1
2,2.5,incident_ops,50,negative_evidence,99.67084573776678,1,1,1
2,2.5,incident_ops,50,threshold,74.18654870225167,1,1,0
2,2.5,incident_ops,50,provenance,74.18654870225167,1,1,0
2,2.5,incident_ops,100,lookup,99.76806111774465,1,1,1
2,2.5,incident_ops,100,rare_event,79.07689381531536,1,1,0
2,2.5,incident_ops,100,latest_state,99.51710219047519,1,1,1
2,2.5,incident_ops,100,aggregation,99.57997400593848,1,1,1
2,2.5,incident_ops,100,join,99.42622864207445,1,1,1
2,2.5,incident_ops,100,negative_evidence,79.07689381531536,1,1,0
2,2.5,incident_ops,100,threshold,79.07689381531536,1,1,0
2,2.5,incident_ops,100,provenance,79.07689381531536,1,1,0
2,2.5,incident_ops,100,lookup,99.76548635172821,1,1,1
2,2.5,incident_ops,100,rare_event,83.07487534860137,1,1,0
2,2.5,incident_ops,100,latest_state,99.4205822699231,1,1,1
2,2.5,incident_ops,100,aggregation,99.6307994591397,1,1,1
2,2.5,incident_ops,100,join,99.27955717062453,1,1,1
2,2.5,incident_ops,100,negative_evidence,99.89700414096173,1,1,1
2,2.5,incident_ops,100,threshold,83.07487534860137,1,1,0
2,2.5,incident_ops,100,provenance,83.07487534860137,1,1,0
2,2.5,incident_ops,100,lookup,99.76551855255235,1,1,1
2,2.5,incident_ops,100,rare_event,79.06936214708958,1,1,0
2,2.5,incident_ops,100,latest_state,99.61711925810916,1,1,1
2,2.5,incident_ops,100,aggregation,99.58067957370851,1,1,1
2,2.5,incident_ops,100,join,99.37735669698026,1,1,1
2,2.5,incident_ops,100,negative_evidence,99.83364491904054,1,1,1
2,2.5,incident_ops,100,threshold,79.06936214708958,1,1,0
2,2.5,incident_ops,100,provenance,79.06936214708958,1,1,0
2,2.5,incident_ops,100,lookup,99.76578696108582,1,1,1
2,2.5,incident_ops,100,rare_event,75.17236286140813,1,1,0
2,2.5,incident_ops,100,latest_state,99.61861255149785,1,1,1
2,2.5,incident_ops,100,aggregation,99.63127271576349,1,1,1
2,2.5,incident_ops,100,join,99.42660006013578,1,1,1
2,2.5,incident_ops,100,negative_evidence,99.89819117903055,1,1,1
2,2.5,incident_ops,100,threshold,75.17236286140813,1,1,0
2,2.5,incident_ops,100,provenance,75.17236286140813,1,1,0
2,2.5,incident_ops,100,lookup,99.77490092470276,1,1,1
2,2.5,incident_ops,100,rare_event,81.05099075297227,1,1,0
2,2.5,incident_ops,100,latest_state,99.47054161162482,1,1,1
2,2.5,incident_ops,100,aggregation,99.58150594451783,1,1,1
2,2.5,incident_ops,100,join,99.38124174372524,1,1,1
2,2.5,incident_ops,100,negative_evidence,99.87582562747687,1,1,1
2,2.5,incident_ops,100,threshold,81.05099075297227,1,1,0
2,2.5,incident_ops,100,provenance,81.05099075297227,1,1,0
2,2.5,incident_ops,250,lookup,99.9061357154662,1,1,1
2,2.5,incident_ops,250,rare_event,82.77897609533052,1,1,0
2,2.5,incident_ops,250,latest_state,99.88515927264714,1,1,1
2,2.5,incident_ops,250,aggregation,99.69361680488518,1,1,1
2,2.5,incident_ops,250,join,99.75040151877921,1,1,1
2,2.5,incident_ops,250,negative_evidence,99.94236775306278,1,1,1
2,2.5,incident_ops,250,threshold,82.77897609533052,1,1,0
2,2.5,incident_ops,250,provenance,82.77897609533052,1,1,0
2,2.5,incident_ops,250,lookup,99.91005610886606,1,1,1
2,2.5,incident_ops,250,rare_event,85.61343218676085,1,1,0
2,2.5,incident_ops,250,latest_state,99.86678121784877,1,1,1
2,2.5,incident_ops,250,aggregation,99.6436185445636,1,1,1
2,2.5,incident_ops,250,join,99.73038045841686,1,1,1
2,2.5,incident_ops,250,negative_evidence,99.94102735439803,1,1,1
2,2.5,incident_ops,250,threshold,85.61343218676085,1,1,0
2,2.5,incident_ops,250,provenance,85.61343218676085,1,1,0
2,2.5,incident_ops,250,lookup,99.90821370731831,1,1,1
2,2.5,incident_ops,250,rare_event,85.98043870880215,1,1,0
2,2.5,incident_ops,250,latest_state,99.78632659809898,1,1,1
2,2.5,incident_ops,250,aggregation,99.50206466164138,1,1,1
2,2.5,incident_ops,250,join,99.7697923467614,1,1,1
2,2.5,incident_ops,250,negative_evidence,99.94954933566225,1,1,1
2,2.5,incident_ops,250,threshold,85.98043870880215,1,1,0
2,2.5,incident_ops,250,provenance,85.98043870880215,1,1,0
2,2.5,incident_ops,250,lookup,99.90985462471168,1,1,1
2,2.5,incident_ops,250,rare_event,84.03495778403199,1,1,0
2,2.5,incident_ops,250,latest_state,99.84637196605793,1,1,1
2,2.5,incident_ops,250,aggregation,99.57191527181159,1,1,1
2,2.5,incident_ops,250,join,99.63307023298135,1,1,1
2,2.5,incident_ops,250,negative_evidence,99.9005438347758,1,1,1
2,2.5,incident_ops,250,threshold,84.03495778403199,1,1,0
2,2.5,incident_ops,250,provenance,84.03495778403199,1,1,0
2,2.5,incident_ops,250,lookup,99.91144030271315,1,1,1
2,2.5,incident_ops,250,rare_event,83.60395594896588,1,1,0
2,2.5,incident_ops,250,latest_state,99.80762630350128,1,1,1
2,2.5,incident_ops,250,aggregation,99.58516773376158,1,1,1
2,2.5,incident_ops,250,join,99.69300717375921,1,1,1
2,2.5,incident_ops,250,negative_evidence,99.92542341281107,1,1,1
2,2.5,incident_ops,250,threshold,83.60395594896588,1,1,0
2,2.5,incident_ops,250,provenance,83.60395594896588,1,1,0
2,2.5,incident_ops,500,lookup,99.95354648215357,1,1,1
2,2.5,incident_ops,500,rare_event,81.22153661449308,1,1,0
2,2.5,incident_ops,500,latest_state,99.90348698346976,1,1,1
2,2.5,incident_ops,500,aggregation,99.63505352760377,1,1,1
2,2.5,incident_ops,500,join,99.87432096199083,1,1,1
2,2.5,incident_ops,500,negative_evidence,99.97528842543785,1,1,1
2,2.5,incident_ops,500,threshold,81.22153661449308,1,1,0
2,2.5,incident_ops,500,provenance,81.22153661449308,1,1,0
2,2.5,incident_ops,500,lookup,82.99190828469852,1,1,0
2,2.5,incident_ops,500,rare_event,82.99190828469852,1,1,0
2,2.5,incident_ops,500,latest_state,99.90324315779534,1,1,1
2,2.5,incident_ops,500,aggregation,99.61254825906644,1,1,1
2,2.5,incident_ops,500,join,99.87512850518105,1,1,1
2,2.5,incident_ops,500,negative_evidence,99.97517423127644,1,1,1
2,2.5,incident_ops,500,threshold,82.99190828469852,1,1,0
2,2.5,incident_ops,500,provenance,82.99190828469852,1,1,0
2,2.5,incident_ops,500,lookup,99.95469890152793,1,1,1
2,2.5,incident_ops,500,rare_event,87.76944605349985,1,1,0
2,2.5,incident_ops,500,latest_state,99.90388104164943,1,1,1
2,2.5,incident_ops,500,aggregation,99.63493892308574,1,1,1
2,2.5,incident_ops,500,join,99.91417192350373,1,1,1
2,2.5,incident_ops,500,negative_evidence,99.97506848210553,1,1,1
2,2.5,incident_ops,500,threshold,87.76944605349985,1,1,0
2,2.5,incident_ops,500,provenance,87.76944605349985,1,1,0
2,2.5,incident_ops,500,lookup,99.95289494511836,1,1,1
2,2.5,incident_ops,500,rare_event,82.41209708733744,1,1,0
2,2.5,incident_ops,500,latest_state,99.91342854778512,1,1,1
2,2.5,incident_ops,500,aggregation,99.65562385552752,1,1,1
2,2.5,incident_ops,500,join,99.90430459571344,1,1,1
2,2.5,incident_ops,500,negative_evidence,99.96647478075992,1,1,1
2,2.5,incident_ops,500,threshold,82.41209708733744,1,1,0
2,2.5,incident_ops,500,provenance,82.41209708733744,1,1,0
2,2.5,incident_ops,500,lookup,99.95364703436483,1,1,1
2,2.5,incident_ops,500,rare_event,81.59882728057651,1,1,0
2,2.5,incident_ops,500,latest_state,99.88257955844823,1,1,1
2,2.5,incident_ops,500,aggregation,99.6559061315321,1,1,1
2,2.5,incident_ops,500,join,99.89467163644001,1,1,1
2,2.5,incident_ops,500,negative_evidence,99.96679982095239,1,1,1
2,2.5,incident_ops,500,threshold,81.59882728057651,1,1,0
2,2.5,incident_ops,500,provenance,81.59882728057651,1,1,0
2,2.5,identity_events,50,lookup,99.55625491738789,1,1,1
2,2.5,identity_events,50,rare_event,78.21767637031209,1,1,0
2,2.5,identity_events,50,latest_state,99.23734592184633,1,1,1
2,2.5,identity_events,50,aggregation,99.6338840807763,1,1,1
2,2.5,identity_events,50,join,99.33910306845004,1,1,1
2,2.5,identity_events,50,negative_evidence,99.70626803042224,1,1,1
2,2.5,identity_events,50,threshold,78.21767637031209,1,1,0
2,2.5,identity_events,50,provenance,78.21767637031209,1,1,0
2,2.5,identity_events,50,lookup,99.53801671939492,1,1,1
2,2.5,identity_events,50,rare_event,82.20159651364997,1,1,0
2,2.5,identity_events,50,latest_state,99.33478597917409,1,1,1
2,2.5,identity_events,50,aggregation,99.59249093842318,1,1,1
2,2.5,identity_events,50,join,99.33583356030925,1,1,1
2,2.5,identity_events,50,negative_evidence,99.75067568983218,1,1,1
2,2.5,identity_events,50,threshold,82.20159651364997,1,1,0
2,2.5,identity_events,50,provenance,82.20159651364997,1,1,0
2,2.5,identity_events,50,lookup,99.54678976080571,1,1,1
2,2.5,identity_events,50,rare_event,70.26332354175409,1,1,0
2,2.5,identity_events,50,latest_state,99.13869072597566,1,1,1
2,2.5,identity_events,50,aggregation,99.46705832983635,1,1,1
2,2.5,identity_events,50,join,99.15337809483844,1,1,1
2,2.5,identity_events,50,negative_evidence,99.79122954259337,1,1,1
2,2.5,identity_events,50,threshold,70.26332354175409,1,1,0
2,2.5,identity_events,50,provenance,70.26332354175409,1,1,0
2,2.5,identity_events,50,lookup,99.54488386691777,1,1,1
2,2.5,identity_events,50,rare_event,76.18016321406151,1,1,0
2,2.5,identity_events,50,latest_state,99.03850177861477,1,1,1
2,2.5,identity_events,50,aggregation,99.54802259887006,1,1,1
2,2.5,identity_events,50,join,98.65557648043523,1,1,1
2,2.5,identity_events,50,negative_evidence,99.79388993513287,1,1,1
2,2.5,identity_events,50,threshold,76.18016321406151,1,1,0
2,2.5,identity_events,50,provenance,76.18016321406151,1,1,0
2,2.5,identity_events,50,lookup,99.54329290009008,1,1,1
2,2.5,identity_events,50,rare_event,76.25542077807805,1,1,0
2,2.5,identity_events,50,latest_state,98.94412670479542,1,1,1
2,2.5,identity_events,50,aggregation,99.63128234135714,1,1,1
2,2.5,identity_events,50,join,99.1431504409947,1,1,1
2,2.5,identity_events,50,negative_evidence,99.58624012737519,1,1,1
2,2.5,identity_events,50,threshold,76.25542077807805,1,1,0
2,2.5,identity_events,50,provenance,76.25542077807805,1,1,0
2,2.5,identity_events,100,lookup,99.76752767527675,1,1,1
2,2.5,identity_events,100,rare_event,84.04480759093305,1,1,0
2,2.5,identity_events,100,latest_state,99.66684238270955,1,1,1
2,2.5,identity_events,100,aggregation,99.73115445440169,1,1,1
2,2.5,identity_events,100,join,99.52240379546653,1,1,1
2,2.5,identity_events,100,negative_evidence,99.85608856088561,1,1,1
2,2.5,identity_events,100,threshold,84.04480759093305,1,1,0
2,2.5,identity_events,100,provenance,84.04480759093305,1,1,0
2,2.5,identity_events,100,lookup,99.76336861676279,1,1,1
2,2.5,identity_events,100,rare_event,80.14937356066848,1,1,0
2,2.5,identity_events,100,latest_state,99.51775791764382,1,1,1
2,2.5,identity_events,100,aggregation,99.69259047981238,1,1,1
2,2.5,identity_events,100,join,99.22830702921975,1,1,1
2,2.5,identity_events,100,negative_evidence,99.83361855866134,1,1,1
2,2.5,identity_events,100,threshold,80.14937356066848,1,1,0
2,2.5,identity_events,100,provenance,80.14937356066848,1,1,0
2,2.5,identity_events,100,lookup,99.76408497163214,1,1,1
2,2.5,identity_events,100,rare_event,87.04420108193693,1,1,0
2,2.5,identity_events,100,latest_state,99.37247658002374,1,1,1
2,2.5,identity_events,100,aggregation,99.74772397413906,1,1,1
2,2.5,identity_events,100,join,99.57039187227866,1,1,1
2,2.5,identity_events,100,negative_evidence,99.812112415886,1,1,1
2,2.5,identity_events,100,threshold,87.04420108193693,1,1,0
2,2.5,identity_events,100,provenance,87.04420108193693,1,1,0
2,2.5,identity_events,100,lookup,99.7727368598667,1,1,1
2,2.5,identity_events,100,rare_event,78.16375601113641,1,1,0
2,2.5,identity_events,100,latest_state,99.51858179363875,1,1,1
2,2.5,identity_events,100,aggregation,99.55654686577238,1,1,1
2,2.5,identity_events,100,join,99.4178688939509,1,1,1
2,2.5,identity_events,100,negative_evidence,99.78750105458533,1,1,1
2,2.5,identity_events,100,threshold,78.16375601113641,1,1,0
2,2.5,identity_events,100,provenance,78.16375601113641,1,1,0
2,2.5,identity_events,100,lookup,99.77314692693221,1,1,1
2,2.5,identity_events,100,rare_event,87.08203640200475,1,1,0
2,2.5,identity_events,100,latest_state,99.66235821682933,1,1,1
2,2.5,identity_events,100,aggregation,99.45344236349248,1,1,1
2,2.5,identity_events,100,join,99.2286995515695,1,1,1
2,2.5,identity_events,100,negative_evidence,99.81324188868372,1,1,1
2,2.5,identity_events,100,threshold,87.08203640200475,1,1,0
2,2.5,identity_events,100,provenance,87.08203640200475,1,1,0
2,2.5,identity_events,250,lookup,83.1901279320406,1,1,0
2,2.5,identity_events,250,rare_event,83.1901279320406,1,1,0
2,2.5,identity_events,250,latest_state,99.78720340813328,1,1,1
2,2.5,identity_events,250,aggregation,99.60913183225276,1,1,1
2,2.5,identity_events,250,join,99.7499375373188,1,1,1
2,2.5,identity_events,250,negative_evidence,99.95087680665365,1,1,1
2,2.5,identity_events,250,threshold,83.1901279320406,1,1,0
2,2.5,identity_events,250,provenance,83.1901279320406,1,1,0
2,2.5,identity_events,250,lookup,83.63300406592685,1,1,0
2,2.5,identity_events,250,rare_event,83.63300406592685,1,1,0
2,2.5,identity_events,250,latest_state,99.7673891923812,1,1,1
2,2.5,identity_events,250,aggregation,99.63552701481386,1,1,1
2,2.5,identity_events,250,join,99.82771137634057,1,1,1
2,2.5,identity_events,250,negative_evidence,99.9242268706756,1,1,1
2,2.5,identity_events,250,threshold,83.63300406592685,1,1,0
2,2.5,identity_events,250,provenance,83.63300406592685,1,1,0
2,2.5,identity_events,250,lookup,99.90554009462934,1,1,1
2,2.5,identity_events,250,rare_event,84.00959001012373,1,1,0
2,2.5,identity_events,250,latest_state,99.78651214212192,1,1,1
2,2.5,identity_events,250,aggregation,99.62681983573295,1,1,1
2,2.5,identity_events,250,join,99.76999224835754,1,1,1
2,2.5,identity_events,250,negative_evidence,99.9324378703739,1,1,1
2,2.5,identity_events,250,threshold,84.00959001012373,1,1,0
2,2.5,identity_events,250,provenance,84.00959001012373,1,1,0
2,2.5,identity_events,250,lookup,99.9090705316625,1,1,1
2,2.5,identity_events,250,rare_event,85.99665041214311,1,1,0
2,2.5,identity_events,250,latest_state,99.78747880074604,1,1,1
2,2.5,identity_events,250,aggregation,99.61006060554797,1,1,1
2,2.5,identity_events,250,join,99.88580950487848,1,1,1
2,2.5,identity_events,250,negative_evidence,99.90589857346467,1,1,1
2,2.5,identity_events,250,threshold,85.99665041214311,1,1,0
2,2.5,identity_events,250,provenance,85.99665041214311,1,1,0
2,2.5,identity_events,250,lookup,99.9100070088659,1,1,1
2,2.5,identity_events,250,rare_event,82.39821792702733,1,1,0
2,2.5,identity_events,250,latest_state,99.84563555167821,1,1,1
2,2.5,identity_events,250,aggregation,99.63536957474605,1,1,1
2,2.5,identity_events,250,join,99.76792395698124,1,1,1
2,2.5,identity_events,250,negative_evidence,99.9584973499711,1,1,1
2,2.5,identity_events,250,threshold,82.39821792702733,1,1,0
2,2.5,identity_events,250,provenance,82.39821792702733,1,1,0
2,2.5,identity_events,500,lookup,83.00028285366507,1,1,0
2,2.5,identity_events,500,rare_event,83.00028285366507,1,1,0
2,2.5,identity_events,500,latest_state,99.92340704125532,1,1,1
2,2.5,identity_events,500,aggregation,99.6275230388018,1,1,1
2,2.5,identity_events,500,join,99.89385042232065,1,1,1
2,2.5,identity_events,500,negative_evidence,99.95773085679235,1,1,1
2,2.5,identity_events,500,threshold,83.00028285366507,1,1,0
2,2.5,identity_events,500,provenance,83.00028285366507,1,1,0
2,2.5,identity_events,500,lookup,99.95177208441052,1,1,1
2,2.5,identity_events,500,rare_event,83.41044500056708,1,1,0
2,2.5,identity_events,500,latest_state,99.91340174277667,1,1,1
2,2.5,identity_events,500,aggregation,99.63463379112754,1,1,1
2,2.5,identity_events,500,join,99.90354416882103,1,1,1
2,2.5,identity_events,500,negative_evidence,99.97509107656367,1,1,1
2,2.5,identity_events,500,threshold,83.41044500056708,1,1,0
2,2.5,identity_events,500,provenance,83.41044500056708,1,1,0
2,2.5,identity_events,500,lookup,99.95288831672602,1,1,1
2,2.5,identity_events,500,rare_event,83.59592362190386,1,1,0
2,2.5,identity_events,500,latest_state,99.92250392773809,1,1,1
2,2.5,identity_events,500,aggregation,99.68133445695581,1,1,1
2,2.5,identity_events,500,join,99.84500785547617,1,1,1
2,2.5,identity_events,500,negative_evidence,99.96696888723264,1,1,1
2,2.5,identity_events,500,threshold,83.59592362190386,1,1,0
2,2.5,identity_events,500,provenance,83.59592362190386,1,1,0
2,2.5,identity_events,500,lookup,99.95384792892581,1,1,1
2,2.5,identity_events,500,rare_event,83.58648167731022,1,1,0
2,2.5,identity_events,500,latest_state,99.9129885265528,1,1,1
2,2.5,identity_events,500,aggregation,99.6353351264895,1,1,1
2,2.5,identity_events,500,join,99.85540429108407,1,1,1
2,2.5,identity_events,500,negative_evidence,99.9624220522217,1,1,1
2,2.5,identity_events,500,threshold,83.58648167731022,1,1,0
2,2.5,identity_events,500,provenance,83.58648167731022,1,1,0
2,2.5,identity_events,500,lookup,84.21876969053234,1,1,0
2,2.5,identity_events,500,rare_event,84.21876969053234,1,1,0
2,2.5,identity_events,500,latest_state,99.87345109970465,1,1,1
2,2.5,identity_events,500,aggregation,99.56613318451042,1,1,1
2,2.5,identity_events,500,join,99.87535727560868,1,1,1
2,2.5,identity_events,500,negative_evidence,99.97892616639433,1,1,1
2,2.5,identity_events,500,threshold,84.21876969053234,1,1,0
2,2.5,identity_events,500,provenance,84.21876969053234,1,1,0
2,2.5,cloud_inventory,50,lookup,99.53654674901176,1,1,1
2,2.5,cloud_inventory,50,rare_event,72.3196778895052,1,1,0
2,2.5,cloud_inventory,50,latest_state,98.75538685764016,1,1,1
2,2.5,cloud_inventory,50,aggregation,99.5428379696134,1,1,1
2,2.5,cloud_inventory,50,join,98.56350462928982,1,1,1
2,2.5,cloud_inventory,50,negative_evidence,99.70955531555714,1,1,1
2,2.5,cloud_inventory,50,threshold,72.3196778895052,1,1,0
2,2.5,cloud_inventory,50,provenance,72.3196778895052,1,1,0
2,2.5,cloud_inventory,50,lookup,78.22885572139303,1,1,0
2,2.5,cloud_inventory,50,rare_event,78.22885572139303,1,1,0
2,2.5,cloud_inventory,50,latest_state,99.33595181984812,1,1,1
2,2.5,cloud_inventory,50,aggregation,99.63341188792879,1,1,1
2,2.5,cloud_inventory,50,join,99.05629746006808,1,1,1
2,2.5,cloud_inventory,50,negative_evidence,99.83241686305315,1,1,1
2,2.5,cloud_inventory,50,threshold,78.22885572139303,1,1,0
2,2.5,cloud_inventory,50,provenance,78.22885572139303,1,1,0
2,2.5,cloud_inventory,50,lookup,99.52992529169813,1,1,1
2,2.5,cloud_inventory,50,rare_event,80.1372450264417,1,1,0
2,2.5,cloud_inventory,50,latest_state,99.13539830437338,1,1,1
2,2.5,cloud_inventory,50,aggregation,99.5026441702342,1,1,1
2,2.5,cloud_inventory,50,join,98.85419289851423,1,1,1
2,2.5,cloud_inventory,50,negative_evidence,99.75027281121463,1,1,1
2,2.5,cloud_inventory,50,threshold,80.1372450264417,1,1,0
2,2.5,cloud_inventory,50,provenance,80.1372450264417,1,1,0
2,2.5,cloud_inventory,50,lookup,99.53998658730823,1,1,1
2,2.5,cloud_inventory,50,rare_event,70.23115935954397,1,1,0
2,2.5,cloud_inventory,50,latest_state,99.24134462234889,1,1,1
2,2.5,cloud_inventory,50,aggregation,99.59237991449409,1,1,1
2,2.5,cloud_inventory,50,join,99.15437169922039,1,1,1
2,2.5,cloud_inventory,50,negative_evidence,99.75060776259535,1,1,1
2,2.5,cloud_inventory,50,threshold,70.23115935954397,1,1,0
2,2.5,cloud_inventory,50,provenance,70.23115935954397,1,1,0
2,2.5,cloud_inventory,50,lookup,99.51462430660615,1,1,1
2,2.5,cloud_inventory,50,rare_event,76.11783493024038,1,1,0
2,2.5,cloud_inventory,50,latest_state,99.2404185577408,1,1,1
2,2.5,cloud_inventory,50,aggregation,99.54824340225248,1,1,1
2,2.5,cloud_inventory,50,join,99.43688014792403,1,1,1
2,2.5,cloud_inventory,50,negative_evidence,99.71108589678937,1,1,1
2,2.5,cloud_inventory,50,threshold,76.11783493024038,1,1,0
2,2.5,cloud_inventory,50,provenance,76.11783493024038,1,1,0
2,2.5,cloud_inventory,100,lookup,99.76916996047431,1,1,1
2,2.5,cloud_inventory,100,rare_event,78.1201581027668,1,1,0
2,2.5,cloud_inventory,100,latest_state,99.46982872200265,1,1,1
2,2.5,cloud_inventory,100,aggregation,99.67009222661397,1,1,1
2,2.5,cloud_inventory,100,join,99.3270092226614,1,1,1
2,2.5,cloud_inventory,100,negative_evidence,99.81080368906456,1,1,1
2,2.5,cloud_inventory,100,threshold,78.1201581027668,1,1,0
2,2.5,cloud_inventory,100,provenance,78.1201581027668,1,1,0
2,2.5,cloud_inventory,100,lookup,99.76363828215679,1,1,1
2,2.5,cloud_inventory,100,rare_event,81.00506489395379,1,1,0
2,2.5,cloud_inventory,100,latest_state,99.51936266751082,1,1,1
2,2.5,cloud_inventory,100,aggregation,99.72617917062362,1,1,1
2,2.5,cloud_inventory,100,join,99.23024163764904,1,1,1
2,2.5,cloud_inventory,100,negative_evidence,99.81587000105519,1,1,1
2,2.5,cloud_inventory,100,threshold,81.00506489395379,1,1,0
2,2.5,cloud_inventory,100,provenance,81.00506489395379,1,1,0
2,2.5,cloud_inventory,100,lookup,84.03780422735365,1,1,0
2,2.5,cloud_inventory,100,rare_event,84.03780422735365,1,1,0
2,2.5,cloud_inventory,100,latest_state,99.66242452097565,1,1,1
2,2.5,cloud_inventory,100,aggregation,99.56521968820493,1,1,1
2,2.5,cloud_inventory,100,join,99.32643390335515,1,1,1
2,2.5,cloud_inventory,100,negative_evidence,99.85524932511318,1,1,1
2,2.5,cloud_inventory,100,threshold,84.03780422735365,1,1,0
2,2.5,cloud_inventory,100,provenance,84.03780422735365,1,1,0
2,2.5,cloud_inventory,100,lookup,99.76704719139023,1,1,1
2,2.5,cloud_inventory,100,rare_event,83.07455543960619,1,1,0
2,2.5,cloud_inventory,100,latest_state,99.61736710622016,1,1,1
2,2.5,cloud_inventory,100,aggregation,99.5989206168506,1,1,1
2,2.5,cloud_inventory,100,join,99.42394248911657,1,1,1
2,2.5,cloud_inventory,100,negative_evidence,99.83029229780013,1,1,1
2,2.5,cloud_inventory,100,threshold,83.07455543960619,1,1,0
2,2.5,cloud_inventory,100,provenance,83.07455543960619,1,1,0
2,2.5,cloud_inventory,100,lookup,99.76552043924082,1,1,1
2,2.5,cloud_inventory,100,rare_event,83.0574027041553,1,1,0
2,2.5,cloud_inventory,100,latest_state,99.61587505664394,1,1,1
2,2.5,cloud_inventory,100,aggregation,99.69227850902614,1,1,1
2,2.5,cloud_inventory,100,join,99.57214066665964,1,1,1
2,2.5,cloud_inventory,100,negative_evidence,99.8566776617382,1,1,1
2,2.5,cloud_inventory,100,threshold,83.0574027041553,1,1,0
2,2.5,cloud_inventory,100,provenance,83.0574027041553,1,1,0
2,2.5,cloud_inventory,250,lookup,99.90948618606933,1,1,1
2,2.5,cloud_inventory,250,rare_event,81.64346016546263,1,1,0
2,2.5,cloud_inventory,250,latest_state,99.76715955808957,1,1,1
2,2.5,cloud_inventory,250,aggregation,99.65317136718154,1,1,1
2,2.5,cloud_inventory,250,join,99.72993892432368,1,1,1
2,2.5,cloud_inventory,250,negative_evidence,99.9236554046052,1,1,1
2,2.5,cloud_inventory,250,threshold,81.64346016546263,1,1,0
2,2.5,cloud_inventory,250,provenance,81.64346016546263,1,1,0
2,2.5,cloud_inventory,250,lookup,99.90882957052594,1,1,1
2,2.5,cloud_inventory,250,rare_event,83.23183307561646,1,1,0
2,2.5,cloud_inventory,250,latest_state,99.86525391281907,1,1,1
2,2.5,cloud_inventory,250,aggregation,99.58687738106067,1,1,1
2,2.5,cloud_inventory,250,join,99.77027590160363,1,1,1
2,2.5,cloud_inventory,250,negative_evidence,99.91686779864662,1,1,1
2,2.5,cloud_inventory,250,threshold,83.23183307561646,1,1,0
2,2.5,cloud_inventory,250,provenance,83.23183307561646,1,1,0
2,2.5,cloud_inventory,250,lookup,80.83320464790609,1,1,0
2,2.5,cloud_inventory,250,rare_event,80.83320464790609,1,1,0
2,2.5,cloud_inventory,250,latest_state,99.78782769832188,1,1,1
2,2.5,cloud_inventory,250,aggregation,99.67042428114205,1,1,1
2,2.5,cloud_inventory,250,join,99.82717370840376,1,1,1
2,2.5,cloud_inventory,250,negative_evidence,99.91644261299814,1,1,1
2,2.5,cloud_inventory,250,threshold,80.83320464790609,1,1,0
2,2.5,cloud_inventory,250,provenance,80.83320464790609,1,1,0
2,2.5,cloud_inventory,250,lookup,99.90565379172334,1,1,1
2,2.5,cloud_inventory,250,rare_event,85.59549168970675,1,1,0
2,2.5,cloud_inventory,250,latest_state,99.78740372350214,1,1,1
2,2.5,cloud_inventory,250,aggregation,99.62621132281423,1,1,1
2,2.5,cloud_inventory,250,join,99.84726914265526,1,1,1
2,2.5,cloud_inventory,250,negative_evidence,99.91623072090235,1,1,1
2,2.5,cloud_inventory,250,threshold,85.59549168970675,1,1,0
2,2.5,cloud_inventory,250,provenance,85.59549168970675,1,1,0
2,2.5,cloud_inventory,250,lookup,84.81952437373053,1,1,0
2,2.5,cloud_inventory,250,rare_event,84.81952437373053,1,1,0
2,2.5,cloud_inventory,250,latest_state,99.86649458361543,1,1,1
2,2.5,cloud_inventory,250,aggregation,99.63502877454299,1,1,1
2,2.5,cloud_inventory,250,join,99.86734089370344,1,1,1
2,2.5,cloud_inventory,250,negative_evidence,99.92383209207854,1,1,1
2,2.5,cloud_inventory,250,threshold,84.81952437373053,1,1,0
2,2.5,cloud_inventory,250,provenance,84.81952437373053,1,1,0
2,2.5,cloud_inventory,500,lookup,99.95406668585846,1,1,1
2,2.5,cloud_inventory,500,rare_event,80.9998010261968,1,1,0
2,2.5,cloud_inventory,500,latest_state,99.91289604253805,1,1,1
2,2.5,cloud_inventory,500,aggregation,99.60586253026942,1,1,1
2,2.5,cloud_inventory,500,join,99.88453169187001,1,1,1
2,2.5,cloud_inventory,500,negative_evidence,99.9626394933365,1,1,1
2,2.5,cloud_inventory,500,threshold,80.9998010261968,1,1,0
2,2.5,cloud_inventory,500,provenance,80.9998010261968,1,1,0
2,2.5,cloud_inventory,500,lookup,99.95286750897901,1,1,1
2,2.5,cloud_inventory,500,rare_event,82.42816002169153,1,1,0
2,2.5,cloud_inventory,500,latest_state,99.922999278714,1,1,1
2,2.5,cloud_inventory,500,aggregation,99.71423941398956,1,1,1
2,2.5,cloud_inventory,500,join,99.8646397224161,1,1,1
2,2.5,cloud_inventory,500,negative_evidence,99.97479206098203,1,1,1
2,2.5,cloud_inventory,500,threshold,82.42816002169153,1,1,0
2,2.5,cloud_inventory,500,provenance,82.42816002169153,1,1,0
2,2.5,cloud_inventory,500,lookup,99.95458347007697,1,1,1
2,2.5,cloud_inventory,500,rare_event,83.61955980901767,1,1,0
2,2.5,cloud_inventory,500,latest_state,99.87317248753428,1,1,1
2,2.5,cloud_inventory,500,aggregation,99.64725436432738,1,1,1
2,2.5,cloud_inventory,500,join,99.92398818535025,1,1,1
2,2.5,cloud_inventory,500,negative_evidence,99.96188822663801,1,1,1
2,2.5,cloud_inventory,500,threshold,83.61955980901767,1,1,0
2,2.5,cloud_inventory,500,provenance,83.61955980901767,1,1,0
2,2.5,cloud_inventory,500,lookup,99.95253573592917,1,1,1
2,2.5,cloud_inventory,500,rare_event,85.00362338801612,1,1,0
2,2.5,cloud_inventory,500,latest_state,99.93219390847025,1,1,1
2,2.5,cloud_inventory,500,aggregation,99.62537134429815,1,1,1
2,2.5,cloud_inventory,500,join,99.82561120834693,1,1,1
2,2.5,cloud_inventory,500,negative_evidence,99.96715642441528,1,1,1
2,2.5,cloud_inventory,500,threshold,85.00362338801612,1,1,0
2,2.5,cloud_inventory,500,provenance,85.00362338801612,1,1,0
2,2.5,cloud_inventory,500,lookup,99.95265908717825,1,1,1
2,2.5,cloud_inventory,500,rare_event,83.80961963112215,1,1,0
2,2.5,cloud_inventory,500,latest_state,99.90383546120322,1,1,1
2,2.5,cloud_inventory,500,aggregation,99.66893133449479,1,1,1
2,2.5,cloud_inventory,500,join,99.84600964822631,1,1,1
2,2.5,cloud_inventory,500,negative_evidence,99.96632122980465,1,1,1
2,2.5,cloud_inventory,500,threshold,83.80961963112215,1,1,0
2,2.5,cloud_inventory,500,provenance,83.80961963112215,1,1,0
2,2.5,issue_tracking,50,lookup,99.5400685182663,1,1,1
2,2.5,issue_tracking,50,rare_event,76.12756550618656,1,1,0
2,2.5,issue_tracking,50,latest_state,99.24043206319605,1,1,1
2,2.5,issue_tracking,50,aggregation,99.59350019382079,1,1,1
2,2.5,issue_tracking,50,join,99.34310469465369,1,1,1
2,2.5,issue_tracking,50,negative_evidence,76.12756550618656,1,1,0
2,2.5,issue_tracking,50,threshold,76.12756550618656,1,1,0
2,2.5,issue_tracking,50,provenance,76.12756550618656,1,1,0
2,2.5,issue_tracking,50,lookup,99.55150372000419,1,1,1
2,2.5,issue_tracking,50,rare_event,82.12930944147543,1,1,0
2,2.5,issue_tracking,50,latest_state,99.14387509169025,1,1,1
2,2.5,issue_tracking,50,aggregation,99.59341926019071,1,1,1
2,2.5,issue_tracking,50,join,99.24447238813791,1,1,1
2,2.5,issue_tracking,50,negative_evidence,99.75793775542282,1,1,1
2,2.5,issue_tracking,50,threshold,82.12930944147543,1,1,0
2,2.5,issue_tracking,50,provenance,82.12930944147543,1,1,0
2,2.5,issue_tracking,50,lookup,99.54937488865367,1,1,1
2,2.5,issue_tracking,50,rare_event,72.30017920207916,1,1,0
2,2.5,issue_tracking,50,latest_state,99.04425557779571,1,1,1
2,2.5,issue_tracking,50,aggregation,99.415235320625,1,1,1
2,2.5,issue_tracking,50,join,99.34606960586022,1,1,1
2,2.5,issue_tracking,50,negative_evidence,99.7558240675728,1,1,1
2,2.5,issue_tracking,50,threshold,72.30017920207916,1,1,0
2,2.5,issue_tracking,50,provenance,72.30017920207916,1,1,0
2,2.5,issue_tracking,50,lookup,99.54111619817914,1,1,1
2,2.5,issue_tracking,50,rare_event,70.34751542708672,1,1,0
2,2.5,issue_tracking,50,latest_state,99.23519366363188,1,1,1
2,2.5,issue_tracking,50,aggregation,99.5526406772203,1,1,1
2,2.5,issue_tracking,50,join,99.43634820689583,1,1,1
2,2.5,issue_tracking,50,negative_evidence,99.75169986065858,1,1,1
2,2.5,issue_tracking,50,threshold,70.34751542708672,1,1,0
2,2.5,issue_tracking,50,provenance,70.34751542708672,1,1,0
2,2.5,issue_tracking,50,lookup,99.53769559032717,1,1,1
2,2.5,issue_tracking,50,rare_event,74.28144088360807,1,1,0
2,2.5,issue_tracking,50,latest_state,99.24169525562715,1,1,1
2,2.5,issue_tracking,50,aggregation,99.51573090117982,1,1,1
2,2.5,issue_tracking,50,join,99.25110869383316,1,1,1
2,2.5,issue_tracking,50,negative_evidence,99.75629654422224,1,1,1
2,2.5,issue_tracking,50,threshold,74.28144088360807,1,1,0
2,2.5,issue_tracking,50,provenance,74.28144088360807,1,1,0
2,2.5,issue_tracking,100,lookup,99.77066034005536,1,1,1
2,2.5,issue_tracking,100,rare_event,81.09819427968894,1,1,0
2,2.5,issue_tracking,100,latest_state,99.51970475813893,1,1,1
2,2.5,issue_tracking,100,aggregation,99.4242783708976,1,1,1
2,2.5,issue_tracking,100,join,99.47383682614999,1,1,1
2,2.5,issue_tracking,100,negative_evidence,99.81020166073546,1,1,1
2,2.5,issue_tracking,100,threshold,81.09819427968894,1,1,0
2,2.5,issue_tracking,100,provenance,81.09819427968894,1,1,0
2,2.5,issue_tracking,100,lookup,99.77194380948862,1,1,1
2,2.5,issue_tracking,100,rare_event,84.0540155310489,1,1,0
2,2.5,issue_tracking,100,latest_state,99.42035718245023,1,1,1
2,2.5,issue_tracking,100,aggregation,99.49479218907548,1,1,1
2,2.5,issue_tracking,100,join,99.47737123007808,1,1,1
2,2.5,issue_tracking,100,negative_evidence,99.87488583992779,1,1,1
2,2.5,issue_tracking,100,threshold,84.0540155310489,1,1,0
2,2.5,issue_tracking,100,provenance,84.0540155310489,1,1,0
2,2.5,issue_tracking,100,lookup,71.09868997477066,1,1,0
2,2.5,issue_tracking,100,rare_event,71.09868997477066,1,1,0
2,2.5,issue_tracking,100,latest_state,99.56930677391772,1,1,1
2,2.5,issue_tracking,100,aggregation,99.6711741668514,1,1,1
2,2.5,issue_tracking,100,join,99.52602632717907,1,1,1
2,2.5,issue_tracking,100,negative_evidence,99.85485216032767,1,1,1
2,2.5,issue_tracking,100,threshold,71.09868997477066,1,1,0
2,2.5,issue_tracking,100,provenance,71.09868997477066,1,1,0
2,2.5,issue_tracking,100,lookup,99.77464758999584,1,1,1
2,2.5,issue_tracking,100,rare_event,82.05097080973817,1,1,0
2,2.5,issue_tracking,100,latest_state,99.420522374275,1,1,1
2,2.5,issue_tracking,100,aggregation,99.64851357128155,1,1,1
2,2.5,issue_tracking,100,join,99.62054242905621,1,1,1
2,2.5,issue_tracking,100,negative_evidence,99.83375641884939,1,1,1
2,2.5,issue_tracking,100,threshold,82.05097080973817,1,1,0
2,2.5,issue_tracking,100,provenance,82.05097080973817,1,1,0
2,2.5,issue_tracking,100,lookup,99.76530031012004,1,1,1
2,2.5,issue_tracking,100,rare_event,76.0986055146516,1,1,0
2,2.5,issue_tracking,100,latest_state,99.51899748950444,1,1,1
2,2.5,issue_tracking,100,aggregation,99.69146220543871,1,1,1
2,2.5,issue_tracking,100,join,99.42353536845215,1,1,1
2,2.5,issue_tracking,100,negative_evidence,99.8533786207042,1,1,1
2,2.5,issue_tracking,100,threshold,76.0986055146516,1,1,0
2,2.5,issue_tracking,100,provenance,76.0986055146516,1,1,0
2,2.5,issue_tracking,250,lookup,99.90925628225739,1,1,1
2,2.5,issue_tracking,250,rare_event,85.61659192825111,1,1,0
2,2.5,issue_tracking,250,latest_state,99.84579913698283,1,1,1
2,2.5,issue_tracking,250,aggregation,99.64358236737456,1,1,1
2,2.5,issue_tracking,250,join,99.84664523225315,1,1,1
2,2.5,issue_tracking,250,negative_evidence,99.9405618072595,1,1,1
2,2.5,issue_tracking,250,threshold,85.61659192825111,1,1,0
2,2.5,issue_tracking,250,provenance,85.61659192825111,1,1,0
2,2.5,issue_tracking,250,lookup,99.90968127667423,1,1,1
2,2.5,issue_tracking,250,rare_event,81.26331724133544,1,1,0
2,2.5,issue_tracking,250,latest_state,99.8248749636923,1,1,1
2,2.5,issue_tracking,250,aggregation,99.68536857883701,1,1,1
2,2.5,issue_tracking,250,join,99.72925584580517,1,1,1
2,2.5,issue_tracking,250,negative_evidence,99.95780885929149,1,1,1
2,2.5,issue_tracking,250,threshold,81.26331724133544,1,1,0
2,2.5,issue_tracking,250,provenance,81.26331724133544,1,1,0
2,2.5,issue_tracking,250,lookup,99.9063963880018,1,1,1
2,2.5,issue_tracking,250,rare_event,80.47623484765059,1,1,0
2,2.5,issue_tracking,250,latest_state,99.82634624018432,1,1,1
2,2.5,issue_tracking,250,aggregation,99.5851369323428,1,1,1
2,2.5,issue_tracking,250,join,99.76980288180532,1,1,1
2,2.5,issue_tracking,250,negative_evidence,99.95785719731303,1,1,1
2,2.5,issue_tracking,250,threshold,80.47623484765059,1,1,0
2,2.5,issue_tracking,250,provenance,80.47623484765059,1,1,0
2,2.5,issue_tracking,250,lookup,99.90571594438724,1,1,1
2,2.5,issue_tracking,250,rare_event,81.98729601803474,1,1,0
2,2.5,issue_tracking,250,latest_state,99.80740627741123,1,1,1
2,2.5,issue_tracking,250,aggregation,99.66926424536737,1,1,1
2,2.5,issue_tracking,250,join,99.88643538470014,1,1,1
2,2.5,issue_tracking,250,negative_evidence,99.95020954366517,1,1,1
2,2.5,issue_tracking,250,threshold,81.98729601803474,1,1,0
2,2.5,issue_tracking,250,provenance,81.98729601803474,1,1,0
2,2.5,issue_tracking,250,lookup,99.90828525192961,1,1,1
2,2.5,issue_tracking,250,rare_event,85.21698057257115,1,1,0
2,2.5,issue_tracking,250,latest_state,99.84664785772988,1,1,1
2,2.5,issue_tracking,250,aggregation,99.58442416694201,1,1,1
2,2.5,issue_tracking,250,join,99.80852163451355,1,1,1
2,2.5,issue_tracking,250,negative_evidence,99.95848477916445,1,1,1
2,2.5,issue_tracking,250,threshold,85.21698057257115,1,1,0
2,2.5,issue_tracking,250,provenance,85.21698057257115,1,1,0
2,2.5,issue_tracking,500,lookup,99.95348704153216,1,1,1
2,2.5,issue_tracking,500,rare_event,85.99483165805452,1,1,0
2,2.5,issue_tracking,500,latest_state,99.92318474968293,1,1,1
2,2.5,issue_tracking,500,aggregation,99.66434384413179,1,1,1
2,2.5,issue_tracking,500,join,99.88398248400388,1,1,1
2,2.5,issue_tracking,500,negative_evidence,99.9663072419299,1,1,1
2,2.5,issue_tracking,500,threshold,85.99483165805452,1,1,0
2,2.5,issue_tracking,500,provenance,85.99483165805452,1,1,0
2,2.5,issue_tracking,500,lookup,99.95281018027572,1,1,1
2,2.5,issue_tracking,500,rare_event,80.18536585365854,1,1,0
2,2.5,issue_tracking,500,latest_state,99.88356309650052,1,1,1
2,2.5,issue_tracking,500,aggregation,99.61367974549312,1,1,1
2,2.5,issue_tracking,500,join,99.91389183457052,1,1,1
2,2.5,issue_tracking,500,negative_evidence,99.95344644750796,1,1,1
2,2.5,issue_tracking,500,threshold,80.18536585365854,1,1,0
2,2.5,issue_tracking,500,provenance,80.18536585365854,1,1,0
2,2.5,issue_tracking,500,lookup,99.95368422391398,1,1,1
2,2.5,issue_tracking,500,rare_event,84.22062843195131,1,1,0
2,2.5,issue_tracking,500,latest_state,99.92252441116962,1,1,1
2,2.5,issue_tracking,500,aggregation,99.66826457860593,1,1,1
2,2.5,issue_tracking,500,join,99.87461884871911,1,1,1
2,2.5,issue_tracking,500,negative_evidence,99.97053595937778,1,1,1
2,2.5,issue_tracking,500,threshold,84.22062843195131,1,1,0
2,2.5,issue_tracking,500,provenance,84.22062843195131,1,1,0
2,2.5,issue_tracking,500,lookup,83.81589273931412,1,1,0
2,2.5,issue_tracking,500,rare_event,83.81589273931412,1,1,0
2,2.5,issue_tracking,500,latest_state,99.90361874541263,1,1,1
2,2.5,issue_tracking,500,aggregation,99.64773181015647,1,1,1
2,2.5,issue_tracking,500,join,99.92363639059616,1,1,1
2,2.5,issue_tracking,500,negative_evidence,99.97479259495408,1,1,1
2,2.5,issue_tracking,500,threshold,83.81589273931412,1,1,0
2,2.5,issue_tracking,500,provenance,83.81589273931412,1,1,0
2,2.5,issue_tracking,500,lookup,99.95400071860628,1,1,1
2,2.5,issue_tracking,500,rare_event,80.37961065953854,1,1,0
2,2.5,issue_tracking,500,latest_state,99.90301994821371,1,1,1
2,2.5,issue_tracking,500,aggregation,99.6476921397403,1,1,1
2,2.5,issue_tracking,500,join,99.89401087236472,1,1,1
2,2.5,issue_tracking,500,negative_evidence,99.96194990317893,1,1,1
2,2.5,issue_tracking,500,threshold,80.37961065953854,1,1,0
2,2.5,issue_tracking,500,provenance,80.37961065953854,1,1,0
2,2.5,commerce_orders,50,lookup,99.53336199574258,1,1,1
2,2.5,commerce_orders,50,rare_event,80.08137327894467,1,1,0
2,2.5,commerce_orders,50,latest_state,98.93879177458763,1,1,1
2,2.5,commerce_orders,50,aggregation,99.38445728427168,1,1,1
2,2.5,commerce_orders,50,join,99.34356091985362,1,1,1
2,2.5,commerce_orders,50,negative_evidence,99.66444008682612,1,1,1
2,2.5,commerce_orders,50,threshold,80.08137327894467,1,1,0
2,2.5,commerce_orders,50,provenance,80.08137327894467,1,1,0
2,2.5,commerce_orders,50,lookup,72.17813051146385,1,1,0
2,2.5,commerce_orders,50,rare_event,72.17813051146385,1,1,0
2,2.5,commerce_orders,50,latest_state,98.94809775762157,1,1,1
2,2.5,commerce_orders,50,aggregation,99.46984966826237,1,1,1
2,2.5,commerce_orders,50,join,98.85886453346771,1,1,1
2,2.5,commerce_orders,50,negative_evidence,99.50449315528681,1,1,1
2,2.5,commerce_orders,50,threshold,72.17813051146385,1,1,0
2,2.5,commerce_orders,50,provenance,72.17813051146385,1,1,0
2,2.5,commerce_orders,50,lookup,99.52892050402359,1,1,1
2,2.5,commerce_orders,50,rare_event,74.25744651831334,1,1,0
2,2.5,commerce_orders,50,latest_state,99.04315256051116,1,1,1
2,2.5,commerce_orders,50,aggregation,99.79646008414382,1,1,1
2,2.5,commerce_orders,50,join,99.4344947698635,1,1,1
2,2.5,commerce_orders,50,negative_evidence,99.5436089515596,1,1,1
2,2.5,commerce_orders,50,threshold,74.25744651831334,1,1,0
2,2.5,commerce_orders,50,provenance,74.25744651831334,1,1,0
2,2.5,commerce_orders,50,lookup,99.55011037989516,1,1,1
2,2.5,commerce_orders,50,rare_event,80.12743385053203,1,1,0
2,2.5,commerce_orders,50,latest_state,99.14102470207891,1,1,1
2,2.5,commerce_orders,50,aggregation,99.54069408552087,1,1,1
2,2.5,commerce_orders,50,join,98.86167463564172,1,1,1
2,2.5,commerce_orders,50,negative_evidence,99.71332614904948,1,1,1
2,2.5,commerce_orders,50,threshold,80.12743385053203,1,1,0
2,2.5,commerce_orders,50,provenance,80.12743385053203,1,1,0
2,2.5,commerce_orders,50,lookup,99.53637660485022,1,1,1
2,2.5,commerce_orders,50,rare_event,84.16233112360494,1,1,0
2,2.5,commerce_orders,50,latest_state,99.13988419904338,1,1,1
2,2.5,commerce_orders,50,aggregation,99.50805571872115,1,1,1
2,2.5,commerce_orders,50,join,99.14198204246036,1,1,1
2,2.5,commerce_orders,50,negative_evidence,99.75350339850634,1,1,1
2,2.5,commerce_orders,50,threshold,84.16233112360494,1,1,0
2,2.5,commerce_orders,50,provenance,84.16233112360494,1,1,0
2,2.5,commerce_orders,100,lookup,99.77229940787329,1,1,1
2,2.5,commerce_orders,100,rare_event,76.15980059107498,1,1,0
2,2.5,commerce_orders,100,latest_state,99.61506504979964,1,1,1
2,2.5,commerce_orders,100,aggregation,99.6108581104532,1,1,1
2,2.5,commerce_orders,100,join,99.66922939388522,1,1,1
2,2.5,commerce_orders,100,negative_evidence,99.9184905501625,1,1,1
2,2.5,commerce_orders,100,threshold,76.15980059107498,1,1,0
2,2.5,commerce_orders,100,provenance,76.15980059107498,1,1,0
2,2.5,commerce_orders,100,lookup,99.77300258071313,1,1,1
2,2.5,commerce_orders,100,rare_event,75.16037288671195,1,1,0
2,2.5,commerce_orders,100,latest_state,99.5681255595934,1,1,1
2,2.5,commerce_orders,100,aggregation,99.624479907305,1,1,1
2,2.5,commerce_orders,100,join,99.57181229262126,1,1,1
2,2.5,commerce_orders,100,negative_evidence,99.89519144677938,1,1,1
2,2.5,commerce_orders,100,threshold,75.16037288671195,1,1,0
2,2.5,commerce_orders,100,provenance,75.16037288671195,1,1,0
2,2.5,commerce_orders,100,lookup,99.7732151239142,1,1,1
2,2.5,commerce_orders,100,rare_event,77.08523419494007,1,1,0
2,2.5,commerce_orders,100,latest_state,99.51900510002268,1,1,1
2,2.5,commerce_orders,100,aggregation,99.5559235682227,1,1,1
2,2.5,commerce_orders,100,join,99.22945882799685,1,1,1
2,2.5,commerce_orders,100,negative_evidence,99.91666974320569,1,1,1
2,2.5,commerce_orders,100,threshold,77.08523419494007,1,1,0
2,2.5,commerce_orders,100,provenance,77.08523419494007,1,1,0
2,2.5,commerce_orders,100,lookup,99.76361329451467,1,1,1
2,2.5,commerce_orders,100,rare_event,85.04551365409623,1,1,0
2,2.5,commerce_orders,100,latest_state,99.61830654459496,1,1,1
2,2.5,commerce_orders,100,aggregation,99.48616163796508,1,1,1
2,2.5,commerce_orders,100,join,99.52459422037137,1,1,1
2,2.5,commerce_orders,100,negative_evidence,99.83363430081657,1,1,1
2,2.5,commerce_orders,100,threshold,85.04551365409623,1,1,0
2,2.5,commerce_orders,100,provenance,85.04551365409623,1,1,0
2,2.5,commerce_orders,100,lookup,99.76638717502505,1,1,1
2,2.5,commerce_orders,100,rare_event,81.15698992775404,1,1,0
2,2.5,commerce_orders,100,latest_state,99.41834097980278,1,1,1
2,2.5,commerce_orders,100,aggregation,99.64298897853715,1,1,1
2,2.5,commerce_orders,100,join,99.37984496124031,1,1,1
2,2.5,commerce_orders,100,negative_evidence,99.81068396350788,1,1,1
2,2.5,commerce_orders,100,threshold,81.15698992775404,1,1,0
2,2.5,commerce_orders,100,provenance,81.15698992775404,1,1,0
2,2.5,commerce_orders,250,lookup,84.4415458671667,1,1,0
2,2.5,commerce_orders,250,rare_event,84.4415458671667,1,1,0
2,2.5,commerce_orders,250,latest_state,99.84673244135138,1,1,1
2,2.5,commerce_orders,250,aggregation,99.64441926393519,1,1,1
2,2.5,commerce_orders,250,join,99.80889120962986,1,1,1
2,2.5,commerce_orders,250,negative_evidence,99.94165262594893,1,1,1
2,2.5,commerce_orders,250,threshold,84.4415458671667,1,1,0
2,2.5,commerce_orders,250,provenance,84.4415458671667,1,1,0
2,2.5,commerce_orders,250,lookup,99.90523712927728,1,1,1
2,2.5,commerce_orders,250,rare_event,83.1969354364486,1,1,0
2,2.5,commerce_orders,250,latest_state,99.86547056745614,1,1,1
2,2.5,commerce_orders,250,aggregation,99.62814034211934,1,1,1
2,2.5,commerce_orders,250,join,99.80962816149454,1,1,1
2,2.5,commerce_orders,250,negative_evidence,99.93273528372806,1,1,1
2,2.5,commerce_orders,250,threshold,83.1969354364486,1,1,0
2,2.5,commerce_orders,250,provenance,83.1969354364486,1,1,0
2,2.5,commerce_orders,250,lookup,99.91007137159144,1,1,1
2,2.5,commerce_orders,250,rare_event,77.58703504254153,1,1,0
2,2.5,commerce_orders,250,latest_state,99.90541624259147,1,1,1
2,2.5,commerce_orders,250,aggregation,99.63563035736578,1,1,1
2,2.5,commerce_orders,250,join,99.7113820020017,1,1,1
2,2.5,commerce_orders,250,negative_evidence,99.91599608122776,1,1,1
2,2.5,commerce_orders,250,threshold,77.58703504254153,1,1,0
2,2.5,commerce_orders,250,provenance,77.58703504254153,1,1,0
2,2.5,commerce_orders,250,lookup,99.90531804050613,1,1,1
2,2.5,commerce_orders,250,rare_event,82.82917303339441,1,1,0
2,2.5,commerce_orders,250,latest_state,99.74744432679647,1,1,1
2,2.5,commerce_orders,250,aggregation,99.5859777708739,1,1,1
2,2.5,commerce_orders,250,join,99.76921272373367,1,1,1
2,2.5,commerce_orders,250,negative_evidence,99.91630791080452,1,1,1
2,2.5,commerce_orders,250,threshold,82.82917303339441,1,1,0
2,2.5,commerce_orders,250,provenance,82.82917303339441,1,1,0
2,2.5,commerce_orders,250,lookup,99.90712336302283,1,1,1
2,2.5,commerce_orders,250,rare_event,84.0046967228722,1,1,0
2,2.5,commerce_orders,250,latest_state,99.74781560073625,1,1,1
2,2.5,commerce_orders,250,aggregation,99.5846996847695,1,1,1
2,2.5,commerce_orders,250,join,99.78843590665792,1,1,1
2,2.5,commerce_orders,250,negative_evidence,99.93229949013053,1,1,1
2,2.5,commerce_orders,250,threshold,84.0046967228722,1,1,0
2,2.5,commerce_orders,250,provenance,84.0046967228722,1,1,0
2,2.5,commerce_orders,500,lookup,99.9537261562637,1,1,1
2,2.5,commerce_orders,500,rare_event,82.42261043776962,1,1,0
2,2.5,commerce_orders,500,latest_state,99.91285269246,1,1,1
2,2.5,commerce_orders,500,aggregation,99.65310500668164,1,1,1
2,2.5,commerce_orders,500,join,99.91391159048601,1,1,1
2,2.5,commerce_orders,500,negative_evidence,99.98369297039956,1,1,1
2,2.5,commerce_orders,500,threshold,82.42261043776962,1,1,0
2,2.5,commerce_orders,500,provenance,82.42261043776962,1,1,0
2,2.5,commerce_orders,500,lookup,99.95393588722658,1,1,1
2,2.5,commerce_orders,500,rare_event,79.40065824028736,1,1,0
2,2.5,commerce_orders,500,latest_state,99.92312058419884,1,1,1
2,2.5,commerce_orders,500,aggregation,99.668020704495,1,1,1
2,2.5,commerce_orders,500,join,99.90437725555311,1,1,1
2,2.5,commerce_orders,500,negative_evidence,99.9624074481964,1,1,1
2,2.5,commerce_orders,500,threshold,79.40065824028736,1,1,0
2,2.5,commerce_orders,500,provenance,79.40065824028736,1,1,0
2,2.5,commerce_orders,500,lookup,99.95254694727521,1,1,1
2,2.5,commerce_orders,500,rare_event,82.03149908218593,1,1,0
2,2.5,commerce_orders,500,latest_state,99.93316322261308,1,1,1
2,2.5,commerce_orders,500,aggregation,99.61486763458184,1,1,1
2,2.5,commerce_orders,500,join,99.88433318398332,1,1,1
2,2.5,commerce_orders,500,negative_evidence,99.970341842047,1,1,1
2,2.5,commerce_orders,500,threshold,82.03149908218593,1,1,0
2,2.5,commerce_orders,500,provenance,82.03149908218593,1,1,0
2,2.5,commerce_orders,500,lookup,82.2165139558286,1,1,0
2,2.5,commerce_orders,500,rare_event,82.2165139558286,1,1,0
2,2.5,commerce_orders,500,latest_state,99.9331603198983,1,1,1
2,2.5,commerce_orders,500,aggregation,99.63487103437319,1,1,1
2,2.5,commerce_orders,500,join,99.89407340712886,1,1,1
2,2.5,commerce_orders,500,negative_evidence,99.962184206345,1,1,1
2,2.5,commerce_orders,500,threshold,82.2165139558286,1,1,0
2,2.5,commerce_orders,500,provenance,82.2165139558286,1,1,0
2,2.5,commerce_orders,500,lookup,99.95287474637082,1,1,1
2,2.5,commerce_orders,500,rare_event,84.21441672702935,1,1,0
2,2.5,commerce_orders,500,latest_state,99.94228480173506,1,1,1
2,2.5,commerce_orders,500,aggregation,99.6172794008633,1,1,1
2,2.5,commerce_orders,500,join,99.88393420679196,1,1,1
2,2.5,commerce_orders,500,negative_evidence,99.95795791979599,1,1,1
2,2.5,commerce_orders,500,threshold,84.21441672702935,1,1,0
2,2.5,commerce_orders,500,provenance,84.21441672702935,1,1,0
2,2.5,security_findings,50,lookup,99.52540246707088,1,1,1
2,2.5,security_findings,50,rare_event,78.270959648756,1,1,0
2,2.5,security_findings,50,latest_state,99.13547982437801,1,1,1
2,2.5,security_findings,50,aggregation,99.63098473761238,1,1,1
2,2.5,security_findings,50,join,99.53376541919297,1,1,1
2,2.5,security_findings,50,negative_evidence,99.66548191511603,1,1,1
2,2.5,security_findings,50,threshold,78.270959648756,1,1,0
2,2.5,security_findings,50,provenance,78.270959648756,1,1,0
2,2.5,security_findings,50,lookup,99.5418553811073,1,1,1
2,2.5,security_findings,50,rare_event,82.08424421827768,1,1,0
2,2.5,security_findings,50,latest_state,98.94563978117841,1,1,1
2,2.5,security_findings,50,aggregation,99.63494869407864,1,1,1
2,2.5,security_findings,50,join,98.95923768082592,1,1,1
2,2.5,security_findings,50,negative_evidence,99.74896185266154,1,1,1
2,2.5,security_findings,50,threshold,82.08424421827768,1,1,0
2,2.5,security_findings,50,provenance,82.08424421827768,1,1,0
2,2.5,security_findings,50,lookup,99.54008297364119,1,1,1
2,2.5,security_findings,50,rare_event,66.39986590118593,1,1,0
2,2.5,security_findings,50,latest_state,99.03826006788753,1,1,1
2,2.5,security_findings,50,aggregation,99.46465239073042,1,1,1
2,2.5,security_findings,50,join,99.05502241964548,1,1,1
2,2.5,security_findings,50,negative_evidence,99.53798767967146,1,1,1
2,2.5,security_findings,50,threshold,66.39986590118593,1,1,0
2,2.5,security_findings,50,provenance,66.39986590118593,1,1,0
2,2.5,security_findings,50,lookup,76.21102916526986,1,1,0
2,2.5,security_findings,50,rare_event,76.21102916526986,1,1,0
2,2.5,security_findings,50,latest_state,98.84554140127389,1,1,1
2,2.5,security_findings,50,aggregation,99.59038719409989,1,1,1
2,2.5,security_findings,50,join,98.95030170968823,1,1,1
2,2.5,security_findings,50,negative_evidence,99.75067046597385,1,1,1
2,2.5,security_findings,50,threshold,76.21102916526986,1,1,0
2,2.5,security_findings,50,provenance,76.21102916526986,1,1,0
2,2.5,security_findings,50,lookup,99.5378454396219,1,1,1
2,2.5,security_findings,50,rare_event,78.24109411432575,1,1,0
2,2.5,security_findings,50,latest_state,99.14470038373467,1,1,1
2,2.5,security_findings,50,aggregation,99.50961427869383,1,1,1
2,2.5,security_findings,50,join,99.14470038373467,1,1,1
2,2.5,security_findings,50,negative_evidence,99.66436286452179,1,1,1
2,2.5,security_findings,50,threshold,78.24109411432575,1,1,0
2,2.5,security_findings,50,provenance,78.24109411432575,1,1,0
2,2.5,security_findings,100,lookup,99.76762159121378,1,1,1
2,2.5,security_findings,100,rare_event,77.12649902474672,1,1,0
2,2.5,security_findings,100,latest_state,99.4689995636333,1,1,1
2,2.5,security_findings,100,aggregation,99.59885808619032,1,1,1
2,2.5,security_findings,100,join,99.61883632042985,1,1,1
2,2.5,security_findings,100,negative_evidence,99.87382167848712,1,1,1
2,2.5,security_findings,100,threshold,77.12649902474672,1,1,0
2,2.5,security_findings,100,provenance,77.12649902474672,1,1,0
2,2.5,security_findings,100,lookup,73.13837630603304,1,1,0
2,2.5,security_findings,100,rare_event,73.13837630603304,1,1,0
2,2.5,security_findings,100,latest_state,99.51813700707785,1,1,1
2,2.5,security_findings,100,aggregation,99.71140883046849,1,1,1
2,2.5,security_findings,100,join,99.27852207617121,1,1,1
2,2.5,security_findings,100,negative_evidence,99.8119944388271,1,1,1
2,2.5,security_findings,100,threshold,73.13837630603304,1,1,0
2,2.5,security_findings,100,provenance,73.13837630603304,1,1,0
2,2.5,security_findings,100,lookup,99.76523592470667,1,1,1
2,2.5,security_findings,100,rare_event,79.11760361272896,1,1,0
2,2.5,security_findings,100,latest_state,99.42021186798345,1,1,1
2,2.5,security_findings,100,aggregation,99.56529079091753,1,1,1
2,2.5,security_findings,100,join,99.37642441124336,1,1,1
2,2.5,security_findings,100,negative_evidence,99.89554317548746,1,1,1
2,2.5,security_findings,100,threshold,79.11760361272896,1,1,0
2,2.5,security_findings,100,provenance,79.11760361272896,1,1,0
2,2.5,security_findings,100,lookup,99.76795091714638,1,1,1
2,2.5,security_findings,100,rare_event,84.00808225377014,1,1,0
2,2.5,security_findings,100,latest_state,99.61588247055975,1,1,1
2,2.5,security_findings,100,aggregation,99.56799932647885,1,1,1
2,2.5,security_findings,100,join,99.47328541511003,1,1,1
2,2.5,security_findings,100,negative_evidence,99.83425065510455,1,1,1
2,2.5,security_findings,100,threshold,84.00808225377014,1,1,0
2,2.5,security_findings,100,provenance,84.00808225377014,1,1,0
2,2.5,security_findings,100,lookup,79.12625954519638,1,1,0
2,2.5,security_findings,100,rare_event,79.12625954519638,1,1,0
2,2.5,security_findings,100,latest_state,99.325262427162,1,1,1
2,2.5,security_findings,100,aggregation,99.68971537959905,1,1,1
2,2.5,security_findings,100,join,99.42728821759891,1,1,1
2,2.5,security_findings,100,negative_evidence,99.8085701663967,1,1,1
2,2.5,security_findings,100,threshold,79.12625954519638,1,1,0
2,2.5,security_findings,100,provenance,79.12625954519638,1,1,0
2,2.5,security_findings,250,lookup,99.90617095061084,1,1,1
2,2.5,security_findings,250,rare_event,80.83393737544932,1,1,0
2,2.5,security_findings,250,latest_state,99.74725328137515,1,1,1
2,2.5,security_findings,250,aggregation,99.62785370276056,1,1,1
2,2.5,security_findings,250,join,99.71048243769562,1,1,1
2,2.5,security_findings,250,negative_evidence,99.88017776800979,1,1,1
2,2.5,security_findings,250,threshold,80.83393737544932,1,1,0
2,2.5,security_findings,250,provenance,80.83393737544932,1,1,0
2,2.5,security_findings,250,lookup,99.90598426028627,1,1,1
2,2.5,security_findings,250,rare_event,82.08524797971796,1,1,0
2,2.5,security_findings,250,latest_state,99.8265462420113,1,1,1
2,2.5,security_findings,250,aggregation,99.61823271536471,1,1,1
2,2.5,security_findings,250,join,99.92457613690382,1,1,1
2,2.5,security_findings,250,negative_evidence,99.9659853166429,1,1,1
2,2.5,security_findings,250,threshold,82.08524797971796,1,1,0
2,2.5,security_findings,250,provenance,82.08524797971796,1,1,0
2,2.5,security_findings,250,lookup,99.90774868711148,1,1,1
2,2.5,security_findings,250,rare_event,85.18435451587104,1,1,0
2,2.5,security_findings,250,latest_state,99.74800157419672,1,1,1
2,2.5,security_findings,250,aggregation,99.66886856726941,1,1,1
2,2.5,security_findings,250,join,99.84660045448582,1,1,1
2,2.5,security_findings,250,negative_evidence,99.95810605515612,1,1,1
2,2.5,security_findings,250,threshold,85.18435451587104,1,1,0
2,2.5,security_findings,250,provenance,85.18435451587104,1,1,0
2,2.5,security_findings,250,lookup,99.90837502902865,1,1,1
2,2.5,security_findings,250,rare_event,81.1961914412988,1,1,0
2,2.5,security_findings,250,latest_state,99.82625034306585,1,1,1
2,2.5,security_findings,250,aggregation,99.58747651318428,1,1,1
2,2.5,security_findings,250,join,99.76861528068063,1,1,1
2,2.5,security_findings,250,negative_evidence,99.94933181328773,1,1,1
2,2.5,security_findings,250,threshold,81.1961914412988,1,1,0
2,2.5,security_findings,250,provenance,81.1961914412988,1,1,0
2,2.5,security_findings,250,lookup,99.90379044501677,1,1,1
2,2.5,security_findings,250,rare_event,82.0164254027057,1,1,0
2,2.5,security_findings,250,latest_state,99.80546639431962,1,1,1
2,2.5,security_findings,250,aggregation,99.5942282724993,1,1,1
2,2.5,security_findings,250,join,99.71221713333587,1,1,1
2,2.5,security_findings,250,negative_evidence,99.93149033886908,1,1,1
2,2.5,security_findings,250,threshold,82.0164254027057,1,1,0
2,2.5,security_findings,250,provenance,82.0164254027057,1,1,0
2,2.5,security_findings,500,lookup,99.95341899298215,1,1,1
2,2.5,security_findings,500,rare_event,81.61458239597879,1,1,0
2,2.5,security_findings,500,latest_state,99.88259468913,1,1,1
2,2.5,security_findings,500,aggregation,99.61390697137703,1,1,1
2,2.5,security_findings,500,join,99.90281508081276,1,1,1
2,2.5,security_findings,500,negative_evidence,99.96601703806198,1,1,1
2,2.5,security_findings,500,threshold,81.61458239597879,1,1,0
2,2.5,security_findings,500,provenance,81.61458239597879,1,1,0
2,2.5,security_findings,500,lookup,99.9542077087568,1,1,1
2,2.5,security_findings,500,rare_event,82.99720592994308,1,1,0
2,2.5,security_findings,500,latest_state,99.92332699503159,1,1,1
2,2.5,security_findings,500,aggregation,99.62298032729326,1,1,1
2,2.5,security_findings,500,join,99.92322123916266,1,1,1
2,2.5,security_findings,500,negative_evidence,99.9792718496913,1,1,1
2,2.5,security_findings,500,threshold,82.99720592994308,1,1,0
2,2.5,security_findings,500,provenance,82.99720592994308,1,1,0
2,2.5,security_findings,500,lookup,99.95314410461874,1,1,1
2,2.5,security_findings,500,rare_event,81.38223833679552,1,1,0
2,2.5,security_findings,500,latest_state,99.89380740640456,1,1,1
2,2.5,security_findings,500,aggregation,99.6307586212732,1,1,1
2,2.5,security_findings,500,join,99.89412471495116,1,1,1
2,2.5,security_findings,500,negative_evidence,99.95779796330221,1,1,1
2,2.5,security_findings,500,threshold,81.38223833679552,1,1,0
2,2.5,security_findings,500,provenance,81.38223833679552,1,1,0
2,2.5,security_findings,500,lookup,99.95208483839475,1,1,1
2,2.5,security_findings,500,rare_event,83.39332424390827,1,1,0
2,2.5,security_findings,500,latest_state,99.90290040098539,1,1,1
2,2.5,security_findings,500,aggregation,99.60737068459449,1,1,1
2,2.5,security_findings,500,join,99.88322662602164,1,1,1
2,2.5,security_findings,500,negative_evidence,99.96604687223999,1,1,1
2,2.5,security_findings,500,threshold,83.39332424390827,1,1,0
2,2.5,security_findings,500,provenance,83.39332424390827,1,1,0
2,2.5,security_findings,500,lookup,99.95239384886212,1,1,1
2,2.5,security_findings,500,rare_event,81.99852738305813,1,1,0
2,2.5,security_findings,500,latest_state,99.91325101348207,1,1,1
2,2.5,security_findings,500,aggregation,99.58942339429741,1,1,1
2,2.5,security_findings,500,join,99.91282784769417,1,1,1
2,2.5,security_findings,500,negative_evidence,99.97450426127948,1,1,1
2,2.5,security_findings,500,threshold,81.99852738305813,1,1,0
2,2.5,security_findings,500,provenance,81.99852738305813,1,1,0
2,3.5,incident_ops,50,lookup,99.5561850802644,1,1,1
2,3.5,incident_ops,50,rare_event,78.1995593327038,1,1,0
2,3.5,incident_ops,50,latest_state,99.23302906305739,1,1,1
2,3.5,incident_ops,50,aggregation,99.47224845241843,1,1,1
2,3.5,incident_ops,50,join,98.95393977546952,1,1,1
2,3.5,incident_ops,50,negative_evidence,99.6222851746931,1,1,1
2,3.5,incident_ops,50,threshold,78.1995593327038,1,1,0
2,3.5,incident_ops,50,provenance,78.1995593327038,1,1,0
2,3.5,incident_ops,50,lookup,99.5290786092611,1,1,1
2,3.5,incident_ops,50,rare_event,82.0840106979915,1,1,0
2,3.5,incident_ops,50,latest_state,98.94278672190467,1,1,1
2,3.5,incident_ops,50,aggregation,99.38958519062354,1,1,1
2,3.5,incident_ops,50,join,99.53851801352981,1,1,1
2,3.5,incident_ops,50,negative_evidence,99.71472022654571,1,1,1
2,3.5,incident_ops,50,threshold,82.0840106979915,1,1,0
2,3.5,incident_ops,50,provenance,82.0840106979915,1,1,0
2,3.5,incident_ops,50,lookup,99.5384308747784,1,1,1
2,3.5,incident_ops,50,rare_event,76.17464097265203,1,1,0
2,3.5,incident_ops,50,latest_state,99.04644014812173,1,1,1
2,3.5,incident_ops,50,aggregation,99.47339158895171,1,1,1
2,3.5,incident_ops,50,join,99.34121497582007,1,1,1
2,3.5,incident_ops,50,negative_evidence,99.7954409558677,1,1,1
2,3.5,incident_ops,50,threshold,76.17464097265203,1,1,0
2,3.5,incident_ops,50,provenance,76.17464097265203,1,1,0
2,3.5,incident_ops,50,lookup,70.25492783677916,1,1,0
2,3.5,incident_ops,50,rare_event,70.25492783677916,1,1,0
2,3.5,incident_ops,50,latest_state,99.14535285615534,1,1,1
2,3.5,incident_ops,50,aggregation,99.50040847106139,1,1,1
2,3.5,incident_ops,50,join,99.34644630176585,1,1,1
2,3.5,incident_ops,50,negative_evidence,99.70673872515134,1,1,1
2,3.5,incident_ops,50,threshold,70.25492783677916,1,1,0
2,3.5,incident_ops,50,provenance,70.25492783677916,1,1,0
2,3.5,incident_ops,50,lookup,99.55134387186045,1,1,1
2,3.5,incident_ops,50,rare_event,74.18654870225167,1,1,0
2,3.5,incident_ops,50,latest_state,99.33540190364376,1,1,1
2,3.5,incident_ops,50,aggregation,99.80187848547108,1,1,1
2,3.5,incident_ops,50,join,99.24944442114973,1,1,1
2,3.5,incident_ops,50,negative_evidence,99.67084573776678,1,1,1
2,3.5,incident_ops,50,threshold,74.18654870225167,1,1,0
2,3.5,incident_ops,50,provenance,74.18654870225167,1,1,0
2,3.5,incident_ops,100,lookup,99.76806111774465,1,1,1
2,3.5,incident_ops,100,rare_event,79.07689381531536,1,1,0
2,3.5,incident_ops,100,latest_state,99.51710219047519,1,1,1
2,3.5,incident_ops,100,aggregation,99.57997400593848,1,1,1
2,3.5,incident_ops,100,join,99.42622864207445,1,1,1
2,3.5,incident_ops,100,negative_evidence,79.07689381531536,1,1,0
2,3.5,incident_ops,100,threshold,79.07689381531536,1,1,0
2,3.5,incident_ops,100,provenance,79.07689381531536,1,1,0
2,3.5,incident_ops,100,lookup,99.76548635172821,1,1,1
2,3.5,incident_ops,100,rare_event,83.07487534860137,1,1,0
2,3.5,incident_ops,100,latest_state,99.4205822699231,1,1,1
2,3.5,incident_ops,100,aggregation,99.6307994591397,1,1,1
2,3.5,incident_ops,100,join,99.27955717062453,1,1,1
2,3.5,incident_ops,100,negative_evidence,99.89700414096173,1,1,1
2,3.5,incident_ops,100,threshold,83.07487534860137,1,1,0
2,3.5,incident_ops,100,provenance,83.07487534860137,1,1,0
2,3.5,incident_ops,100,lookup,99.76551855255235,1,1,1
2,3.5,incident_ops,100,rare_event,79.06936214708958,1,1,0
2,3.5,incident_ops,100,latest_state,99.61711925810916,1,1,1
2,3.5,incident_ops,100,aggregation,99.58067957370851,1,1,1
2,3.5,incident_ops,100,join,99.37735669698026,1,1,1
2,3.5,incident_ops,100,negative_evidence,99.83364491904054,1,1,1
2,3.5,incident_ops,100,threshold,79.06936214708958,1,1,0
2,3.5,incident_ops,100,provenance,79.06936214708958,1,1,0
2,3.5,incident_ops,100,lookup,99.76578696108582,1,1,1
2,3.5,incident_ops,100,rare_event,75.17236286140813,1,1,0
2,3.5,incident_ops,100,latest_state,99.61861255149785,1,1,1
2,3.5,incident_ops,100,aggregation,99.63127271576349,1,1,1
2,3.5,incident_ops,100,join,99.42660006013578,1,1,1
2,3.5,incident_ops,100,negative_evidence,99.89819117903055,1,1,1
2,3.5,incident_ops,100,threshold,75.17236286140813,1,1,0
2,3.5,incident_ops,100,provenance,75.17236286140813,1,1,0
2,3.5,incident_ops,100,lookup,99.77490092470276,1,1,1
2,3.5,incident_ops,100,rare_event,81.05099075297227,1,1,0
2,3.5,incident_ops,100,latest_state,99.47054161162482,1,1,1
2,3.5,incident_ops,100,aggregation,99.58150594451783,1,1,1
2,3.5,incident_ops,100,join,99.38124174372524,1,1,1
2,3.5,incident_ops,100,negative_evidence,99.87582562747687,1,1,1
2,3.5,incident_ops,100,threshold,81.05099075297227,1,1,0
2,3.5,incident_ops,100,provenance,81.05099075297227,1,1,0
2,3.5,incident_ops,250,lookup,99.9061357154662,1,1,1
2,3.5,incident_ops,250,rare_event,82.77897609533052,1,1,0
2,3.5,incident_ops,250,latest_state,99.88515927264714,1,1,1
2,3.5,incident_ops,250,aggregation,99.69361680488518,1,1,1
2,3.5,incident_ops,250,join,99.75040151877921,1,1,1
2,3.5,incident_ops,250,negative_evidence,99.94236775306278,1,1,1
2,3.5,incident_ops,250,threshold,82.77897609533052,1,1,0
2,3.5,incident_ops,250,provenance,82.77897609533052,1,1,0
2,3.5,incident_ops,250,lookup,99.91005610886606,1,1,1
2,3.5,incident_ops,250,rare_event,86.01520985140166,1,1,0
2,3.5,incident_ops,250,latest_state,99.86678121784877,1,1,1
2,3.5,incident_ops,250,aggregation,99.6436185445636,1,1,1
2,3.5,incident_ops,250,join,99.73038045841686,1,1,1
2,3.5,incident_ops,250,negative_evidence,99.94102735439803,1,1,1
2,3.5,incident_ops,250,threshold,86.01520985140166,1,1,0
2,3.5,incident_ops,250,provenance,86.01520985140166,1,1,0
2,3.5,incident_ops,250,lookup,99.90821370731831,1,1,1
2,3.5,incident_ops,250,rare_event,85.98043870880215,1,1,0
2,3.5,incident_ops,250,latest_state,99.78632659809898,1,1,1
2,3.5,incident_ops,250,aggregation,99.50206466164138,1,1,1
2,3.5,incident_ops,250,join,99.7697923467614,1,1,1
2,3.5,incident_ops,250,negative_evidence,99.94954933566225,1,1,1
2,3.5,incident_ops,250,threshold,85.98043870880215,1,1,0
2,3.5,incident_ops,250,provenance,85.98043870880215,1,1,0
2,3.5,incident_ops,250,lookup,99.90985462471168,1,1,1
2,3.5,incident_ops,250,rare_event,84.03495778403199,1,1,0
2,3.5,incident_ops,250,latest_state,99.84637196605793,1,1,1
2,3.5,incident_ops,250,aggregation,99.57191527181159,1,1,1
2,3.5,incident_ops,250,join,99.63307023298135,1,1,1
2,3.5,incident_ops,250,negative_evidence,99.9005438347758,1,1,1
2,3.5,incident_ops,250,threshold,84.03495778403199,1,1,0
2,3.5,incident_ops,250,provenance,84.03495778403199,1,1,0
2,3.5,incident_ops,250,lookup,99.91144030271315,1,1,1
2,3.5,incident_ops,250,rare_event,83.60395594896588,1,1,0
2,3.5,incident_ops,250,latest_state,99.80762630350128,1,1,1
2,3.5,incident_ops,250,aggregation,99.58516773376158,1,1,1
2,3.5,incident_ops,250,join,99.69300717375921,1,1,1
2,3.5,incident_ops,250,negative_evidence,99.92542341281107,1,1,1
2,3.5,incident_ops,250,threshold,83.60395594896588,1,1,0
2,3.5,incident_ops,250,provenance,83.60395594896588,1,1,0
2,3.5,incident_ops,500,lookup,99.95354648215357,1,1,1
2,3.5,incident_ops,500,rare_event,81.62042173006476,1,1,0
2,3.5,incident_ops,500,latest_state,99.90348698346976,1,1,1
2,3.5,incident_ops,500,aggregation,99.63505352760377,1,1,1
2,3.5,incident_ops,500,join,99.87432096199083,1,1,1
2,3.5,incident_ops,500,negative_evidence,99.97528842543785,1,1,1
2,3.5,incident_ops,500,threshold,81.62042173006476,1,1,0
2,3.5,incident_ops,500,provenance,81.62042173006476,1,1,0
2,3.5,incident_ops,500,lookup,83.59069733886855,1,1,0
2,3.5,incident_ops,500,rare_event,83.59069733886855,1,1,0
2,3.5,incident_ops,500,latest_state,99.90324315779534,1,1,1
2,3.5,incident_ops,500,aggregation,99.61254825906644,1,1,1
2,3.5,incident_ops,500,join,99.87512850518105,1,1,1
2,3.5,incident_ops,500,negative_evidence,99.97517423127644,1,1,1
2,3.5,incident_ops,500,threshold,83.59069733886855,1,1,0
2,3.5,incident_ops,500,provenance,83.59069733886855,1,1,0
2,3.5,incident_ops,500,lookup,99.95469890152793,1,1,1
2,3.5,incident_ops,500,rare_event,88.37013649740818,1,1,0
2,3.5,incident_ops,500,latest_state,99.90388104164943,1,1,1
2,3.5,incident_ops,500,aggregation,99.63493892308574,1,1,1
2,3.5,incident_ops,500,join,99.91417192350373,1,1,1
2,3.5,incident_ops,500,negative_evidence,99.97506848210553,1,1,1
2,3.5,incident_ops,500,threshold,88.37013649740818,1,1,0
2,3.5,incident_ops,500,provenance,88.37013649740818,1,1,0
2,3.5,incident_ops,500,lookup,99.95289494511836,1,1,1
2,3.5,incident_ops,500,rare_event,83.01236825968041,1,1,0
2,3.5,incident_ops,500,latest_state,99.91342854778512,1,1,1
2,3.5,incident_ops,500,aggregation,99.65562385552752,1,1,1
2,3.5,incident_ops,500,join,99.90430459571344,1,1,1
2,3.5,incident_ops,500,negative_evidence,99.96647478075992,1,1,1
2,3.5,incident_ops,500,threshold,83.01236825968041,1,1,0
2,3.5,incident_ops,500,provenance,83.01236825968041,1,1,0
2,3.5,incident_ops,500,lookup,99.95364703436483,1,1,1
2,3.5,incident_ops,500,rare_event,82.59525693544315,1,1,0
2,3.5,incident_ops,500,latest_state,99.88257955844823,1,1,1
2,3.5,incident_ops,500,aggregation,99.6559061315321,1,1,1
2,3.5,incident_ops,500,join,99.89467163644001,1,1,1
2,3.5,incident_ops,500,negative_evidence,99.96679982095239,1,1,1
2,3.5,incident_ops,500,threshold,82.59525693544315,1,1,0
2,3.5,incident_ops,500,provenance,82.59525693544315,1,1,0
2,3.5,identity_events,50,lookup,99.55625491738789,1,1,1
2,3.5,identity_events,50,rare_event,78.21767637031209,1,1,0
2,3.5,identity_events,50,latest_state,99.23734592184633,1,1,1
2,3.5,identity_events,50,aggregation,99.6338840807763,1,1,1
2,3.5,identity_events,50,join,99.33910306845004,1,1,1
2,3.5,identity_events,50,negative_evidence,99.70626803042224,1,1,1
2,3.5,identity_events,50,threshold,78.21767637031209,1,1,0
2,3.5,identity_events,50,provenance,78.21767637031209,1,1,0
2,3.5,identity_events,50,lookup,99.53801671939492,1,1,1
2,3.5,identity_events,50,rare_event,82.20159651364997,1,1,0
2,3.5,identity_events,50,latest_state,99.33478597917409,1,1,1
2,3.5,identity_events,50,aggregation,99.59249093842318,1,1,1
2,3.5,identity_events,50,join,99.33583356030925,1,1,1
2,3.5,identity_events,50,negative_evidence,99.75067568983218,1,1,1
2,3.5,identity_events,50,threshold,82.20159651364997,1,1,0
2,3.5,identity_events,50,provenance,82.20159651364997,1,1,0
2,3.5,identity_events,50,lookup,99.54678976080571,1,1,1
2,3.5,identity_events,50,rare_event,70.26332354175409,1,1,0
2,3.5,identity_events,50,latest_state,99.13869072597566,1,1,1
2,3.5,identity_events,50,aggregation,99.46705832983635,1,1,1
2,3.5,identity_events,50,join,99.15337809483844,1,1,1
2,3.5,identity_events,50,negative_evidence,99.79122954259337,1,1,1
2,3.5,identity_events,50,threshold,70.26332354175409,1,1,0
2,3.5,identity_events,50,provenance,70.26332354175409,1,1,0
2,3.5,identity_events,50,lookup,99.54488386691777,1,1,1
2,3.5,identity_events,50,rare_event,76.18016321406151,1,1,0
2,3.5,identity_events,50,latest_state,99.03850177861477,1,1,1
2,3.5,identity_events,50,aggregation,99.54802259887006,1,1,1
2,3.5,identity_events,50,join,98.65557648043523,1,1,1
2,3.5,identity_events,50,negative_evidence,99.79388993513287,1,1,1
2,3.5,identity_events,50,threshold,76.18016321406151,1,1,0
2,3.5,identity_events,50,provenance,76.18016321406151,1,1,0
2,3.5,identity_events,50,lookup,99.54329290009008,1,1,1
2,3.5,identity_events,50,rare_event,76.25542077807805,1,1,0
2,3.5,identity_events,50,latest_state,98.94412670479542,1,1,1
2,3.5,identity_events,50,aggregation,99.63128234135714,1,1,1
2,3.5,identity_events,50,join,99.1431504409947,1,1,1
2,3.5,identity_events,50,negative_evidence,99.58624012737519,1,1,1
2,3.5,identity_events,50,threshold,76.25542077807805,1,1,0
2,3.5,identity_events,50,provenance,76.25542077807805,1,1,0
2,3.5,identity_events,100,lookup,99.76752767527675,1,1,1
2,3.5,identity_events,100,rare_event,84.04480759093305,1,1,0
2,3.5,identity_events,100,latest_state,99.66684238270955,1,1,1
2,3.5,identity_events,100,aggregation,99.73115445440169,1,1,1
2,3.5,identity_events,100,join,99.52240379546653,1,1,1
2,3.5,identity_events,100,negative_evidence,99.85608856088561,1,1,1
2,3.5,identity_events,100,threshold,84.04480759093305,1,1,0
2,3.5,identity_events,100,provenance,84.04480759093305,1,1,0
2,3.5,identity_events,100,lookup,99.76336861676279,1,1,1
2,3.5,identity_events,100,rare_event,80.14937356066848,1,1,0
2,3.5,identity_events,100,latest_state,99.51775791764382,1,1,1
2,3.5,identity_events,100,aggregation,99.69259047981238,1,1,1
2,3.5,identity_events,100,join,99.22830702921975,1,1,1
2,3.5,identity_events,100,negative_evidence,99.83361855866134,1,1,1
2,3.5,identity_events,100,threshold,80.14937356066848,1,1,0
2,3.5,identity_events,100,provenance,80.14937356066848,1,1,0
2,3.5,identity_events,100,lookup,99.76408497163214,1,1,1
2,3.5,identity_events,100,rare_event,87.04420108193693,1,1,0
2,3.5,identity_events,100,latest_state,99.37247658002374,1,1,1
2,3.5,identity_events,100,aggregation,99.74772397413906,1,1,1
2,3.5,identity_events,100,join,99.57039187227866,1,1,1
2,3.5,identity_events,100,negative_evidence,99.812112415886,1,1,1
2,3.5,identity_events,100,threshold,87.04420108193693,1,1,0
2,3.5,identity_events,100,provenance,87.04420108193693,1,1,0
2,3.5,identity_events,100,lookup,99.7727368598667,1,1,1
2,3.5,identity_events,100,rare_event,78.16375601113641,1,1,0
2,3.5,identity_events,100,latest_state,99.51858179363875,1,1,1
2,3.5,identity_events,100,aggregation,99.55654686577238,1,1,1
2,3.5,identity_events,100,join,99.4178688939509,1,1,1
2,3.5,identity_events,100,negative_evidence,99.78750105458533,1,1,1
2,3.5,identity_events,100,threshold,78.16375601113641,1,1,0
2,3.5,identity_events,100,provenance,78.16375601113641,1,1,0
2,3.5,identity_events,100,lookup,99.77314692693221,1,1,1
2,3.5,identity_events,100,rare_event,87.08203640200475,1,1,0
2,3.5,identity_events,100,latest_state,99.66235821682933,1,1,1
2,3.5,identity_events,100,aggregation,99.45344236349248,1,1,1
2,3.5,identity_events,100,join,99.2286995515695,1,1,1
2,3.5,identity_events,100,negative_evidence,99.81324188868372,1,1,1
2,3.5,identity_events,100,threshold,87.08203640200475,1,1,0
2,3.5,identity_events,100,provenance,87.08203640200475,1,1,0
2,3.5,identity_events,250,lookup,83.58883040217498,1,1,0
2,3.5,identity_events,250,rare_event,83.58883040217498,1,1,0
2,3.5,identity_events,250,latest_state,99.78720340813328,1,1,1
2,3.5,identity_events,250,aggregation,99.60913183225276,1,1,1
2,3.5,identity_events,250,join,99.7499375373188,1,1,1
2,3.5,identity_events,250,negative_evidence,99.95087680665365,1,1,1
2,3.5,identity_events,250,threshold,83.58883040217498,1,1,0
2,3.5,identity_events,250,provenance,83.58883040217498,1,1,0
2,3.5,identity_events,250,lookup,83.63300406592685,1,1,0
2,3.5,identity_events,250,rare_event,83.63300406592685,1,1,0
2,3.5,identity_events,250,latest_state,99.7673891923812,1,1,1
2,3.5,identity_events,250,aggregation,99.63552701481386,1,1,1
2,3.5,identity_events,250,join,99.82771137634057,1,1,1
2,3.5,identity_events,250,negative_evidence,99.9242268706756,1,1,1
2,3.5,identity_events,250,threshold,83.63300406592685,1,1,0
2,3.5,identity_events,250,provenance,83.63300406592685,1,1,0
2,3.5,identity_events,250,lookup,99.90554009462934,1,1,1
2,3.5,identity_events,250,rare_event,84.00959001012373,1,1,0
2,3.5,identity_events,250,latest_state,99.78651214212192,1,1,1
2,3.5,identity_events,250,aggregation,99.62681983573295,1,1,1
2,3.5,identity_events,250,join,99.76999224835754,1,1,1
2,3.5,identity_events,250,negative_evidence,99.9324378703739,1,1,1
2,3.5,identity_events,250,threshold,84.00959001012373,1,1,0
2,3.5,identity_events,250,provenance,84.00959001012373,1,1,0
2,3.5,identity_events,250,lookup,99.9090705316625,1,1,1
2,3.5,identity_events,250,rare_event,85.99665041214311,1,1,0
2,3.5,identity_events,250,latest_state,99.78747880074604,1,1,1
2,3.5,identity_events,250,aggregation,99.61006060554797,1,1,1
2,3.5,identity_events,250,join,99.88580950487848,1,1,1
2,3.5,identity_events,250,negative_evidence,99.90589857346467,1,1,1
2,3.5,identity_events,250,threshold,85.99665041214311,1,1,0
2,3.5,identity_events,250,provenance,85.99665041214311,1,1,0
2,3.5,identity_events,250,lookup,99.9100070088659,1,1,1
2,3.5,identity_events,250,rare_event,82.39821792702733,1,1,0
2,3.5,identity_events,250,latest_state,99.84563555167821,1,1,1
2,3.5,identity_events,250,aggregation,99.63536957474605,1,1,1
2,3.5,identity_events,250,join,99.76792395698124,1,1,1
2,3.5,identity_events,250,negative_evidence,99.9584973499711,1,1,1
2,3.5,identity_events,250,threshold,82.39821792702733,1,1,0
2,3.5,identity_events,250,provenance,82.39821792702733,1,1,0
2,3.5,identity_events,500,lookup,84.00192382867331,1,1,0
2,3.5,identity_events,500,rare_event,84.00192382867331,1,1,0
2,3.5,identity_events,500,latest_state,99.92340704125532,1,1,1
2,3.5,identity_events,500,aggregation,99.6275230388018,1,1,1
2,3.5,identity_events,500,join,99.89385042232065,1,1,1
2,3.5,identity_events,500,negative_evidence,99.95773085679235,1,1,1
2,3.5,identity_events,500,threshold,84.00192382867331,1,1,0
2,3.5,identity_events,500,provenance,84.00192382867331,1,1,0
2,3.5,identity_events,500,lookup,99.95177208441052,1,1,1
2,3.5,identity_events,500,rare_event,84.21495022985106,1,1,0
2,3.5,identity_events,500,latest_state,99.91340174277667,1,1,1
2,3.5,identity_events,500,aggregation,99.63463379112754,1,1,1
2,3.5,identity_events,500,join,99.90354416882103,1,1,1
2,3.5,identity_events,500,negative_evidence,99.97509107656367,1,1,1
2,3.5,identity_events,500,threshold,84.21495022985106,1,1,0
2,3.5,identity_events,500,provenance,84.21495022985106,1,1,0
2,3.5,identity_events,500,lookup,99.95288831672602,1,1,1
2,3.5,identity_events,500,rare_event,83.99494369889176,1,1,0
2,3.5,identity_events,500,latest_state,99.92250392773809,1,1,1
2,3.5,identity_events,500,aggregation,99.68133445695581,1,1,1
2,3.5,identity_events,500,join,99.84500785547617,1,1,1
2,3.5,identity_events,500,negative_evidence,99.96696888723264,1,1,1
2,3.5,identity_events,500,threshold,83.99494369889176,1,1,0
2,3.5,identity_events,500,provenance,83.99494369889176,1,1,0
2,3.5,identity_events,500,lookup,99.95384792892581,1,1,1
2,3.5,identity_events,500,rare_event,83.98798352498088,1,1,0
2,3.5,identity_events,500,latest_state,99.9129885265528,1,1,1
2,3.5,identity_events,500,aggregation,99.6353351264895,1,1,1
2,3.5,identity_events,500,join,99.85540429108407,1,1,1
2,3.5,identity_events,500,negative_evidence,99.9624220522217,1,1,1
2,3.5,identity_events,500,threshold,83.98798352498088,1,1,0
2,3.5,identity_events,500,provenance,83.98798352498088,1,1,0
2,3.5,identity_events,500,lookup,85.01915177290243,1,1,0
2,3.5,identity_events,500,rare_event,85.01915177290243,1,1,0
2,3.5,identity_events,500,latest_state,99.87345109970465,1,1,1
2,3.5,identity_events,500,aggregation,99.56613318451042,1,1,1
2,3.5,identity_events,500,join,99.87535727560868,1,1,1
2,3.5,identity_events,500,negative_evidence,99.97892616639433,1,1,1
2,3.5,identity_events,500,threshold,85.01915177290243,1,1,0
2,3.5,identity_events,500,provenance,85.01915177290243,1,1,0
2,3.5,cloud_inventory,50,lookup,99.53654674901176,1,1,1
2,3.5,cloud_inventory,50,rare_event,72.3196778895052,1,1,0
2,3.5,cloud_inventory,50,latest_state,98.75538685764016,1,1,1
2,3.5,cloud_inventory,50,aggregation,99.5428379696134,1,1,1
2,3.5,cloud_inventory,50,join,98.56350462928982,1,1,1
2,3.5,cloud_inventory,50,negative_evidence,99.70955531555714,1,1,1
2,3.5,cloud_inventory,50,threshold,72.3196778895052,1,1,0
2,3.5,cloud_inventory,50,provenance,72.3196778895052,1,1,0
2,3.5,cloud_inventory,50,lookup,78.22885572139303,1,1,0
2,3.5,cloud_inventory,50,rare_event,78.22885572139303,1,1,0
2,3.5,cloud_inventory,50,latest_state,99.33595181984812,1,1,1
2,3.5,cloud_inventory,50,aggregation,99.63341188792879,1,1,1
2,3.5,cloud_inventory,50,join,99.05629746006808,1,1,1
2,3.5,cloud_inventory,50,negative_evidence,99.83241686305315,1,1,1
2,3.5,cloud_inventory,50,threshold,78.22885572139303,1,1,0
2,3.5,cloud_inventory,50,provenance,78.22885572139303,1,1,0
2,3.5,cloud_inventory,50,lookup,99.52992529169813,1,1,1
2,3.5,cloud_inventory,50,rare_event,80.1372450264417,1,1,0
2,3.5,cloud_inventory,50,latest_state,99.13539830437338,1,1,1
2,3.5,cloud_inventory,50,aggregation,99.5026441702342,1,1,1
2,3.5,cloud_inventory,50,join,98.85419289851423,1,1,1
2,3.5,cloud_inventory,50,negative_evidence,99.75027281121463,1,1,1
2,3.5,cloud_inventory,50,threshold,80.1372450264417,1,1,0
2,3.5,cloud_inventory,50,provenance,80.1372450264417,1,1,0
2,3.5,cloud_inventory,50,lookup,99.53998658730823,1,1,1
2,3.5,cloud_inventory,50,rare_event,70.23115935954397,1,1,0
2,3.5,cloud_inventory,50,latest_state,99.24134462234889,1,1,1
2,3.5,cloud_inventory,50,aggregation,99.59237991449409,1,1,1
2,3.5,cloud_inventory,50,join,99.15437169922039,1,1,1
2,3.5,cloud_inventory,50,negative_evidence,99.75060776259535,1,1,1
2,3.5,cloud_inventory,50,threshold,70.23115935954397,1,1,0
2,3.5,cloud_inventory,50,provenance,70.23115935954397,1,1,0
2,3.5,cloud_inventory,50,lookup,99.51462430660615,1,1,1
2,3.5,cloud_inventory,50,rare_event,76.11783493024038,1,1,0
2,3.5,cloud_inventory,50,latest_state,99.2404185577408,1,1,1
2,3.5,cloud_inventory,50,aggregation,99.54824340225248,1,1,1
2,3.5,cloud_inventory,50,join,99.43688014792403,1,1,1
2,3.5,cloud_inventory,50,negative_evidence,99.71108589678937,1,1,1
2,3.5,cloud_inventory,50,threshold,76.11783493024038,1,1,0
2,3.5,cloud_inventory,50,provenance,76.11783493024038,1,1,0
2,3.5,cloud_inventory,100,lookup,99.76916996047431,1,1,1
2,3.5,cloud_inventory,100,rare_event,78.1201581027668,1,1,0
2,3.5,cloud_inventory,100,latest_state,99.46982872200265,1,1,1
2,3.5,cloud_inventory,100,aggregation,99.67009222661397,1,1,1
2,3.5,cloud_inventory,100,join,99.3270092226614,1,1,1
2,3.5,cloud_inventory,100,negative_evidence,99.81080368906456,1,1,1
2,3.5,cloud_inventory,100,threshold,78.1201581027668,1,1,0
2,3.5,cloud_inventory,100,provenance,78.1201581027668,1,1,0
2,3.5,cloud_inventory,100,lookup,99.76363828215679,1,1,1
2,3.5,cloud_inventory,100,rare_event,81.00506489395379,1,1,0
2,3.5,cloud_inventory,100,latest_state,99.51936266751082,1,1,1
2,3.5,cloud_inventory,100,aggregation,99.72617917062362,1,1,1
2,3.5,cloud_inventory,100,join,99.23024163764904,1,1,1
2,3.5,cloud_inventory,100,negative_evidence,99.81587000105519,1,1,1
2,3.5,cloud_inventory,100,threshold,81.00506489395379,1,1,0
2,3.5,cloud_inventory,100,provenance,81.00506489395379,1,1,0
2,3.5,cloud_inventory,100,lookup,84.03780422735365,1,1,0
2,3.5,cloud_inventory,100,rare_event,84.03780422735365,1,1,0
2,3.5,cloud_inventory,100,latest_state,99.66242452097565,1,1,1
2,3.5,cloud_inventory,100,aggregation,99.56521968820493,1,1,1
2,3.5,cloud_inventory,100,join,99.32643390335515,1,1,1
2,3.5,cloud_inventory,100,negative_evidence,99.85524932511318,1,1,1
2,3.5,cloud_inventory,100,threshold,84.03780422735365,1,1,0
2,3.5,cloud_inventory,100,provenance,84.03780422735365,1,1,0
2,3.5,cloud_inventory,100,lookup,99.76704719139023,1,1,1
2,3.5,cloud_inventory,100,rare_event,83.07455543960619,1,1,0
2,3.5,cloud_inventory,100,latest_state,99.61736710622016,1,1,1
2,3.5,cloud_inventory,100,aggregation,99.5989206168506,1,1,1
2,3.5,cloud_inventory,100,join,99.42394248911657,1,1,1
2,3.5,cloud_inventory,100,negative_evidence,99.83029229780013,1,1,1
2,3.5,cloud_inventory,100,threshold,83.07455543960619,1,1,0
2,3.5,cloud_inventory,100,provenance,83.07455543960619,1,1,0
2,3.5,cloud_inventory,100,lookup,99.76552043924082,1,1,1
2,3.5,cloud_inventory,100,rare_event,83.0574027041553,1,1,0
2,3.5,cloud_inventory,100,latest_state,99.61587505664394,1,1,1
2,3.5,cloud_inventory,100,aggregation,99.69227850902614,1,1,1
2,3.5,cloud_inventory,100,join,99.57214066665964,1,1,1
2,3.5,cloud_inventory,100,negative_evidence,99.8566776617382,1,1,1
2,3.5,cloud_inventory,100,threshold,83.0574027041553,1,1,0
2,3.5,cloud_inventory,100,provenance,83.0574027041553,1,1,0
2,3.5,cloud_inventory,250,lookup,99.90948618606933,1,1,1
2,3.5,cloud_inventory,250,rare_event,82.04485086368788,1,1,0
2,3.5,cloud_inventory,250,latest_state,99.76715955808957,1,1,1
2,3.5,cloud_inventory,250,aggregation,99.65317136718154,1,1,1
2,3.5,cloud_inventory,250,join,99.72993892432368,1,1,1
2,3.5,cloud_inventory,250,negative_evidence,99.9236554046052,1,1,1
2,3.5,cloud_inventory,250,threshold,82.04485086368788,1,1,0
2,3.5,cloud_inventory,250,provenance,82.04485086368788,1,1,0
2,3.5,cloud_inventory,250,lookup,99.90882957052594,1,1,1
2,3.5,cloud_inventory,250,rare_event,83.63226375541787,1,1,0
2,3.5,cloud_inventory,250,latest_state,99.86525391281907,1,1,1
2,3.5,cloud_inventory,250,aggregation,99.58687738106067,1,1,1
2,3.5,cloud_inventory,250,join,99.77027590160363,1,1,1
2,3.5,cloud_inventory,250,negative_evidence,99.91686779864662,1,1,1
2,3.5,cloud_inventory,250,threshold,83.63226375541787,1,1,0
2,3.5,cloud_inventory,250,provenance,83.63226375541787,1,1,0
2,3.5,cloud_inventory,250,lookup,80.83320464790609,1,1,0
2,3.5,cloud_inventory,250,rare_event,80.83320464790609,1,1,0
2,3.5,cloud_inventory,250,latest_state,99.78782769832188,1,1,1
2,3.5,cloud_inventory,250,aggregation,99.67042428114205,1,1,1
2,3.5,cloud_inventory,250,join,99.82717370840376,1,1,1
2,3.5,cloud_inventory,250,negative_evidence,99.91644261299814,1,1,1
2,3.5,cloud_inventory,250,threshold,80.83320464790609,1,1,0
2,3.5,cloud_inventory,250,provenance,80.83320464790609,1,1,0
2,3.5,cloud_inventory,250,lookup,99.90565379172334,1,1,1
2,3.5,cloud_inventory,250,rare_event,86.39637676714045,1,1,0
2,3.5,cloud_inventory,250,latest_state,99.78740372350214,1,1,1
2,3.5,cloud_inventory,250,aggregation,99.62621132281423,1,1,1
2,3.5,cloud_inventory,250,join,99.84726914265526,1,1,1
2,3.5,cloud_inventory,250,negative_evidence,99.91623072090235,1,1,1
2,3.5,cloud_inventory,250,threshold,86.39637676714045,1,1,0
2,3.5,cloud_inventory,250,provenance,86.39637676714045,1,1,0
2,3.5,cloud_inventory,250,lookup,84.81952437373053,1,1,0
2,3.5,cloud_inventory,250,rare_event,84.81952437373053,1,1,0
2,3.5,cloud_inventory,250,latest_state,99.86649458361543,1,1,1
2,3.5,cloud_inventory,250,aggregation,99.63502877454299,1,1,1
2,3.5,cloud_inventory,250,join,99.86734089370344,1,1,1
2,3.5,cloud_inventory,250,negative_evidence,99.92383209207854,1,1,1
2,3.5,cloud_inventory,250,threshold,84.81952437373053,1,1,0
2,3.5,cloud_inventory,250,provenance,84.81952437373053,1,1,0
2,3.5,cloud_inventory,500,lookup,99.95406668585846,1,1,1
2,3.5,cloud_inventory,500,rare_event,81.80130560682777,1,1,0
2,3.5,cloud_inventory,500,latest_state,99.91289604253805,1,1,1
2,3.5,cloud_inventory,500,aggregation,99.60586253026942,1,1,1
2,3.5,cloud_inventory,500,join,99.88453169187001,1,1,1
2,3.5,cloud_inventory,500,negative_evidence,99.9626394933365,1,1,1
2,3.5,cloud_inventory,500,threshold,81.80130560682777,1,1,0
2,3.5,cloud_inventory,500,provenance,81.80130560682777,1,1,0
2,3.5,cloud_inventory,500,lookup,99.95286750897901,1,1,1
2,3.5,cloud_inventory,500,rare_event,83.22316334214905,1,1,0
2,3.5,cloud_inventory,500,latest_state,99.922999278714,1,1,1
2,3.5,cloud_inventory,500,aggregation,99.71423941398956,1,1,1
2,3.5,cloud_inventory,500,join,99.8646397224161,1,1,1
2,3.5,cloud_inventory,500,negative_evidence,99.97479206098203,1,1,1
2,3.5,cloud_inventory,500,threshold,83.22316334214905,1,1,0
2,3.5,cloud_inventory,500,provenance,83.22316334214905,1,1,0
2,3.5,cloud_inventory,500,lookup,99.95458347007697,1,1,1
2,3.5,cloud_inventory,500,rare_event,84.20976296594289,1,1,0
2,3.5,cloud_inventory,500,latest_state,99.87317248753428,1,1,1
2,3.5,cloud_inventory,500,aggregation,99.64725436432738,1,1,1
2,3.5,cloud_inventory,500,join,99.92398818535025,1,1,1
2,3.5,cloud_inventory,500,negative_evidence,99.96188822663801,1,1,1
2,3.5,cloud_inventory,500,threshold,84.20976296594289,1,1,0
2,3.5,cloud_inventory,500,provenance,84.20976296594289,1,1,0
2,3.5,cloud_inventory,500,lookup,99.95253573592917,1,1,1
2,3.5,cloud_inventory,500,rare_event,85.4048447452398,1,1,0
2,3.5,cloud_inventory,500,latest_state,99.93219390847025,1,1,1
2,3.5,cloud_inventory,500,aggregation,99.62537134429815,1,1,1
2,3.5,cloud_inventory,500,join,99.82561120834693,1,1,1
2,3.5,cloud_inventory,500,negative_evidence,99.96715642441528,1,1,1
2,3.5,cloud_inventory,500,threshold,85.4048447452398,1,1,0
2,3.5,cloud_inventory,500,provenance,85.4048447452398,1,1,0
2,3.5,cloud_inventory,500,lookup,99.95265908717825,1,1,1
2,3.5,cloud_inventory,500,rare_event,84.20974036633606,1,1,0
2,3.5,cloud_inventory,500,latest_state,99.90383546120322,1,1,1
2,3.5,cloud_inventory,500,aggregation,99.66893133449479,1,1,1
2,3.5,cloud_inventory,500,join,99.84600964822631,1,1,1
2,3.5,cloud_inventory,500,negative_evidence,99.96632122980465,1,1,1
2,3.5,cloud_inventory,500,threshold,84.20974036633606,1,1,0
2,3.5,cloud_inventory,500,provenance,84.20974036633606,1,1,0
2,3.5,issue_tracking,50,lookup,99.5400685182663,1,1,1
2,3.5,issue_tracking,50,rare_event,76.12756550618656,1,1,0
2,3.5,issue_tracking,50,latest_state,99.24043206319605,1,1,1
2,3.5,issue_tracking,50,aggregation,99.59350019382079,1,1,1
2,3.5,issue_tracking,50,join,99.34310469465369,1,1,1
2,3.5,issue_tracking,50,negative_evidence,76.12756550618656,1,1,0
2,3.5,issue_tracking,50,threshold,76.12756550618656,1,1,0
2,3.5,issue_tracking,50,provenance,76.12756550618656,1,1,0
2,3.5,issue_tracking,50,lookup,99.55150372000419,1,1,1
2,3.5,issue_tracking,50,rare_event,82.12930944147543,1,1,0
2,3.5,issue_tracking,50,latest_state,99.14387509169025,1,1,1
2,3.5,issue_tracking,50,aggregation,99.59341926019071,1,1,1
2,3.5,issue_tracking,50,join,99.24447238813791,1,1,1
2,3.5,issue_tracking,50,negative_evidence,99.75793775542282,1,1,1
2,3.5,issue_tracking,50,threshold,82.12930944147543,1,1,0
2,3.5,issue_tracking,50,provenance,82.12930944147543,1,1,0
2,3.5,issue_tracking,50,lookup,99.54937488865367,1,1,1
2,3.5,issue_tracking,50,rare_event,72.30017920207916,1,1,0
2,3.5,issue_tracking,50,latest_state,99.04425557779571,1,1,1
2,3.5,issue_tracking,50,aggregation,99.415235320625,1,1,1
2,3.5,issue_tracking,50,join,99.34606960586022,1,1,1
2,3.5,issue_tracking,50,negative_evidence,99.7558240675728,1,1,1
2,3.5,issue_tracking,50,threshold,72.30017920207916,1,1,0
2,3.5,issue_tracking,50,provenance,72.30017920207916,1,1,0
2,3.5,issue_tracking,50,lookup,99.54111619817914,1,1,1
2,3.5,issue_tracking,50,rare_event,70.34751542708672,1,1,0
2,3.5,issue_tracking,50,latest_state,99.23519366363188,1,1,1
2,3.5,issue_tracking,50,aggregation,99.5526406772203,1,1,1
2,3.5,issue_tracking,50,join,99.43634820689583,1,1,1
2,3.5,issue_tracking,50,negative_evidence,99.75169986065858,1,1,1
2,3.5,issue_tracking,50,threshold,70.34751542708672,1,1,0
2,3.5,issue_tracking,50,provenance,70.34751542708672,1,1,0
2,3.5,issue_tracking,50,lookup,99.53769559032717,1,1,1
2,3.5,issue_tracking,50,rare_event,74.28144088360807,1,1,0
2,3.5,issue_tracking,50,latest_state,99.24169525562715,1,1,1
2,3.5,issue_tracking,50,aggregation,99.51573090117982,1,1,1
2,3.5,issue_tracking,50,join,99.25110869383316,1,1,1
2,3.5,issue_tracking,50,negative_evidence,99.75629654422224,1,1,1
2,3.5,issue_tracking,50,threshold,74.28144088360807,1,1,0
2,3.5,issue_tracking,50,provenance,74.28144088360807,1,1,0
2,3.5,issue_tracking,100,lookup,99.77066034005536,1,1,1
2,3.5,issue_tracking,100,rare_event,81.09819427968894,1,1,0
2,3.5,issue_tracking,100,latest_state,99.51970475813893,1,1,1
2,3.5,issue_tracking,100,aggregation,99.4242783708976,1,1,1
2,3.5,issue_tracking,100,join,99.47383682614999,1,1,1
2,3.5,issue_tracking,100,negative_evidence,99.81020166073546,1,1,1
2,3.5,issue_tracking,100,threshold,81.09819427968894,1,1,0
2,3.5,issue_tracking,100,provenance,81.09819427968894,1,1,0
2,3.5,issue_tracking,100,lookup,99.77194380948862,1,1,1
2,3.5,issue_tracking,100,rare_event,84.0540155310489,1,1,0
2,3.5,issue_tracking,100,latest_state,99.42035718245023,1,1,1
2,3.5,issue_tracking,100,aggregation,99.49479218907548,1,1,1
2,3.5,issue_tracking,100,join,99.47737123007808,1,1,1
2,3.5,issue_tracking,100,negative_evidence,99.87488583992779,1,1,1
2,3.5,issue_tracking,100,threshold,84.0540155310489,1,1,0
2,3.5,issue_tracking,100,provenance,84.0540155310489,1,1,0
2,3.5,issue_tracking,100,lookup,71.09868997477066,1,1,0
2,3.5,issue_tracking,100,rare_event,71.09868997477066,1,1,0
2,3.5,issue_tracking,100,latest_state,99.56930677391772,1,1,1
2,3.5,issue_tracking,100,aggregation,99.6711741668514,1,1,1
2,3.5,issue_tracking,100,join,99.52602632717907,1,1,1
2,3.5,issue_tracking,100,negative_evidence,99.85485216032767,1,1,1
2,3.5,issue_tracking,100,threshold,71.09868997477066,1,1,0
2,3.5,issue_tracking,100,provenance,71.09868997477066,1,1,0
2,3.5,issue_tracking,100,lookup,99.77464758999584,1,1,1
2,3.5,issue_tracking,100,rare_event,82.05097080973817,1,1,0
2,3.5,issue_tracking,100,latest_state,99.420522374275,1,1,1
2,3.5,issue_tracking,100,aggregation,99.64851357128155,1,1,1
2,3.5,issue_tracking,100,join,99.62054242905621,1,1,1
2,3.5,issue_tracking,100,negative_evidence,99.83375641884939,1,1,1
2,3.5,issue_tracking,100,threshold,82.05097080973817,1,1,0
2,3.5,issue_tracking,100,provenance,82.05097080973817,1,1,0
2,3.5,issue_tracking,100,lookup,99.76530031012004,1,1,1
2,3.5,issue_tracking,100,rare_event,76.0986055146516,1,1,0
2,3.5,issue_tracking,100,latest_state,99.51899748950444,1,1,1
2,3.5,issue_tracking,100,aggregation,99.69146220543871,1,1,1
2,3.5,issue_tracking,100,join,99.42353536845215,1,1,1
2,3.5,issue_tracking,100,negative_evidence,99.8533786207042,1,1,1
2,3.5,issue_tracking,100,threshold,76.0986055146516,1,1,0
2,3.5,issue_tracking,100,provenance,76.0986055146516,1,1,0
2,3.5,issue_tracking,250,lookup,99.90925628225739,1,1,1
2,3.5,issue_tracking,250,rare_event,85.61659192825111,1,1,0
2,3.5,issue_tracking,250,latest_state,99.84579913698283,1,1,1
2,3.5,issue_tracking,250,aggregation,99.64358236737456,1,1,1
2,3.5,issue_tracking,250,join,99.84664523225315,1,1,1
2,3.5,issue_tracking,250,negative_evidence,99.9405618072595,1,1,1
2,3.5,issue_tracking,250,threshold,85.61659192825111,1,1,0
2,3.5,issue_tracking,250,provenance,85.61659192825111,1,1,0
2,3.5,issue_tracking,250,lookup,99.90968127667423,1,1,1
2,3.5,issue_tracking,250,rare_event,81.65703054935409,1,1,0
2,3.5,issue_tracking,250,latest_state,99.8248749636923,1,1,1
2,3.5,issue_tracking,250,aggregation,99.68536857883701,1,1,1
2,3.5,issue_tracking,250,join,99.72925584580517,1,1,1
2,3.5,issue_tracking,250,negative_evidence,99.95780885929149,1,1,1
2,3.5,issue_tracking,250,threshold,81.65703054935409,1,1,0
2,3.5,issue_tracking,250,provenance,81.65703054935409,1,1,0
2,3.5,issue_tracking,250,lookup,99.9063963880018,1,1,1
2,3.5,issue_tracking,250,rare_event,81.27588923431398,1,1,0
2,3.5,issue_tracking,250,latest_state,99.82634624018432,1,1,1
2,3.5,issue_tracking,250,aggregation,99.5851369323428,1,1,1
2,3.5,issue_tracking,250,join,99.76980288180532,1,1,1
2,3.5,issue_tracking,250,negative_evidence,99.95785719731303,1,1,1
2,3.5,issue_tracking,250,threshold,81.27588923431398,1,1,0
2,3.5,issue_tracking,250,provenance,81.27588923431398,1,1,0
2,3.5,issue_tracking,250,lookup,99.90571594438724,1,1,1
2,3.5,issue_tracking,250,rare_event,81.98729601803474,1,1,0
2,3.5,issue_tracking,250,latest_state,99.80740627741123,1,1,1
2,3.5,issue_tracking,250,aggregation,99.66926424536737,1,1,1
2,3.5,issue_tracking,250,join,99.88643538470014,1,1,1
2,3.5,issue_tracking,250,negative_evidence,99.95020954366517,1,1,1
2,3.5,issue_tracking,250,threshold,81.98729601803474,1,1,0
2,3.5,issue_tracking,250,provenance,81.98729601803474,1,1,0
2,3.5,issue_tracking,250,lookup,99.90828525192961,1,1,1
2,3.5,issue_tracking,250,rare_event,86.01170051428039,1,1,0
2,3.5,issue_tracking,250,latest_state,99.84664785772988,1,1,1
2,3.5,issue_tracking,250,aggregation,99.58442416694201,1,1,1
2,3.5,issue_tracking,250,join,99.80852163451355,1,1,1
2,3.5,issue_tracking,250,negative_evidence,99.95848477916445,1,1,1
2,3.5,issue_tracking,250,threshold,86.01170051428039,1,1,0
2,3.5,issue_tracking,250,provenance,86.01170051428039,1,1,0
2,3.5,issue_tracking,500,lookup,99.95348704153216,1,1,1
2,3.5,issue_tracking,500,rare_event,86.39374119935623,1,1,0
2,3.5,issue_tracking,500,latest_state,99.92318474968293,1,1,1
2,3.5,issue_tracking,500,aggregation,99.66434384413179,1,1,1
2,3.5,issue_tracking,500,join,99.88398248400388,1,1,1
2,3.5,issue_tracking,500,negative_evidence,99.9663072419299,1,1,1
2,3.5,issue_tracking,500,threshold,86.39374119935623,1,1,0
2,3.5,issue_tracking,500,provenance,86.39374119935623,1,1,0
2,3.5,issue_tracking,500,lookup,99.95281018027572,1,1,1
2,3.5,issue_tracking,500,rare_event,80.58674443266172,1,1,0
2,3.5,issue_tracking,500,latest_state,99.88356309650052,1,1,1
2,3.5,issue_tracking,500,aggregation,99.61367974549312,1,1,1
2,3.5,issue_tracking,500,join,99.91389183457052,1,1,1
2,3.5,issue_tracking,500,negative_evidence,99.95344644750796,1,1,1
2,3.5,issue_tracking,500,threshold,80.58674443266172,1,1,0
2,3.5,issue_tracking,500,provenance,80.58674443266172,1,1,0
2,3.5,issue_tracking,500,lookup,99.95368422391398,1,1,1
2,3.5,issue_tracking,500,rare_event,85.01880717269214,1,1,0
2,3.5,issue_tracking,500,latest_state,99.92252441116962,1,1,1
2,3.5,issue_tracking,500,aggregation,99.66826457860593,1,1,1
2,3.5,issue_tracking,500,join,99.87461884871911,1,1,1
2,3.5,issue_tracking,500,negative_evidence,99.97053595937778,1,1,1
2,3.5,issue_tracking,500,threshold,85.01880717269214,1,1,0
2,3.5,issue_tracking,500,provenance,85.01880717269214,1,1,0
2,3.5,issue_tracking,500,lookup,84.61638671972224,1,1,0
2,3.5,issue_tracking,500,rare_event,84.61638671972224,1,1,0
2,3.5,issue_tracking,500,latest_state,99.90361874541263,1,1,1
2,3.5,issue_tracking,500,aggregation,99.64773181015647,1,1,1
2,3.5,issue_tracking,500,join,99.92363639059616,1,1,1
2,3.5,issue_tracking,500,negative_evidence,99.97479259495408,1,1,1
2,3.5,issue_tracking,500,threshold,84.61638671972224,1,1,0
2,3.5,issue_tracking,500,provenance,84.61638671972224,1,1,0
2,3.5,issue_tracking,500,lookup,99.95400071860628,1,1,1
2,3.5,issue_tracking,500,rare_event,80.37961065953854,1,1,0
2,3.5,issue_tracking,500,latest_state,99.90301994821371,1,1,1
2,3.5,issue_tracking,500,aggregation,99.6476921397403,1,1,1
2,3.5,issue_tracking,500,join,99.89401087236472,1,1,1
2,3.5,issue_tracking,500,negative_evidence,99.96194990317893,1,1,1
2,3.5,issue_tracking,500,threshold,80.37961065953854,1,1,0
2,3.5,issue_tracking,500,provenance,80.37961065953854,1,1,0
2,3.5,commerce_orders,50,lookup,99.53336199574258,1,1,1
2,3.5,commerce_orders,50,rare_event,80.08137327894467,1,1,0
2,3.5,commerce_orders,50,latest_state,98.93879177458763,1,1,1
2,3.5,commerce_orders,50,aggregation,99.38445728427168,1,1,1
2,3.5,commerce_orders,50,join,99.34356091985362,1,1,1
2,3.5,commerce_orders,50,negative_evidence,99.66444008682612,1,1,1
2,3.5,commerce_orders,50,threshold,80.08137327894467,1,1,0
2,3.5,commerce_orders,50,provenance,80.08137327894467,1,1,0
2,3.5,commerce_orders,50,lookup,72.17813051146385,1,1,0
2,3.5,commerce_orders,50,rare_event,72.17813051146385,1,1,0
2,3.5,commerce_orders,50,latest_state,98.94809775762157,1,1,1
2,3.5,commerce_orders,50,aggregation,99.46984966826237,1,1,1
2,3.5,commerce_orders,50,join,98.85886453346771,1,1,1
2,3.5,commerce_orders,50,negative_evidence,99.50449315528681,1,1,1
2,3.5,commerce_orders,50,threshold,72.17813051146385,1,1,0
2,3.5,commerce_orders,50,provenance,72.17813051146385,1,1,0
2,3.5,commerce_orders,50,lookup,99.52892050402359,1,1,1
2,3.5,commerce_orders,50,rare_event,74.25744651831334,1,1,0
2,3.5,commerce_orders,50,latest_state,99.04315256051116,1,1,1
2,3.5,commerce_orders,50,aggregation,99.79646008414382,1,1,1
2,3.5,commerce_orders,50,join,99.4344947698635,1,1,1
2,3.5,commerce_orders,50,negative_evidence,99.5436089515596,1,1,1
2,3.5,commerce_orders,50,threshold,74.25744651831334,1,1,0
2,3.5,commerce_orders,50,provenance,74.25744651831334,1,1,0
2,3.5,commerce_orders,50,lookup,99.55011037989516,1,1,1
2,3.5,commerce_orders,50,rare_event,80.12743385053203,1,1,0
2,3.5,commerce_orders,50,latest_state,99.14102470207891,1,1,1
2,3.5,commerce_orders,50,aggregation,99.54069408552087,1,1,1
2,3.5,commerce_orders,50,join,98.86167463564172,1,1,1
2,3.5,commerce_orders,50,negative_evidence,99.71332614904948,1,1,1
2,3.5,commerce_orders,50,threshold,80.12743385053203,1,1,0
2,3.5,commerce_orders,50,provenance,80.12743385053203,1,1,0
2,3.5,commerce_orders,50,lookup,99.53637660485022,1,1,1
2,3.5,commerce_orders,50,rare_event,84.16233112360494,1,1,0
2,3.5,commerce_orders,50,latest_state,99.13988419904338,1,1,1
2,3.5,commerce_orders,50,aggregation,99.50805571872115,1,1,1
2,3.5,commerce_orders,50,join,99.14198204246036,1,1,1
2,3.5,commerce_orders,50,negative_evidence,99.75350339850634,1,1,1
2,3.5,commerce_orders,50,threshold,84.16233112360494,1,1,0
2,3.5,commerce_orders,50,provenance,84.16233112360494,1,1,0
2,3.5,commerce_orders,100,lookup,99.77229940787329,1,1,1
2,3.5,commerce_orders,100,rare_event,76.15980059107498,1,1,0
2,3.5,commerce_orders,100,latest_state,99.61506504979964,1,1,1
2,3.5,commerce_orders,100,aggregation,99.6108581104532,1,1,1
2,3.5,commerce_orders,100,join,99.66922939388522,1,1,1
2,3.5,commerce_orders,100,negative_evidence,99.9184905501625,1,1,1
2,3.5,commerce_orders,100,threshold,76.15980059107498,1,1,0
2,3.5,commerce_orders,100,provenance,76.15980059107498,1,1,0
2,3.5,commerce_orders,100,lookup,99.77300258071313,1,1,1
2,3.5,commerce_orders,100,rare_event,75.16037288671195,1,1,0
2,3.5,commerce_orders,100,latest_state,99.5681255595934,1,1,1
2,3.5,commerce_orders,100,aggregation,99.624479907305,1,1,1
2,3.5,commerce_orders,100,join,99.57181229262126,1,1,1
2,3.5,commerce_orders,100,negative_evidence,99.89519144677938,1,1,1
2,3.5,commerce_orders,100,threshold,75.16037288671195,1,1,0
2,3.5,commerce_orders,100,provenance,75.16037288671195,1,1,0
2,3.5,commerce_orders,100,lookup,99.7732151239142,1,1,1
2,3.5,commerce_orders,100,rare_event,78.07306692263471,1,1,0
2,3.5,commerce_orders,100,latest_state,99.51900510002268,1,1,1
2,3.5,commerce_orders,100,aggregation,99.5559235682227,1,1,1
2,3.5,commerce_orders,100,join,99.22945882799685,1,1,1
2,3.5,commerce_orders,100,negative_evidence,99.91666974320569,1,1,1
2,3.5,commerce_orders,100,threshold,78.07306692263471,1,1,0
2,3.5,commerce_orders,100,provenance,78.07306692263471,1,1,0
2,3.5,commerce_orders,100,lookup,99.76361329451467,1,1,1
2,3.5,commerce_orders,100,rare_event,85.04551365409623,1,1,0
2,3.5,commerce_orders,100,latest_state,99.61830654459496,1,1,1
2,3.5,commerce_orders,100,aggregation,99.48616163796508,1,1,1
2,3.5,commerce_orders,100,join,99.52459422037137,1,1,1
2,3.5,commerce_orders,100,negative_evidence,99.83363430081657,1,1,1
2,3.5,commerce_orders,100,threshold,85.04551365409623,1,1,0
2,3.5,commerce_orders,100,provenance,85.04551365409623,1,1,0
2,3.5,commerce_orders,100,lookup,99.76638717502505,1,1,1
2,3.5,commerce_orders,100,rare_event,81.15698992775404,1,1,0
2,3.5,commerce_orders,100,latest_state,99.41834097980278,1,1,1
2,3.5,commerce_orders,100,aggregation,99.64298897853715,1,1,1
2,3.5,commerce_orders,100,join,99.37984496124031,1,1,1
2,3.5,commerce_orders,100,negative_evidence,99.81068396350788,1,1,1
2,3.5,commerce_orders,100,threshold,81.15698992775404,1,1,0
2,3.5,commerce_orders,100,provenance,81.15698992775404,1,1,0
2,3.5,commerce_orders,250,lookup,85.24065120743126,1,1,0
2,3.5,commerce_orders,250,rare_event,85.24065120743126,1,1,0
2,3.5,commerce_orders,250,latest_state,99.84673244135138,1,1,1
2,3.5,commerce_orders,250,aggregation,99.64441926393519,1,1,1
2,3.5,commerce_orders,250,join,99.80889120962986,1,1,1
2,3.5,commerce_orders,250,negative_evidence,99.94165262594893,1,1,1
2,3.5,commerce_orders,250,threshold,85.24065120743126,1,1,0
2,3.5,commerce_orders,250,provenance,85.24065120743126,1,1,0
2,3.5,commerce_orders,250,lookup,99.90523712927728,1,1,1
2,3.5,commerce_orders,250,rare_event,83.1969354364486,1,1,0
2,3.5,commerce_orders,250,latest_state,99.86547056745614,1,1,1
2,3.5,commerce_orders,250,aggregation,99.62814034211934,1,1,1
2,3.5,commerce_orders,250,join,99.80962816149454,1,1,1
2,3.5,commerce_orders,250,negative_evidence,99.93273528372806,1,1,1
2,3.5,commerce_orders,250,threshold,83.1969354364486,1,1,0
2,3.5,commerce_orders,250,provenance,83.1969354364486,1,1,0
2,3.5,commerce_orders,250,lookup,99.91007137159144,1,1,1
2,3.5,commerce_orders,250,rare_event,78.38708244021862,1,1,0
2,3.5,commerce_orders,250,latest_state,99.90541624259147,1,1,1
2,3.5,commerce_orders,250,aggregation,99.63563035736578,1,1,1
2,3.5,commerce_orders,250,join,99.7113820020017,1,1,1
2,3.5,commerce_orders,250,negative_evidence,99.91599608122776,1,1,1
2,3.5,commerce_orders,250,threshold,78.38708244021862,1,1,0
2,3.5,commerce_orders,250,provenance,78.38708244021862,1,1,0
2,3.5,commerce_orders,250,lookup,99.90531804050613,1,1,1
2,3.5,commerce_orders,250,rare_event,82.82917303339441,1,1,0
2,3.5,commerce_orders,250,latest_state,99.74744432679647,1,1,1
2,3.5,commerce_orders,250,aggregation,99.5859777708739,1,1,1
2,3.5,commerce_orders,250,join,99.76921272373367,1,1,1
2,3.5,commerce_orders,250,negative_evidence,99.91630791080452,1,1,1
2,3.5,commerce_orders,250,threshold,82.82917303339441,1,1,0
2,3.5,commerce_orders,250,provenance,82.82917303339441,1,1,0
2,3.5,commerce_orders,250,lookup,99.90712336302283,1,1,1
2,3.5,commerce_orders,250,rare_event,84.40370660291535,1,1,0
2,3.5,commerce_orders,250,latest_state,99.74781560073625,1,1,1
2,3.5,commerce_orders,250,aggregation,99.5846996847695,1,1,1
2,3.5,commerce_orders,250,join,99.78843590665792,1,1,1
2,3.5,commerce_orders,250,negative_evidence,99.93229949013053,1,1,1
2,3.5,commerce_orders,250,threshold,84.40370660291535,1,1,0
2,3.5,commerce_orders,250,provenance,84.40370660291535,1,1,0
2,3.5,commerce_orders,500,lookup,99.9537261562637,1,1,1
2,3.5,commerce_orders,500,rare_event,82.8259446958739,1,1,0
2,3.5,commerce_orders,500,latest_state,99.91285269246,1,1,1
2,3.5,commerce_orders,500,aggregation,99.65310500668164,1,1,1
2,3.5,commerce_orders,500,join,99.91391159048601,1,1,1
2,3.5,commerce_orders,500,negative_evidence,99.98369297039956,1,1,1
2,3.5,commerce_orders,500,threshold,82.8259446958739,1,1,0
2,3.5,commerce_orders,500,provenance,82.8259446958739,1,1,0
2,3.5,commerce_orders,500,lookup,99.95393588722658,1,1,1
2,3.5,commerce_orders,500,rare_event,80.00002117890243,1,1,0
2,3.5,commerce_orders,500,latest_state,99.92312058419884,1,1,1
2,3.5,commerce_orders,500,aggregation,99.668020704495,1,1,1
2,3.5,commerce_orders,500,join,99.90437725555311,1,1,1
2,3.5,commerce_orders,500,negative_evidence,99.9624074481964,1,1,1
2,3.5,commerce_orders,500,threshold,80.00002117890243,1,1,0
2,3.5,commerce_orders,500,provenance,80.00002117890243,1,1,0
2,3.5,commerce_orders,500,lookup,99.95254694727521,1,1,1
2,3.5,commerce_orders,500,rare_event,82.8289857651434,1,1,0
2,3.5,commerce_orders,500,latest_state,99.93316322261308,1,1,1
2,3.5,commerce_orders,500,aggregation,99.61486763458184,1,1,1
2,3.5,commerce_orders,500,join,99.88433318398332,1,1,1
2,3.5,commerce_orders,500,negative_evidence,99.970341842047,1,1,1
2,3.5,commerce_orders,500,threshold,82.8289857651434,1,1,0
2,3.5,commerce_orders,500,provenance,82.8289857651434,1,1,0
2,3.5,commerce_orders,500,lookup,83.01308193421958,1,1,0
2,3.5,commerce_orders,500,rare_event,83.01308193421958,1,1,0
2,3.5,commerce_orders,500,latest_state,99.9331603198983,1,1,1
2,3.5,commerce_orders,500,aggregation,99.63487103437319,1,1,1
2,3.5,commerce_orders,500,join,99.89407340712886,1,1,1
2,3.5,commerce_orders,500,negative_evidence,99.962184206345,1,1,1
2,3.5,commerce_orders,500,threshold,83.01308193421958,1,1,0
2,3.5,commerce_orders,500,provenance,83.01308193421958,1,1,0
2,3.5,commerce_orders,500,lookup,99.95287474637082,1,1,1
2,3.5,commerce_orders,500,rare_event,84.61090425419255,1,1,0
2,3.5,commerce_orders,500,latest_state,99.94228480173506,1,1,1
2,3.5,commerce_orders,500,aggregation,99.6172794008633,1,1,1
2,3.5,commerce_orders,500,join,99.88393420679196,1,1,1
2,3.5,commerce_orders,500,negative_evidence,99.95795791979599,1,1,1
2,3.5,commerce_orders,500,threshold,84.61090425419255,1,1,0
2,3.5,commerce_orders,500,provenance,84.61090425419255,1,1,0
2,3.5,security_findings,50,lookup,99.52540246707088,1,1,1
2,3.5,security_findings,50,rare_event,78.270959648756,1,1,0
2,3.5,security_findings,50,latest_state,99.13547982437801,1,1,1
2,3.5,security_findings,50,aggregation,99.63098473761238,1,1,1
2,3.5,security_findings,50,join,99.53376541919297,1,1,1
2,3.5,security_findings,50,negative_evidence,99.66548191511603,1,1,1
2,3.5,security_findings,50,threshold,78.270959648756,1,1,0
2,3.5,security_findings,50,provenance,78.270959648756,1,1,0
2,3.5,security_findings,50,lookup,99.5418553811073,1,1,1
2,3.5,security_findings,50,rare_event,82.08424421827768,1,1,0
2,3.5,security_findings,50,latest_state,98.94563978117841,1,1,1
2,3.5,security_findings,50,aggregation,99.63494869407864,1,1,1
2,3.5,security_findings,50,join,98.95923768082592,1,1,1
2,3.5,security_findings,50,negative_evidence,99.74896185266154,1,1,1
2,3.5,security_findings,50,threshold,82.08424421827768,1,1,0
2,3.5,security_findings,50,provenance,82.08424421827768,1,1,0
2,3.5,security_findings,50,lookup,99.54008297364119,1,1,1
2,3.5,security_findings,50,rare_event,66.39986590118593,1,1,0
2,3.5,security_findings,50,latest_state,99.03826006788753,1,1,1
2,3.5,security_findings,50,aggregation,99.46465239073042,1,1,1
2,3.5,security_findings,50,join,99.05502241964548,1,1,1
2,3.5,security_findings,50,negative_evidence,99.53798767967146,1,1,1
2,3.5,security_findings,50,threshold,66.39986590118593,1,1,0
2,3.5,security_findings,50,provenance,66.39986590118593,1,1,0
2,3.5,security_findings,50,lookup,76.21102916526986,1,1,0
2,3.5,security_findings,50,rare_event,76.21102916526986,1,1,0
2,3.5,security_findings,50,latest_state,98.84554140127389,1,1,1
2,3.5,security_findings,50,aggregation,99.59038719409989,1,1,1
2,3.5,security_findings,50,join,98.95030170968823,1,1,1
2,3.5,security_findings,50,negative_evidence,99.75067046597385,1,1,1
2,3.5,security_findings,50,threshold,76.21102916526986,1,1,0
2,3.5,security_findings,50,provenance,76.21102916526986,1,1,0
2,3.5,security_findings,50,lookup,99.5378454396219,1,1,1
2,3.5,security_findings,50,rare_event,78.24109411432575,1,1,0
2,3.5,security_findings,50,latest_state,99.14470038373467,1,1,1
2,3.5,security_findings,50,aggregation,99.50961427869383,1,1,1
2,3.5,security_findings,50,join,99.14470038373467,1,1,1
2,3.5,security_findings,50,negative_evidence,99.66436286452179,1,1,1
2,3.5,security_findings,50,threshold,78.24109411432575,1,1,0
2,3.5,security_findings,50,provenance,78.24109411432575,1,1,0
2,3.5,security_findings,100,lookup,99.76762159121378,1,1,1
2,3.5,security_findings,100,rare_event,77.12649902474672,1,1,0
2,3.5,security_findings,100,latest_state,99.4689995636333,1,1,1
2,3.5,security_findings,100,aggregation,99.59885808619032,1,1,1
2,3.5,security_findings,100,join,99.61883632042985,1,1,1
2,3.5,security_findings,100,negative_evidence,99.87382167848712,1,1,1
2,3.5,security_findings,100,threshold,77.12649902474672,1,1,0
2,3.5,security_findings,100,provenance,77.12649902474672,1,1,0
2,3.5,security_findings,100,lookup,73.13837630603304,1,1,0
2,3.5,security_findings,100,rare_event,73.13837630603304,1,1,0
2,3.5,security_findings,100,latest_state,99.51813700707785,1,1,1
2,3.5,security_findings,100,aggregation,99.71140883046849,1,1,1
2,3.5,security_findings,100,join,99.27852207617121,1,1,1
2,3.5,security_findings,100,negative_evidence,99.8119944388271,1,1,1
2,3.5,security_findings,100,threshold,73.13837630603304,1,1,0
2,3.5,security_findings,100,provenance,73.13837630603304,1,1,0
2,3.5,security_findings,100,lookup,99.76523592470667,1,1,1
2,3.5,security_findings,100,rare_event,79.11760361272896,1,1,0
2,3.5,security_findings,100,latest_state,99.42021186798345,1,1,1
2,3.5,security_findings,100,aggregation,99.56529079091753,1,1,1
2,3.5,security_findings,100,join,99.37642441124336,1,1,1
2,3.5,security_findings,100,negative_evidence,99.89554317548746,1,1,1
2,3.5,security_findings,100,threshold,79.11760361272896,1,1,0
2,3.5,security_findings,100,provenance,79.11760361272896,1,1,0
2,3.5,security_findings,100,lookup,99.76795091714638,1,1,1
2,3.5,security_findings,100,rare_event,84.00808225377014,1,1,0
2,3.5,security_findings,100,latest_state,99.61588247055975,1,1,1
2,3.5,security_findings,100,aggregation,99.56799932647885,1,1,1
2,3.5,security_findings,100,join,99.47328541511003,1,1,1
2,3.5,security_findings,100,negative_evidence,99.83425065510455,1,1,1
2,3.5,security_findings,100,threshold,84.00808225377014,1,1,0
2,3.5,security_findings,100,provenance,84.00808225377014,1,1,0
2,3.5,security_findings,100,lookup,79.12625954519638,1,1,0
2,3.5,security_findings,100,rare_event,79.12625954519638,1,1,0
2,3.5,security_findings,100,latest_state,99.325262427162,1,1,1
2,3.5,security_findings,100,aggregation,99.68971537959905,1,1,1
2,3.5,security_findings,100,join,99.42728821759891,1,1,1
2,3.5,security_findings,100,negative_evidence,99.8085701663967,1,1,1
2,3.5,security_findings,100,threshold,79.12625954519638,1,1,0
2,3.5,security_findings,100,provenance,79.12625954519638,1,1,0
2,3.5,security_findings,250,lookup,99.90617095061084,1,1,1
2,3.5,security_findings,250,rare_event,81.23292216204108,1,1,0
2,3.5,security_findings,250,latest_state,99.74725328137515,1,1,1
2,3.5,security_findings,250,aggregation,99.62785370276056,1,1,1
2,3.5,security_findings,250,join,99.71048243769562,1,1,1
2,3.5,security_findings,250,negative_evidence,99.88017776800979,1,1,1
2,3.5,security_findings,250,threshold,81.23292216204108,1,1,0
2,3.5,security_findings,250,provenance,81.23292216204108,1,1,0
2,3.5,security_findings,250,lookup,99.90598426028627,1,1,1
2,3.5,security_findings,250,rare_event,82.08524797971796,1,1,0
2,3.5,security_findings,250,latest_state,99.8265462420113,1,1,1
2,3.5,security_findings,250,aggregation,99.61823271536471,1,1,1
2,3.5,security_findings,250,join,99.92457613690382,1,1,1
2,3.5,security_findings,250,negative_evidence,99.9659853166429,1,1,1
2,3.5,security_findings,250,threshold,82.08524797971796,1,1,0
2,3.5,security_findings,250,provenance,82.08524797971796,1,1,0
2,3.5,security_findings,250,lookup,99.90774868711148,1,1,1
2,3.5,security_findings,250,rare_event,85.58425126210798,1,1,0
2,3.5,security_findings,250,latest_state,99.74800157419672,1,1,1
2,3.5,security_findings,250,aggregation,99.66886856726941,1,1,1
2,3.5,security_findings,250,join,99.84660045448582,1,1,1
2,3.5,security_findings,250,negative_evidence,99.95810605515612,1,1,1
2,3.5,security_findings,250,threshold,85.58425126210798,1,1,0
2,3.5,security_findings,250,provenance,85.58425126210798,1,1,0
2,3.5,security_findings,250,lookup,99.90837502902865,1,1,1
2,3.5,security_findings,250,rare_event,81.99527096924018,1,1,0
2,3.5,security_findings,250,latest_state,99.82625034306585,1,1,1
2,3.5,security_findings,250,aggregation,99.58747651318428,1,1,1
2,3.5,security_findings,250,join,99.76861528068063,1,1,1
2,3.5,security_findings,250,negative_evidence,99.94933181328773,1,1,1
2,3.5,security_findings,250,threshold,81.99527096924018,1,1,0
2,3.5,security_findings,250,provenance,81.99527096924018,1,1,0
2,3.5,security_findings,250,lookup,99.90379044501677,1,1,1
2,3.5,security_findings,250,rare_event,82.0164254027057,1,1,0
2,3.5,security_findings,250,latest_state,99.80546639431962,1,1,1
2,3.5,security_findings,250,aggregation,99.5942282724993,1,1,1
2,3.5,security_findings,250,join,99.71221713333587,1,1,1
2,3.5,security_findings,250,negative_evidence,99.93149033886908,1,1,1
2,3.5,security_findings,250,threshold,82.0164254027057,1,1,0
2,3.5,security_findings,250,provenance,82.0164254027057,1,1,0
2,3.5,security_findings,500,lookup,99.95341899298215,1,1,1
2,3.5,security_findings,500,rare_event,82.81351399706328,1,1,0
2,3.5,security_findings,500,latest_state,99.88259468913,1,1,1
2,3.5,security_findings,500,aggregation,99.61390697137703,1,1,1
2,3.5,security_findings,500,join,99.90281508081276,1,1,1
2,3.5,security_findings,500,negative_evidence,99.96601703806198,1,1,1
2,3.5,security_findings,500,threshold,82.81351399706328,1,1,0
2,3.5,security_findings,500,provenance,82.81351399706328,1,1,0
2,3.5,security_findings,500,lookup,99.9542077087568,1,1,1
2,3.5,security_findings,500,rare_event,83.39611706751666,1,1,0
2,3.5,security_findings,500,latest_state,99.92332699503159,1,1,1
2,3.5,security_findings,500,aggregation,99.62298032729326,1,1,1
2,3.5,security_findings,500,join,99.92322123916266,1,1,1
2,3.5,security_findings,500,negative_evidence,99.9792718496913,1,1,1
2,3.5,security_findings,500,threshold,83.39611706751666,1,1,0
2,3.5,security_findings,500,provenance,83.39611706751666,1,1,0
2,3.5,security_findings,500,lookup,99.95314410461874,1,1,1
2,3.5,security_findings,500,rare_event,82.37795255602612,1,1,0
2,3.5,security_findings,500,latest_state,99.89380740640456,1,1,1
2,3.5,security_findings,500,aggregation,99.6307586212732,1,1,1
2,3.5,security_findings,500,join,99.89412471495116,1,1,1
2,3.5,security_findings,500,negative_evidence,99.95779796330221,1,1,1
2,3.5,security_findings,500,threshold,82.37795255602612,1,1,0
2,3.5,security_findings,500,provenance,82.37795255602612,1,1,0
2,3.5,security_findings,500,lookup,99.95208483839475,1,1,1
2,3.5,security_findings,500,rare_event,84.19402573033601,1,1,0
2,3.5,security_findings,500,latest_state,99.90290040098539,1,1,1
2,3.5,security_findings,500,aggregation,99.60737068459449,1,1,1
2,3.5,security_findings,500,join,99.88322662602164,1,1,1
2,3.5,security_findings,500,negative_evidence,99.96604687223999,1,1,1
2,3.5,security_findings,500,threshold,84.19402573033601,1,1,0
2,3.5,security_findings,500,provenance,84.19402573033601,1,1,0
2,3.5,security_findings,500,lookup,99.95239384886212,1,1,1
2,3.5,security_findings,500,rare_event,82.99614072801442,1,1,0
2,3.5,security_findings,500,latest_state,99.91325101348207,1,1,1
2,3.5,security_findings,500,aggregation,99.58942339429741,1,1,1
2,3.5,security_findings,500,join,99.91282784769417,1,1,1
2,3.5,security_findings,500,negative_evidence,99.97450426127948,1,1,1
2,3.5,security_findings,500,threshold,82.99614072801442,1,1,0
2,3.5,security_findings,500,provenance,82.99614072801442,1,1,0
5,1.5,incident_ops,50,lookup,99.5561850802644,1,1,1
5,1.5,incident_ops,50,rare_event,66.3130836218655,1,1,0
5,1.5,incident_ops,50,latest_state,99.23302906305739,1,1,1
5,1.5,incident_ops,50,aggregation,99.47224845241843,1,1,1
5,1.5,incident_ops,50,join,98.95393977546952,1,1,1
5,1.5,incident_ops,50,negative_evidence,99.6222851746931,1,1,1
5,1.5,incident_ops,50,threshold,66.3130836218655,1,1,0
5,1.5,incident_ops,50,provenance,66.3130836218655,1,1,0
5,1.5,incident_ops,50,lookup,99.5290786092611,1,1,1
5,1.5,incident_ops,50,rare_event,74.32691803450626,1,1,0
5,1.5,incident_ops,50,latest_state,98.94278672190467,1,1,1
5,1.5,incident_ops,50,aggregation,99.38958519062354,1,1,1
5,1.5,incident_ops,50,join,99.53851801352981,1,1,1
5,1.5,incident_ops,50,negative_evidence,99.71472022654571,1,1,1
5,1.5,incident_ops,50,threshold,74.32691803450626,1,1,0
5,1.5,incident_ops,50,provenance,74.32691803450626,1,1,0
5,1.5,incident_ops,50,lookup,99.5384308747784,1,1,1
5,1.5,incident_ops,50,rare_event,64.2556673345432,1,1,0
5,1.5,incident_ops,50,latest_state,99.04644014812173,1,1,1
5,1.5,incident_ops,50,aggregation,99.47339158895171,1,1,1
5,1.5,incident_ops,50,join,99.34121497582007,1,1,1
5,1.5,incident_ops,50,negative_evidence,99.7954409558677,1,1,1
5,1.5,incident_ops,50,threshold,64.2556673345432,1,1,0
5,1.5,incident_ops,50,provenance,64.2556673345432,1,1,0
5,1.5,incident_ops,50,lookup,58.41659858815643,1,1,0
5,1.5,incident_ops,50,rare_event,58.41659858815643,1,1,0
5,1.5,incident_ops,50,latest_state,99.14535285615534,1,1,1
5,1.5,incident_ops,50,aggregation,99.50040847106139,1,1,1
5,1.5,incident_ops,50,join,99.34644630176585,1,1,1
5,1.5,incident_ops,50,negative_evidence,99.70673872515134,1,1,1
5,1.5,incident_ops,50,threshold,58.41659858815643,1,1,0
5,1.5,incident_ops,50,provenance,58.41659858815643,1,1,0
5,1.5,incident_ops,50,lookup,99.55134387186045,1,1,1
5,1.5,incident_ops,50,rare_event,60.457461528785274,1,1,0
5,1.5,incident_ops,50,latest_state,99.33540190364376,1,1,1
5,1.5,incident_ops,50,aggregation,99.80187848547108,1,1,1
5,1.5,incident_ops,50,join,99.24944442114973,1,1,1
5,1.5,incident_ops,50,negative_evidence,99.67084573776678,1,1,1
5,1.5,incident_ops,50,threshold,60.457461528785274,1,1,0
5,1.5,incident_ops,50,provenance,60.457461528785274,1,1,0
5,1.5,incident_ops,100,lookup,99.76806111774465,1,1,1
5,1.5,incident_ops,100,rare_event,72.1308790430804,1,1,0
5,1.5,incident_ops,100,latest_state,99.51710219047519,1,1,1
5,1.5,incident_ops,100,aggregation,99.57997400593848,1,1,1
5,1.5,incident_ops,100,join,99.42622864207445,1,1,1
5,1.5,incident_ops,100,negative_evidence,72.1308790430804,1,1,0
5,1.5,incident_ops,100,threshold,72.1308790430804,1,1,0
5,1.5,incident_ops,100,provenance,72.1308790430804,1,1,0
5,1.5,incident_ops,100,lookup,99.76548635172821,1,1,1
5,1.5,incident_ops,100,rare_event,71.14161666525818,1,1,0
5,1.5,incident_ops,100,latest_state,99.4205822699231,1,1,1
5,1.5,incident_ops,100,aggregation,99.6307994591397,1,1,1
5,1.5,incident_ops,100,join,99.27955717062453,1,1,1
5,1.5,incident_ops,100,negative_evidence,99.89700414096173,1,1,1
5,1.5,incident_ops,100,threshold,71.14161666525818,1,1,0
5,1.5,incident_ops,100,provenance,71.14161666525818,1,1,0
5,1.5,incident_ops,100,lookup,99.76551855255235,1,1,1
5,1.5,incident_ops,100,rare_event,70.11945879146995,1,1,0
5,1.5,incident_ops,100,latest_state,99.61711925810916,1,1,1
5,1.5,incident_ops,100,aggregation,99.58067957370851,1,1,1
5,1.5,incident_ops,100,join,99.37735669698026,1,1,1
5,1.5,incident_ops,100,negative_evidence,99.83364491904054,1,1,1
5,1.5,incident_ops,100,threshold,70.11945879146995,1,1,0
5,1.5,incident_ops,100,provenance,70.11945879146995,1,1,0
5,1.5,incident_ops,100,lookup,67.25184759272251,1,1,0
5,1.5,incident_ops,100,rare_event,67.25184759272251,1,1,0
5,1.5,incident_ops,100,latest_state,99.61861255149785,1,1,1
5,1.5,incident_ops,100,aggregation,99.63127271576349,1,1,1
5,1.5,incident_ops,100,join,99.42660006013578,1,1,1
5,1.5,incident_ops,100,negative_evidence,99.89819117903055,1,1,1
5,1.5,incident_ops,100,threshold,67.25184759272251,1,1,0
5,1.5,incident_ops,100,provenance,67.25184759272251,1,1,0
5,1.5,incident_ops,100,lookup,99.77490092470276,1,1,1
5,1.5,incident_ops,100,rare_event,71.11704095112286,1,1,0
5,1.5,incident_ops,100,latest_state,99.47054161162482,1,1,1
5,1.5,incident_ops,100,aggregation,99.58150594451783,1,1,1
5,1.5,incident_ops,100,join,99.38124174372524,1,1,1
5,1.5,incident_ops,100,negative_evidence,99.87582562747687,1,1,1
5,1.5,incident_ops,100,threshold,71.11704095112286,1,1,0
5,1.5,incident_ops,100,provenance,71.11704095112286,1,1,0
5,1.5,incident_ops,250,lookup,99.9061357154662,1,1,1
5,1.5,incident_ops,250,rare_event,72.79355366367346,1,1,0
5,1.5,incident_ops,250,latest_state,99.88515927264714,1,1,1
5,1.5,incident_ops,250,aggregation,99.69361680488518,1,1,1
5,1.5,incident_ops,250,join,99.75040151877921,1,1,1
5,1.5,incident_ops,250,negative_evidence,99.94236775306278,1,1,1
5,1.5,incident_ops,250,threshold,72.79355366367346,1,1,0
5,1.5,incident_ops,250,provenance,72.79355366367346,1,1,0
5,1.5,incident_ops,250,lookup,99.91005610886606,1,1,1
5,1.5,incident_ops,250,rare_event,77.65318568958752,1,1,0
5,1.5,incident_ops,250,latest_state,99.86678121784877,1,1,1
5,1.5,incident_ops,250,aggregation,99.6436185445636,1,1,1
5,1.5,incident_ops,250,join,99.73038045841686,1,1,1
5,1.5,incident_ops,250,negative_evidence,99.94102735439803,1,1,1
5,1.5,incident_ops,250,threshold,77.65318568958752,1,1,0
5,1.5,incident_ops,250,provenance,77.65318568958752,1,1,0
5,1.5,incident_ops,250,lookup,99.90821370731831,1,1,1
5,1.5,incident_ops,250,rare_event,77.19396796594792,1,1,0
5,1.5,incident_ops,250,latest_state,99.78632659809898,1,1,1
5,1.5,incident_ops,250,aggregation,99.50206466164138,1,1,1
5,1.5,incident_ops,250,join,99.7697923467614,1,1,1
5,1.5,incident_ops,250,negative_evidence,99.94954933566225,1,1,1
5,1.5,incident_ops,250,threshold,77.19396796594792,1,1,0
5,1.5,incident_ops,250,provenance,77.19396796594792,1,1,0
5,1.5,incident_ops,250,lookup,99.90985462471168,1,1,1
5,1.5,incident_ops,250,rare_event,76.43481389000571,1,1,0
5,1.5,incident_ops,250,latest_state,99.84637196605793,1,1,1
5,1.5,incident_ops,250,aggregation,99.57191527181159,1,1,1
5,1.5,incident_ops,250,join,99.63307023298135,1,1,1
5,1.5,incident_ops,250,negative_evidence,99.9005438347758,1,1,1
5,1.5,incident_ops,250,threshold,76.43481389000571,1,1,0
5,1.5,incident_ops,250,provenance,76.43481389000571,1,1,0
5,1.5,incident_ops,250,lookup,76.04311882677469,1,1,0
5,1.5,incident_ops,250,rare_event,76.04311882677469,1,1,0
5,1.5,incident_ops,250,latest_state,99.80762630350128,1,1,1
5,1.5,incident_ops,250,aggregation,99.58516773376158,1,1,1
5,1.5,incident_ops,250,join,99.69300717375921,1,1,1
5,1.5,incident_ops,250,negative_evidence,99.92542341281107,1,1,1
5,1.5,incident_ops,250,threshold,76.04311882677469,1,1,0
5,1.5,incident_ops,250,provenance,76.04311882677469,1,1,0
5,1.5,incident_ops,500,lookup,99.95354648215357,1,1,1
5,1.5,incident_ops,500,rare_event,71.83527455301746,1,1,0
5,1.5,incident_ops,500,latest_state,99.90348698346976,1,1,1
5,1.5,incident_ops,500,aggregation,99.63505352760377,1,1,1
5,1.5,incident_ops,500,join,99.87432096199083,1,1,1
5,1.5,incident_ops,500,negative_evidence,99.97528842543785,1,1,1
5,1.5,incident_ops,500,threshold,71.83527455301746,1,1,0
5,1.5,incident_ops,500,provenance,71.83527455301746,1,1,0
5,1.5,incident_ops,500,lookup,74.81531856023273,1,1,0
5,1.5,incident_ops,500,rare_event,74.81531856023273,1,1,0
5,1.5,incident_ops,500,latest_state,99.90324315779534,1,1,1
5,1.5,incident_ops,500,aggregation,99.61254825906644,1,1,1
5,1.5,incident_ops,500,join,99.87512850518105,1,1,1
5,1.5,incident_ops,500,negative_evidence,99.97517423127644,1,1,1
5,1.5,incident_ops,500,threshold,74.81531856023273,1,1,0
5,1.5,incident_ops,500,provenance,74.81531856023273,1,1,0
5,1.5,incident_ops,500,lookup,99.95469890152793,1,1,1
5,1.5,incident_ops,500,rare_event,78.02451139529505,1,1,0
5,1.5,incident_ops,500,latest_state,99.90388104164943,1,1,1
5,1.5,incident_ops,500,aggregation,99.63493892308574,1,1,1
5,1.5,incident_ops,500,join,99.91417192350373,1,1,1
5,1.5,incident_ops,500,negative_evidence,99.97506848210553,1,1,1
5,1.5,incident_ops,500,threshold,78.02451139529505,1,1,0
5,1.5,incident_ops,500,provenance,78.02451139529505,1,1,0
5,1.5,incident_ops,500,lookup,99.95289494511836,1,1,1
5,1.5,incident_ops,500,rare_event,73.41683517686674,1,1,0
5,1.5,incident_ops,500,latest_state,99.91342854778512,1,1,1
5,1.5,incident_ops,500,aggregation,99.65562385552752,1,1,1
5,1.5,incident_ops,500,join,99.90430459571344,1,1,1
5,1.5,incident_ops,500,negative_evidence,99.96647478075992,1,1,1
5,1.5,incident_ops,500,threshold,73.41683517686674,1,1,0
5,1.5,incident_ops,500,provenance,73.41683517686674,1,1,0
5,1.5,incident_ops,500,lookup,99.95364703436483,1,1,1
5,1.5,incident_ops,500,rare_event,73.41047513380839,1,1,0
5,1.5,incident_ops,500,latest_state,99.88257955844823,1,1,1
5,1.5,incident_ops,500,aggregation,99.6559061315321,1,1,1
5,1.5,incident_ops,500,join,99.89467163644001,1,1,1
5,1.5,incident_ops,500,negative_evidence,99.96679982095239,1,1,1
5,1.5,incident_ops,500,threshold,73.41047513380839,1,1,0
5,1.5,incident_ops,500,provenance,73.41047513380839,1,1,0
5,1.5,identity_events,50,lookup,99.55625491738789,1,1,1
5,1.5,identity_events,50,rare_event,62.32782585890375,1,1,0
5,1.5,identity_events,50,latest_state,99.23734592184633,1,1,1
5,1.5,identity_events,50,aggregation,99.6338840807763,1,1,1
5,1.5,identity_events,50,join,99.33910306845004,1,1,1
5,1.5,identity_events,50,negative_evidence,99.70626803042224,1,1,1
5,1.5,identity_events,50,threshold,62.32782585890375,1,1,0
5,1.5,identity_events,50,provenance,62.32782585890375,1,1,0
5,1.5,identity_events,50,lookup,99.53801671939492,1,1,1
5,1.5,identity_events,50,rare_event,66.42921494269731,1,1,0
5,1.5,identity_events,50,latest_state,99.33478597917409,1,1,1
5,1.5,identity_events,50,aggregation,99.59249093842318,1,1,1
5,1.5,identity_events,50,join,99.33583356030925,1,1,1
5,1.5,identity_events,50,negative_evidence,99.75067568983218,1,1,1
5,1.5,identity_events,50,threshold,66.42921494269731,1,1,0
5,1.5,identity_events,50,provenance,66.42921494269731,1,1,0
5,1.5,identity_events,50,lookup,99.54678976080571,1,1,1
5,1.5,identity_events,50,rare_event,56.347041544271924,1,1,0
5,1.5,identity_events,50,latest_state,99.13869072597566,1,1,1
5,1.5,identity_events,50,aggregation,99.46705832983635,1,1,1
5,1.5,identity_events,50,join,99.15337809483844,1,1,1
5,1.5,identity_events,50,negative_evidence,99.79122954259337,1,1,1
5,1.5,identity_events,50,threshold,56.347041544271924,1,1,0
5,1.5,identity_events,50,provenance,56.347041544271924,1,1,0
5,1.5,identity_events,50,lookup,99.54488386691777,1,1,1
5,1.5,identity_events,50,rare_event,64.32935760619375,1,1,0
5,1.5,identity_events,50,latest_state,99.03850177861477,1,1,1
5,1.5,identity_events,50,aggregation,99.54802259887006,1,1,1
5,1.5,identity_events,50,join,98.65557648043523,1,1,1
5,1.5,identity_events,50,negative_evidence,64.32935760619375,1,1,0
5,1.5,identity_events,50,threshold,64.32935760619375,1,1,0
5,1.5,identity_events,50,provenance,64.32935760619375,1,1,0
5,1.5,identity_events,50,lookup,99.54329290009008,1,1,1
5,1.5,identity_events,50,rare_event,62.32375924412881,1,1,0
5,1.5,identity_events,50,latest_state,98.94412670479542,1,1,1
5,1.5,identity_events,50,aggregation,99.63128234135714,1,1,1
5,1.5,identity_events,50,join,99.1431504409947,1,1,1
5,1.5,identity_events,50,negative_evidence,99.58624012737519,1,1,1
5,1.5,identity_events,50,threshold,62.32375924412881,1,1,0
5,1.5,identity_events,50,provenance,62.32375924412881,1,1,0
5,1.5,identity_events,100,lookup,99.76752767527675,1,1,1
5,1.5,identity_events,100,rare_event,73.15867158671587,1,1,0
5,1.5,identity_events,100,latest_state,99.66684238270955,1,1,1
5,1.5,identity_events,100,aggregation,99.73115445440169,1,1,1
5,1.5,identity_events,100,join,99.52240379546653,1,1,1
5,1.5,identity_events,100,negative_evidence,99.85608856088561,1,1,1
5,1.5,identity_events,100,threshold,73.15867158671587,1,1,0
5,1.5,identity_events,100,provenance,73.15867158671587,1,1,0
5,1.5,identity_events,100,lookup,99.76336861676279,1,1,1
5,1.5,identity_events,100,rare_event,70.21032726965414,1,1,0
5,1.5,identity_events,100,latest_state,99.51775791764382,1,1,1
5,1.5,identity_events,100,aggregation,99.69259047981238,1,1,1
5,1.5,identity_events,100,join,99.22830702921975,1,1,1
5,1.5,identity_events,100,negative_evidence,99.83361855866134,1,1,1
5,1.5,identity_events,100,threshold,70.21032726965414,1,1,0
5,1.5,identity_events,100,provenance,70.21032726965414,1,1,0
5,1.5,identity_events,100,lookup,99.76408497163214,1,1,1
5,1.5,identity_events,100,rare_event,77.1246866341206,1,1,0
5,1.5,identity_events,100,latest_state,99.37247658002374,1,1,1
5,1.5,identity_events,100,aggregation,99.74772397413906,1,1,1
5,1.5,identity_events,100,join,99.57039187227866,1,1,1
5,1.5,identity_events,100,negative_evidence,99.812112415886,1,1,1
5,1.5,identity_events,100,threshold,77.1246866341206,1,1,0
5,1.5,identity_events,100,provenance,77.1246866341206,1,1,0
5,1.5,identity_events,100,lookup,68.20794313675862,1,1,0
5,1.5,identity_events,100,rare_event,68.20794313675862,1,1,0
5,1.5,identity_events,100,latest_state,99.51858179363875,1,1,1
5,1.5,identity_events,100,aggregation,99.55654686577238,1,1,1
5,1.5,identity_events,100,join,99.4178688939509,1,1,1
5,1.5,identity_events,100,negative_evidence,99.78750105458533,1,1,1
5,1.5,identity_events,100,threshold,68.20794313675862,1,1,0
5,1.5,identity_events,100,provenance,68.20794313675862,1,1,0
5,1.5,identity_events,100,lookup,99.77314692693221,1,1,1
5,1.5,identity_events,100,rare_event,74.15404906357162,1,1,0
5,1.5,identity_events,100,latest_state,99.66235821682933,1,1,1
5,1.5,identity_events,100,aggregation,99.45344236349248,1,1,1
5,1.5,identity_events,100,join,99.2286995515695,1,1,1
5,1.5,identity_events,100,negative_evidence,99.81324188868372,1,1,1
5,1.5,identity_events,100,threshold,74.15404906357162,1,1,0
5,1.5,identity_events,100,provenance,74.15404906357162,1,1,0
5,1.5,identity_events,250,lookup,76.41366810507282,1,1,0
5,1.5,identity_events,250,rare_event,76.41366810507282,1,1,0
5,1.5,identity_events,250,latest_state,99.78720340813328,1,1,1
5,1.5,identity_events,250,aggregation,99.60913183225276,1,1,1
5,1.5,identity_events,250,join,99.7499375373188,1,1,1
5,1.5,identity_events,250,negative_evidence,99.95087680665365,1,1,1
5,1.5,identity_events,250,threshold,76.41366810507282,1,1,0
5,1.5,identity_events,250,provenance,76.41366810507282,1,1,0
5,1.5,identity_events,250,lookup,73.64513199975448,1,1,0
5,1.5,identity_events,250,rare_event,73.64513199975448,1,1,0
5,1.5,identity_events,250,latest_state,99.7673891923812,1,1,1
5,1.5,identity_events,250,aggregation,99.63552701481386,1,1,1
5,1.5,identity_events,250,join,99.82771137634057,1,1,1
5,1.5,identity_events,250,negative_evidence,99.9242268706756,1,1,1
5,1.5,identity_events,250,threshold,73.64513199975448,1,1,0
5,1.5,identity_events,250,provenance,73.64513199975448,1,1,0
5,1.5,identity_events,250,lookup,99.90554009462934,1,1,1
5,1.5,identity_events,250,rare_event,72.44629975559029,1,1,0
5,1.5,identity_events,250,latest_state,99.78651214212192,1,1,1
5,1.5,identity_events,250,aggregation,99.62681983573295,1,1,1
5,1.5,identity_events,250,join,99.76999224835754,1,1,1
5,1.5,identity_events,250,negative_evidence,99.9324378703739,1,1,1
5,1.5,identity_events,250,threshold,72.44629975559029,1,1,0
5,1.5,identity_events,250,provenance,72.44629975559029,1,1,0
5,1.5,identity_events,250,lookup,99.9090705316625,1,1,1
5,1.5,identity_events,250,rare_event,73.21979132744336,1,1,0
5,1.5,identity_events,250,latest_state,99.78747880074604,1,1,1
5,1.5,identity_events,250,aggregation,99.61006060554797,1,1,1
5,1.5,identity_events,250,join,99.88580950487848,1,1,1
5,1.5,identity_events,250,negative_evidence,99.90589857346467,1,1,1
5,1.5,identity_events,250,threshold,73.21979132744336,1,1,0
5,1.5,identity_events,250,provenance,73.21979132744336,1,1,0
5,1.5,identity_events,250,lookup,99.9100070088659,1,1,1
5,1.5,identity_events,250,rare_event,74.00790667832693,1,1,0
5,1.5,identity_events,250,latest_state,99.84563555167821,1,1,1
5,1.5,identity_events,250,aggregation,99.63536957474605,1,1,1
5,1.5,identity_events,250,join,99.76792395698124,1,1,1
5,1.5,identity_events,250,negative_evidence,99.9584973499711,1,1,1
5,1.5,identity_events,250,threshold,74.00790667832693,1,1,0
5,1.5,identity_events,250,provenance,74.00790667832693,1,1,0
5,1.5,identity_events,500,lookup,72.62887586325985,1,1,0
5,1.5,identity_events,500,rare_event,72.62887586325985,1,1,0
5,1.5,identity_events,500,latest_state,99.92340704125532,1,1,1
5,1.5,identity_events,500,aggregation,99.6275230388018,1,1,1
5,1.5,identity_events,500,join,99.89385042232065,1,1,1
5,1.5,identity_events,500,negative_evidence,99.95773085679235,1,1,1
5,1.5,identity_events,500,threshold,72.62887586325985,1,1,0
5,1.5,identity_events,500,provenance,72.62887586325985,1,1,0
5,1.5,identity_events,500,lookup,74.62183484429804,1,1,0
5,1.5,identity_events,500,rare_event,74.62183484429804,1,1,0
5,1.5,identity_events,500,latest_state,99.91340174277667,1,1,1
5,1.5,identity_events,500,aggregation,99.63463379112754,1,1,1
5,1.5,identity_events,500,join,99.90354416882103,1,1,1
5,1.5,identity_events,500,negative_evidence,99.97509107656367,1,1,1
5,1.5,identity_events,500,threshold,74.62183484429804,1,1,0
5,1.5,identity_events,500,provenance,74.62183484429804,1,1,0
5,1.5,identity_events,500,lookup,99.95288831672602,1,1,1
5,1.5,identity_events,500,rare_event,73.6149165117451,1,1,0
5,1.5,identity_events,500,latest_state,99.92250392773809,1,1,1
5,1.5,identity_events,500,aggregation,99.68133445695581,1,1,1
5,1.5,identity_events,500,join,99.84500785547617,1,1,1
5,1.5,identity_events,500,negative_evidence,99.96696888723264,1,1,1
5,1.5,identity_events,500,threshold,73.6149165117451,1,1,0
5,1.5,identity_events,500,provenance,73.6149165117451,1,1,0
5,1.5,identity_events,500,lookup,99.95384792892581,1,1,1
5,1.5,identity_events,500,rare_event,72.60811069722442,1,1,0
5,1.5,identity_events,500,latest_state,99.9129885265528,1,1,1
5,1.5,identity_events,500,aggregation,99.6353351264895,1,1,1
5,1.5,identity_events,500,join,99.85540429108407,1,1,1
5,1.5,identity_events,500,negative_evidence,99.9624220522217,1,1,1
5,1.5,identity_events,500,threshold,72.60811069722442,1,1,0
5,1.5,identity_events,500,provenance,72.60811069722442,1,1,0
5,1.5,identity_events,500,lookup,73.6269973811261,1,1,0
5,1.5,identity_events,500,rare_event,73.6269973811261,1,1,0
5,1.5,identity_events,500,latest_state,99.87345109970465,1,1,1
5,1.5,identity_events,500,aggregation,99.56613318451042,1,1,1
5,1.5,identity_events,500,join,99.87535727560868,1,1,1
5,1.5,identity_events,500,negative_evidence,99.97892616639433,1,1,1
5,1.5,identity_events,500,threshold,73.6269973811261,1,1,0
5,1.5,identity_events,500,provenance,73.6269973811261,1,1,0
5,1.5,cloud_inventory,50,lookup,99.53654674901176,1,1,1
5,1.5,cloud_inventory,50,rare_event,60.43975632005536,1,1,0
5,1.5,cloud_inventory,50,latest_state,98.75538685764016,1,1,1
5,1.5,cloud_inventory,50,aggregation,99.5428379696134,1,1,1
5,1.5,cloud_inventory,50,join,98.56350462928982,1,1,1
5,1.5,cloud_inventory,50,negative_evidence,99.70955531555714,1,1,1
5,1.5,cloud_inventory,50,threshold,60.43975632005536,1,1,0
5,1.5,cloud_inventory,50,provenance,60.43975632005536,1,1,0
5,1.5,cloud_inventory,50,lookup,68.37391987431265,1,1,0
5,1.5,cloud_inventory,50,rare_event,68.37391987431265,1,1,0
5,1.5,cloud_inventory,50,latest_state,99.33595181984812,1,1,1
5,1.5,cloud_inventory,50,aggregation,99.63341188792879,1,1,1
5,1.5,cloud_inventory,50,join,99.05629746006808,1,1,1
5,1.5,cloud_inventory,50,negative_evidence,99.83241686305315,1,1,1
5,1.5,cloud_inventory,50,threshold,68.37391987431265,1,1,0
5,1.5,cloud_inventory,50,provenance,68.37391987431265,1,1,0
5,1.5,cloud_inventory,50,lookup,99.52992529169813,1,1,1
5,1.5,cloud_inventory,50,rare_event,68.29933685889364,1,1,0
5,1.5,cloud_inventory,50,latest_state,99.13539830437338,1,1,1
5,1.5,cloud_inventory,50,aggregation,99.5026441702342,1,1,1
5,1.5,cloud_inventory,50,join,98.85419289851423,1,1,1
5,1.5,cloud_inventory,50,negative_evidence,99.75027281121463,1,1,1
5,1.5,cloud_inventory,50,threshold,68.29933685889364,1,1,0
5,1.5,cloud_inventory,50,provenance,68.29933685889364,1,1,0
5,1.5,cloud_inventory,50,lookup,99.53998658730823,1,1,1
5,1.5,cloud_inventory,50,rare_event,58.38293234973594,1,1,0
5,1.5,cloud_inventory,50,latest_state,99.24134462234889,1,1,1
5,1.5,cloud_inventory,50,aggregation,99.59237991449409,1,1,1
5,1.5,cloud_inventory,50,join,99.15437169922039,1,1,1
5,1.5,cloud_inventory,50,negative_evidence,99.75060776259535,1,1,1
5,1.5,cloud_inventory,50,threshold,58.38293234973594,1,1,0
5,1.5,cloud_inventory,50,provenance,58.38293234973594,1,1,0
5,1.5,cloud_inventory,50,lookup,99.51462430660615,1,1,1
5,1.5,cloud_inventory,50,rare_event,64.13157673558581,1,1,0
5,1.5,cloud_inventory,50,latest_state,99.2404185577408,1,1,1
5,1.5,cloud_inventory,50,aggregation,99.54824340225248,1,1,1
5,1.5,cloud_inventory,50,join,99.43688014792403,1,1,1
5,1.5,cloud_inventory,50,negative_evidence,99.71108589678937,1,1,1
5,1.5,cloud_inventory,50,threshold,64.13157673558581,1,1,0
5,1.5,cloud_inventory,50,provenance,64.13157673558581,1,1,0
5,1.5,cloud_inventory,100,lookup,99.76916996047431,1,1,1
5,1.5,cloud_inventory,100,rare_event,67.11462450592886,1,1,0
5,1.5,cloud_inventory,100,latest_state,99.46982872200265,1,1,1
5,1.5,cloud_inventory,100,aggregation,99.67009222661397,1,1,1
5,1.5,cloud_inventory,100,join,99.3270092226614,1,1,1
5,1.5,cloud_inventory,100,negative_evidence,99.81080368906456,1,1,1
5,1.5,cloud_inventory,100,threshold,67.11462450592886,1,1,0
5,1.5,cloud_inventory,100,provenance,67.11462450592886,1,1,0
5,1.5,cloud_inventory,100,lookup,99.76363828215679,1,1,1
5,1.5,cloud_inventory,100,rare_event,72.07502374169042,1,1,0
5,1.5,cloud_inventory,100,latest_state,99.51936266751082,1,1,1
5,1.5,cloud_inventory,100,aggregation,99.72617917062362,1,1,1
5,1.5,cloud_inventory,100,join,99.23024163764904,1,1,1
5,1.5,cloud_inventory,100,negative_evidence,99.81587000105519,1,1,1
5,1.5,cloud_inventory,100,threshold,72.07502374169042,1,1,0
5,1.5,cloud_inventory,100,provenance,72.07502374169042,1,1,0
5,1.5,cloud_inventory,100,lookup,74.15302365141501,1,1,0
5,1.5,cloud_inventory,100,rare_event,74.15302365141501,1,1,0
5,1.5,cloud_inventory,100,latest_state,99.66242452097565,1,1,1
5,1.5,cloud_inventory,100,aggregation,99.56521968820493,1,1,1
5,1.5,cloud_inventory,100,join,99.32643390335515,1,1,1
5,1.5,cloud_inventory,100,negative_evidence,99.85524932511318,1,1,1
5,1.5,cloud_inventory,100,threshold,74.15302365141501,1,1,0
5,1.5,cloud_inventory,100,provenance,74.15302365141501,1,1,0
5,1.5,cloud_inventory,100,lookup,99.76704719139023,1,1,1
5,1.5,cloud_inventory,100,rare_event,73.14033035027248,1,1,0
5,1.5,cloud_inventory,100,latest_state,99.61736710622016,1,1,1
5,1.5,cloud_inventory,100,aggregation,99.5989206168506,1,1,1
5,1.5,cloud_inventory,100,join,99.42394248911657,1,1,1
5,1.5,cloud_inventory,100,negative_evidence,99.83029229780013,1,1,1
5,1.5,cloud_inventory,100,threshold,73.14033035027248,1,1,0
5,1.5,cloud_inventory,100,provenance,73.14033035027248,1,1,0
5,1.5,cloud_inventory,100,lookup,99.76552043924082,1,1,1
5,1.5,cloud_inventory,100,rare_event,73.05540040678251,1,1,0
5,1.5,cloud_inventory,100,latest_state,99.61587505664394,1,1,1
5,1.5,cloud_inventory,100,aggregation,99.69227850902614,1,1,1
5,1.5,cloud_inventory,100,join,99.57214066665964,1,1,1
5,1.5,cloud_inventory,100,negative_evidence,99.8566776617382,1,1,1
5,1.5,cloud_inventory,100,threshold,73.05540040678251,1,1,0
5,1.5,cloud_inventory,100,provenance,73.05540040678251,1,1,0
5,1.5,cloud_inventory,250,lookup,99.90948618606933,1,1,1
5,1.5,cloud_inventory,250,rare_event,74.46431894699444,1,1,0
5,1.5,cloud_inventory,250,latest_state,99.76715955808957,1,1,1
5,1.5,cloud_inventory,250,aggregation,99.65317136718154,1,1,1
5,1.5,cloud_inventory,250,join,99.72993892432368,1,1,1
5,1.5,cloud_inventory,250,negative_evidence,99.9236554046052,1,1,1
5,1.5,cloud_inventory,250,threshold,74.46431894699444,1,1,0
5,1.5,cloud_inventory,250,provenance,74.46431894699444,1,1,0
5,1.5,cloud_inventory,250,lookup,99.90882957052594,1,1,1
5,1.5,cloud_inventory,250,rare_event,74.01960058467533,1,1,0
5,1.5,cloud_inventory,250,latest_state,99.86525391281907,1,1,1
5,1.5,cloud_inventory,250,aggregation,99.58687738106067,1,1,1
5,1.5,cloud_inventory,250,join,99.77027590160363,1,1,1
5,1.5,cloud_inventory,250,negative_evidence,99.91686779864662,1,1,1
5,1.5,cloud_inventory,250,threshold,74.01960058467533,1,1,0
5,1.5,cloud_inventory,250,provenance,74.01960058467533,1,1,0
5,1.5,cloud_inventory,250,lookup,72.06983282176469,1,1,0
5,1.5,cloud_inventory,250,rare_event,72.06983282176469,1,1,0
5,1.5,cloud_inventory,250,latest_state,99.78782769832188,1,1,1
5,1.5,cloud_inventory,250,aggregation,99.67042428114205,1,1,1
5,1.5,cloud_inventory,250,join,99.82717370840376,1,1,1
5,1.5,cloud_inventory,250,negative_evidence,99.91644261299814,1,1,1
5,1.5,cloud_inventory,250,threshold,72.06983282176469,1,1,0
5,1.5,cloud_inventory,250,provenance,72.06983282176469,1,1,0
5,1.5,cloud_inventory,250,lookup,99.90565379172334,1,1,1
5,1.5,cloud_inventory,250,rare_event,77.63402555809166,1,1,0
5,1.5,cloud_inventory,250,latest_state,99.78740372350214,1,1,1
5,1.5,cloud_inventory,250,aggregation,99.62621132281423,1,1,1
5,1.5,cloud_inventory,250,join,99.84726914265526,1,1,1
5,1.5,cloud_inventory,250,negative_evidence,99.91623072090235,1,1,1
5,1.5,cloud_inventory,250,threshold,77.63402555809166,1,1,0
5,1.5,cloud_inventory,250,provenance,77.63402555809166,1,1,0
5,1.5,cloud_inventory,250,lookup,74.05297901150982,1,1,0
5,1.5,cloud_inventory,250,rare_event,74.05297901150982,1,1,0
5,1.5,cloud_inventory,250,latest_state,99.86649458361543,1,1,1
5,1.5,cloud_inventory,250,aggregation,99.63502877454299,1,1,1
5,1.5,cloud_inventory,250,join,99.86734089370344,1,1,1
5,1.5,cloud_inventory,250,negative_evidence,99.92383209207854,1,1,1
5,1.5,cloud_inventory,250,threshold,74.05297901150982,1,1,0
5,1.5,cloud_inventory,250,provenance,74.05297901150982,1,1,0
5,1.5,cloud_inventory,500,lookup,99.95406668585846,1,1,1
5,1.5,cloud_inventory,500,rare_event,72.40963625895382,1,1,0
5,1.5,cloud_inventory,500,latest_state,99.91289604253805,1,1,1
5,1.5,cloud_inventory,500,aggregation,99.60586253026942,1,1,1
5,1.5,cloud_inventory,500,join,99.88453169187001,1,1,1
5,1.5,cloud_inventory,500,negative_evidence,99.9626394933365,1,1,1
5,1.5,cloud_inventory,500,threshold,72.40963625895382,1,1,0
5,1.5,cloud_inventory,500,provenance,72.40963625895382,1,1,0
5,1.5,cloud_inventory,500,lookup,99.95286750897901,1,1,1
5,1.5,cloud_inventory,500,rare_event,73.42956128653695,1,1,0
5,1.5,cloud_inventory,500,latest_state,99.922999278714,1,1,1
5,1.5,cloud_inventory,500,aggregation,99.71423941398956,1,1,1
5,1.5,cloud_inventory,500,join,99.8646397224161,1,1,1
5,1.5,cloud_inventory,500,negative_evidence,99.97479206098203,1,1,1
5,1.5,cloud_inventory,500,threshold,73.42956128653695,1,1,0
5,1.5,cloud_inventory,500,provenance,73.42956128653695,1,1,0
5,1.5,cloud_inventory,500,lookup,99.95458347007697,1,1,1
5,1.5,cloud_inventory,500,rare_event,74.03529573677469,1,1,0
5,1.5,cloud_inventory,500,latest_state,99.87317248753428,1,1,1
5,1.5,cloud_inventory,500,aggregation,99.64725436432738,1,1,1
5,1.5,cloud_inventory,500,join,99.92398818535025,1,1,1
5,1.5,cloud_inventory,500,negative_evidence,99.96188822663801,1,1,1
5,1.5,cloud_inventory,500,threshold,74.03529573677469,1,1,0
5,1.5,cloud_inventory,500,provenance,74.03529573677469,1,1,0
5,1.5,cloud_inventory,500,lookup,99.95253573592917,1,1,1
5,1.5,cloud_inventory,500,rare_event,75.00476761581069,1,1,0
5,1.5,cloud_inventory,500,latest_state,99.93219390847025,1,1,1
5,1.5,cloud_inventory,500,aggregation,99.62537134429815,1,1,1
5,1.5,cloud_inventory,500,join,99.82561120834693,1,1,1
5,1.5,cloud_inventory,500,negative_evidence,99.96715642441528,1,1,1
5,1.5,cloud_inventory,500,threshold,75.00476761581069,1,1,0
5,1.5,cloud_inventory,500,provenance,75.00476761581069,1,1,0
5,1.5,cloud_inventory,500,lookup,99.95265908717825,1,1,1
5,1.5,cloud_inventory,500,rare_event,75.62641983022934,1,1,0
5,1.5,cloud_inventory,500,latest_state,99.90383546120322,1,1,1
5,1.5,cloud_inventory,500,aggregation,99.66893133449479,1,1,1
5,1.5,cloud_inventory,500,join,99.84600964822631,1,1,1
5,1.5,cloud_inventory,500,negative_evidence,99.96632122980465,1,1,1
5,1.5,cloud_inventory,500,threshold,75.62641983022934,1,1,0
5,1.5,cloud_inventory,500,provenance,75.62641983022934,1,1,0
5,1.5,issue_tracking,50,lookup,99.5400685182663,1,1,1
5,1.5,issue_tracking,50,rare_event,68.25634632107199,1,1,0
5,1.5,issue_tracking,50,latest_state,99.24043206319605,1,1,1
5,1.5,issue_tracking,50,aggregation,99.59350019382079,1,1,1
5,1.5,issue_tracking,50,join,99.34310469465369,1,1,1
5,1.5,issue_tracking,50,negative_evidence,68.25634632107199,1,1,0
5,1.5,issue_tracking,50,threshold,68.25634632107199,1,1,0
5,1.5,issue_tracking,50,provenance,68.25634632107199,1,1,0
5,1.5,issue_tracking,50,lookup,99.55150372000419,1,1,1
5,1.5,issue_tracking,50,rare_event,66.39002410143561,1,1,0
5,1.5,issue_tracking,50,latest_state,99.14387509169025,1,1,1
5,1.5,issue_tracking,50,aggregation,99.59341926019071,1,1,1
5,1.5,issue_tracking,50,join,99.24447238813791,1,1,1
5,1.5,issue_tracking,50,negative_evidence,99.75793775542282,1,1,1
5,1.5,issue_tracking,50,threshold,66.39002410143561,1,1,0
5,1.5,issue_tracking,50,provenance,66.39002410143561,1,1,0
5,1.5,issue_tracking,50,lookup,58.442933045492175,1,1,0
5,1.5,issue_tracking,50,rare_event,58.442933045492175,1,1,0
5,1.5,issue_tracking,50,latest_state,99.04425557779571,1,1,1
5,1.5,issue_tracking,50,aggregation,99.415235320625,1,1,1
5,1.5,issue_tracking,50,join,99.34606960586022,1,1,1
5,1.5,issue_tracking,50,negative_evidence,99.7558240675728,1,1,1
5,1.5,issue_tracking,50,threshold,58.442933045492175,1,1,0
5,1.5,issue_tracking,50,provenance,58.442933045492175,1,1,0
5,1.5,issue_tracking,50,lookup,99.54111619817914,1,1,1
5,1.5,issue_tracking,50,rare_event,60.48151368793806,1,1,0
5,1.5,issue_tracking,50,latest_state,99.23519366363188,1,1,1
5,1.5,issue_tracking,50,aggregation,99.5526406772203,1,1,1
5,1.5,issue_tracking,50,join,99.43634820689583,1,1,1
5,1.5,issue_tracking,50,negative_evidence,99.75169986065858,1,1,1
5,1.5,issue_tracking,50,threshold,60.48151368793806,1,1,0
5,1.5,issue_tracking,50,provenance,60.48151368793806,1,1,0
5,1.5,issue_tracking,50,lookup,99.53769559032717,1,1,1
5,1.5,issue_tracking,50,rare_event,62.409003430675256,1,1,0
5,1.5,issue_tracking,50,latest_state,99.24169525562715,1,1,1
5,1.5,issue_tracking,50,aggregation,99.51573090117982,1,1,1
5,1.5,issue_tracking,50,join,99.25110869383316,1,1,1
5,1.5,issue_tracking,50,negative_evidence,99.75629654422224,1,1,1
5,1.5,issue_tracking,50,threshold,62.409003430675256,1,1,0
5,1.5,issue_tracking,50,provenance,62.409003430675256,1,1,0
5,1.5,issue_tracking,100,lookup,99.77066034005536,1,1,1
5,1.5,issue_tracking,100,rare_event,72.15500197706604,1,1,0
5,1.5,issue_tracking,100,latest_state,99.51970475813893,1,1,1
5,1.5,issue_tracking,100,aggregation,99.4242783708976,1,1,1
5,1.5,issue_tracking,100,join,99.47383682614999,1,1,1
5,1.5,issue_tracking,100,negative_evidence,99.81020166073546,1,1,1
5,1.5,issue_tracking,100,threshold,72.15500197706604,1,1,0
5,1.5,issue_tracking,100,provenance,72.15500197706604,1,1,0
5,1.5,issue_tracking,100,lookup,99.77194380948862,1,1,1
5,1.5,issue_tracking,100,rare_event,75.11706356538403,1,1,0
5,1.5,issue_tracking,100,latest_state,99.42035718245023,1,1,1
5,1.5,issue_tracking,100,aggregation,99.49479218907548,1,1,1
5,1.5,issue_tracking,100,join,99.47737123007808,1,1,1
5,1.5,issue_tracking,100,negative_evidence,99.87488583992779,1,1,1
5,1.5,issue_tracking,100,threshold,75.11706356538403,1,1,0
5,1.5,issue_tracking,100,provenance,75.11706356538403,1,1,0
5,1.5,issue_tracking,100,lookup,63.15144989496575,1,1,0
5,1.5,issue_tracking,100,rare_event,63.15144989496575,1,1,0
5,1.5,issue_tracking,100,latest_state,99.56930677391772,1,1,1
5,1.5,issue_tracking,100,aggregation,99.6711741668514,1,1,1
5,1.5,issue_tracking,100,join,99.52602632717907,1,1,1
5,1.5,issue_tracking,100,negative_evidence,99.85485216032767,1,1,1
5,1.5,issue_tracking,100,threshold,63.15144989496575,1,1,0
5,1.5,issue_tracking,100,provenance,63.15144989496575,1,1,0
5,1.5,issue_tracking,100,lookup,99.77464758999584,1,1,1
5,1.5,issue_tracking,100,rare_event,71.13430898084768,1,1,0
5,1.5,issue_tracking,100,latest_state,99.420522374275,1,1,1
5,1.5,issue_tracking,100,aggregation,99.64851357128155,1,1,1
5,1.5,issue_tracking,100,join,99.62054242905621,1,1,1
5,1.5,issue_tracking,100,negative_evidence,99.83375641884939,1,1,1
5,1.5,issue_tracking,100,threshold,71.13430898084768,1,1,0
5,1.5,issue_tracking,100,provenance,71.13430898084768,1,1,0
5,1.5,issue_tracking,100,lookup,99.76530031012004,1,1,1
5,1.5,issue_tracking,100,rare_event,67.18951076981499,1,1,0
5,1.5,issue_tracking,100,latest_state,99.51899748950444,1,1,1
5,1.5,issue_tracking,100,aggregation,99.69146220543871,1,1,1
5,1.5,issue_tracking,100,join,99.42353536845215,1,1,1
5,1.5,issue_tracking,100,negative_evidence,99.8533786207042,1,1,1
5,1.5,issue_tracking,100,threshold,67.18951076981499,1,1,0
5,1.5,issue_tracking,100,provenance,67.18951076981499,1,1,0
5,1.5,issue_tracking,250,lookup,99.90925628225739,1,1,1
5,1.5,issue_tracking,250,rare_event,74.07162196463321,1,1,0
5,1.5,issue_tracking,250,latest_state,99.84579913698283,1,1,1
5,1.5,issue_tracking,250,aggregation,99.64358236737456,1,1,1
5,1.5,issue_tracking,250,join,99.84664523225315,1,1,1
5,1.5,issue_tracking,250,negative_evidence,99.9405618072595,1,1,1
5,1.5,issue_tracking,250,threshold,74.07162196463321,1,1,0
5,1.5,issue_tracking,250,provenance,74.07162196463321,1,1,0
5,1.5,issue_tracking,250,lookup,72.48819602131182,1,1,0
5,1.5,issue_tracking,250,rare_event,72.48819602131182,1,1,0
5,1.5,issue_tracking,250,latest_state,99.8248749636923,1,1,1
5,1.5,issue_tracking,250,aggregation,99.68536857883701,1,1,1
5,1.5,issue_tracking,250,join,99.72925584580517,1,1,1
5,1.5,issue_tracking,250,negative_evidence,99.95780885929149,1,1,1
5,1.5,issue_tracking,250,threshold,72.48819602131182,1,1,0
5,1.5,issue_tracking,250,provenance,72.48819602131182,1,1,0
5,1.5,issue_tracking,250,lookup,99.9063963880018,1,1,1
5,1.5,issue_tracking,250,rare_event,73.29247528610516,1,1,0
5,1.5,issue_tracking,250,latest_state,99.82634624018432,1,1,1
5,1.5,issue_tracking,250,aggregation,99.5851369323428,1,1,1
5,1.5,issue_tracking,250,join,99.76980288180532,1,1,1
5,1.5,issue_tracking,250,negative_evidence,99.95785719731303,1,1,1
5,1.5,issue_tracking,250,threshold,73.29247528610516,1,1,0
5,1.5,issue_tracking,250,provenance,73.29247528610516,1,1,0
5,1.5,issue_tracking,250,lookup,99.90571594438724,1,1,1
5,1.5,issue_tracking,250,rare_event,73.63627118213137,1,1,0
5,1.5,issue_tracking,250,latest_state,99.80740627741123,1,1,1
5,1.5,issue_tracking,250,aggregation,99.66926424536737,1,1,1
5,1.5,issue_tracking,250,join,99.88643538470014,1,1,1
5,1.5,issue_tracking,250,negative_evidence,99.95020954366517,1,1,1
5,1.5,issue_tracking,250,threshold,73.63627118213137,1,1,0
5,1.5,issue_tracking,250,provenance,73.63627118213137,1,1,0
5,1.5,issue_tracking,250,lookup,99.90828525192961,1,1,1
5,1.5,issue_tracking,250,rare_event,75.20016267188572,1,1,0
5,1.5,issue_tracking,250,latest_state,99.84664785772988,1,1,1
5,1.5,issue_tracking,250,aggregation,99.58442416694201,1,1,1
5,1.5,issue_tracking,250,join,99.80852163451355,1,1,1
5,1.5,issue_tracking,250,negative_evidence,99.95848477916445,1,1,1
5,1.5,issue_tracking,250,threshold,75.20016267188572,1,1,0
5,1.5,issue_tracking,250,provenance,75.20016267188572,1,1,0
5,1.5,issue_tracking,500,lookup,99.95348704153216,1,1,1
5,1.5,issue_tracking,500,rare_event,74.82854306368884,1,1,0
5,1.5,issue_tracking,500,latest_state,99.92318474968293,1,1,1
5,1.5,issue_tracking,500,aggregation,99.66434384413179,1,1,1
5,1.5,issue_tracking,500,join,99.88398248400388,1,1,1
5,1.5,issue_tracking,500,negative_evidence,99.9663072419299,1,1,1
5,1.5,issue_tracking,500,threshold,74.82854306368884,1,1,0
5,1.5,issue_tracking,500,provenance,74.82854306368884,1,1,0
5,1.5,issue_tracking,500,lookup,99.95281018027572,1,1,1
5,1.5,issue_tracking,500,rare_event,71.58441145281019,1,1,0
5,1.5,issue_tracking,500,latest_state,99.88356309650052,1,1,1
5,1.5,issue_tracking,500,aggregation,99.61367974549312,1,1,1
5,1.5,issue_tracking,500,join,99.91389183457052,1,1,1
5,1.5,issue_tracking,500,negative_evidence,99.95344644750796,1,1,1
5,1.5,issue_tracking,500,threshold,71.58441145281019,1,1,0
5,1.5,issue_tracking,500,provenance,71.58441145281019,1,1,0
5,1.5,issue_tracking,500,lookup,99.95368422391398,1,1,1
5,1.5,issue_tracking,500,rare_event,73.8407012865611,1,1,0
5,1.5,issue_tracking,500,latest_state,99.92252441116962,1,1,1
5,1.5,issue_tracking,500,aggregation,99.66826457860593,1,1,1
5,1.5,issue_tracking,500,join,99.87461884871911,1,1,1
5,1.5,issue_tracking,500,negative_evidence,99.97053595937778,1,1,1
5,1.5,issue_tracking,500,threshold,73.8407012865611,1,1,0
5,1.5,issue_tracking,500,provenance,73.8407012865611,1,1,0
5,1.5,issue_tracking,500,lookup,73.22549930255981,1,1,0
5,1.5,issue_tracking,500,rare_event,73.22549930255981,1,1,0
5,1.5,issue_tracking,500,latest_state,99.90361874541263,1,1,1
5,1.5,issue_tracking,500,aggregation,99.64773181015647,1,1,1
5,1.5,issue_tracking,500,join,99.92363639059616,1,1,1
5,1.5,issue_tracking,500,negative_evidence,99.97479259495408,1,1,1
5,1.5,issue_tracking,500,threshold,73.22549930255981,1,1,0
5,1.5,issue_tracking,500,provenance,73.22549930255981,1,1,0
5,1.5,issue_tracking,500,lookup,99.95400071860628,1,1,1
5,1.5,issue_tracking,500,rare_event,68.81990645399596,1,1,0
5,1.5,issue_tracking,500,latest_state,99.90301994821371,1,1,1
5,1.5,issue_tracking,500,aggregation,99.6476921397403,1,1,1
5,1.5,issue_tracking,500,join,99.89401087236472,1,1,1
5,1.5,issue_tracking,500,negative_evidence,99.96194990317893,1,1,1
5,1.5,issue_tracking,500,threshold,68.81990645399596,1,1,0
5,1.5,issue_tracking,500,provenance,68.81990645399596,1,1,0
5,1.5,commerce_orders,50,lookup,99.53336199574258,1,1,1
5,1.5,commerce_orders,50,rare_event,68.34935981460315,1,1,0
5,1.5,commerce_orders,50,latest_state,98.93879177458763,1,1,1
5,1.5,commerce_orders,50,aggregation,99.38445728427168,1,1,1
5,1.5,commerce_orders,50,join,99.34356091985362,1,1,1
5,1.5,commerce_orders,50,negative_evidence,99.66444008682612,1,1,1
5,1.5,commerce_orders,50,threshold,68.34935981460315,1,1,0
5,1.5,commerce_orders,50,provenance,68.34935981460315,1,1,0
5,1.5,commerce_orders,50,lookup,62.36247585453935,1,1,0
5,1.5,commerce_orders,50,rare_event,62.36247585453935,1,1,0
5,1.5,commerce_orders,50,latest_state,98.94809775762157,1,1,1
5,1.5,commerce_orders,50,aggregation,99.46984966826237,1,1,1
5,1.5,commerce_orders,50,join,98.85886453346771,1,1,1
5,1.5,commerce_orders,50,negative_evidence,99.50449315528681,1,1,1
5,1.5,commerce_orders,50,threshold,62.36247585453935,1,1,0
5,1.5,commerce_orders,50,provenance,62.36247585453935,1,1,0
5,1.5,commerce_orders,50,lookup,99.52892050402359,1,1,1
5,1.5,commerce_orders,50,rare_event,62.43114790217494,1,1,0
5,1.5,commerce_orders,50,latest_state,99.04315256051116,1,1,1
5,1.5,commerce_orders,50,aggregation,99.79646008414382,1,1,1
5,1.5,commerce_orders,50,join,99.4344947698635,1,1,1
5,1.5,commerce_orders,50,negative_evidence,99.5436089515596,1,1,1
5,1.5,commerce_orders,50,threshold,62.43114790217494,1,1,0
5,1.5,commerce_orders,50,provenance,62.43114790217494,1,1,0
5,1.5,commerce_orders,50,lookup,99.55011037989516,1,1,1
5,1.5,commerce_orders,50,rare_event,68.28068927274819,1,1,0
5,1.5,commerce_orders,50,latest_state,99.14102470207891,1,1,1
5,1.5,commerce_orders,50,aggregation,99.54069408552087,1,1,1
5,1.5,commerce_orders,50,join,98.86167463564172,1,1,1
5,1.5,commerce_orders,50,negative_evidence,99.71332614904948,1,1,1
5,1.5,commerce_orders,50,threshold,68.28068927274819,1,1,0
5,1.5,commerce_orders,50,provenance,68.28068927274819,1,1,0
5,1.5,commerce_orders,50,lookup,99.53637660485022,1,1,1
5,1.5,commerce_orders,50,rare_event,70.30712427624401,1,1,0
5,1.5,commerce_orders,50,latest_state,99.13988419904338,1,1,1
5,1.5,commerce_orders,50,aggregation,99.50805571872115,1,1,1
5,1.5,commerce_orders,50,join,99.14198204246036,1,1,1
5,1.5,commerce_orders,50,negative_evidence,99.75350339850634,1,1,1
5,1.5,commerce_orders,50,threshold,70.30712427624401,1,1,0
5,1.5,commerce_orders,50,provenance,70.30712427624401,1,1,0
5,1.5,commerce_orders,100,lookup,65.2427929870321,1,1,0
5,1.5,commerce_orders,100,rare_event,65.2427929870321,1,1,0
5,1.5,commerce_orders,100,latest_state,99.61506504979964,1,1,1
5,1.5,commerce_orders,100,aggregation,99.6108581104532,1,1,1
5,1.5,commerce_orders,100,join,99.66922939388522,1,1,1
5,1.5,commerce_orders,100,negative_evidence,65.2427929870321,1,1,0
5,1.5,commerce_orders,100,threshold,65.2427929870321,1,1,0
5,1.5,commerce_orders,100,provenance,65.2427929870321,1,1,0
5,1.5,commerce_orders,100,lookup,99.77300258071313,1,1,1
5,1.5,commerce_orders,100,rare_event,70.1848633275399,1,1,0
5,1.5,commerce_orders,100,latest_state,99.5681255595934,1,1,1
5,1.5,commerce_orders,100,aggregation,99.624479907305,1,1,1
5,1.5,commerce_orders,100,join,99.57181229262126,1,1,1
5,1.5,commerce_orders,100,negative_evidence,99.89519144677938,1,1,1
5,1.5,commerce_orders,100,threshold,70.1848633275399,1,1,0
5,1.5,commerce_orders,100,provenance,70.1848633275399,1,1,0
5,1.5,commerce_orders,100,lookup,99.7732151239142,1,1,1
5,1.5,commerce_orders,100,rare_event,70.14297995327176,1,1,0
5,1.5,commerce_orders,100,latest_state,99.51900510002268,1,1,1
5,1.5,commerce_orders,100,aggregation,99.5559235682227,1,1,1
5,1.5,commerce_orders,100,join,99.22945882799685,1,1,1
5,1.5,commerce_orders,100,negative_evidence,99.91666974320569,1,1,1
5,1.5,commerce_orders,100,threshold,70.14297995327176,1,1,0
5,1.5,commerce_orders,100,provenance,70.14297995327176,1,1,0
5,1.5,commerce_orders,100,lookup,99.76361329451467,1,1,1
5,1.5,commerce_orders,100,rare_event,77.12682225720347,1,1,0
5,1.5,commerce_orders,100,latest_state,99.61830654459496,1,1,1
5,1.5,commerce_orders,100,aggregation,99.48616163796508,1,1,1
5,1.5,commerce_orders,100,join,99.52459422037137,1,1,1
5,1.5,commerce_orders,100,negative_evidence,99.83363430081657,1,1,1
5,1.5,commerce_orders,100,threshold,77.12682225720347,1,1,0
5,1.5,commerce_orders,100,provenance,77.12682225720347,1,1,0
5,1.5,commerce_orders,100,lookup,99.76638717502505,1,1,1
5,1.5,commerce_orders,100,rare_event,74.19501133786848,1,1,0
5,1.5,commerce_orders,100,latest_state,99.41834097980278,1,1,1
5,1.5,commerce_orders,100,aggregation,99.64298897853715,1,1,1
5,1.5,commerce_orders,100,join,99.37984496124031,1,1,1
5,1.5,commerce_orders,100,negative_evidence,99.81068396350788,1,1,1
5,1.5,commerce_orders,100,threshold,74.19501133786848,1,1,0
5,1.5,commerce_orders,100,provenance,74.19501133786848,1,1,0
5,1.5,commerce_orders,250,lookup,72.83337808041368,1,1,0
5,1.5,commerce_orders,250,rare_event,72.83337808041368,1,1,0
5,1.5,commerce_orders,250,latest_state,99.84673244135138,1,1,1
5,1.5,commerce_orders,250,aggregation,99.64441926393519,1,1,1
5,1.5,commerce_orders,250,join,99.80889120962986,1,1,1
5,1.5,commerce_orders,250,negative_evidence,99.94165262594893,1,1,1
5,1.5,commerce_orders,250,threshold,72.83337808041368,1,1,0
5,1.5,commerce_orders,250,provenance,72.83337808041368,1,1,0
5,1.5,commerce_orders,250,lookup,99.90523712927728,1,1,1
5,1.5,commerce_orders,250,rare_event,75.63473143821693,1,1,0
5,1.5,commerce_orders,250,latest_state,99.86547056745614,1,1,1
5,1.5,commerce_orders,250,aggregation,99.62814034211934,1,1,1
5,1.5,commerce_orders,250,join,99.80962816149454,1,1,1
5,1.5,commerce_orders,250,negative_evidence,99.93273528372806,1,1,1
5,1.5,commerce_orders,250,threshold,75.63473143821693,1,1,0
5,1.5,commerce_orders,250,provenance,75.63473143821693,1,1,0
5,1.5,commerce_orders,250,lookup,99.91007137159144,1,1,1
5,1.5,commerce_orders,250,rare_event,68.80682695827522,1,1,0
5,1.5,commerce_orders,250,latest_state,99.90541624259147,1,1,1
5,1.5,commerce_orders,250,aggregation,99.63563035736578,1,1,1
5,1.5,commerce_orders,250,join,99.7113820020017,1,1,1
5,1.5,commerce_orders,250,negative_evidence,99.91599608122776,1,1,1
5,1.5,commerce_orders,250,threshold,68.80682695827522,1,1,0
5,1.5,commerce_orders,250,provenance,68.80682695827522,1,1,0
5,1.5,commerce_orders,250,lookup,73.62980621899852,1,1,0
5,1.5,commerce_orders,250,rare_event,73.62980621899852,1,1,0
5,1.5,commerce_orders,250,latest_state,99.74744432679647,1,1,1
5,1.5,commerce_orders,250,aggregation,99.5859777708739,1,1,1
5,1.5,commerce_orders,250,join,99.76921272373367,1,1,1
5,1.5,commerce_orders,250,negative_evidence,99.91630791080452,1,1,1
5,1.5,commerce_orders,250,threshold,73.62980621899852,1,1,0
5,1.5,commerce_orders,250,provenance,73.62980621899852,1,1,0
5,1.5,commerce_orders,250,lookup,99.90712336302283,1,1,1
5,1.5,commerce_orders,250,rare_event,74.81033279031884,1,1,0
5,1.5,commerce_orders,250,latest_state,99.74781560073625,1,1,1
5,1.5,commerce_orders,250,aggregation,99.5846996847695,1,1,1
5,1.5,commerce_orders,250,join,99.78843590665792,1,1,1
5,1.5,commerce_orders,250,negative_evidence,99.93229949013053,1,1,1
5,1.5,commerce_orders,250,threshold,74.81033279031884,1,1,0
5,1.5,commerce_orders,250,provenance,74.81033279031884,1,1,0
5,1.5,commerce_orders,500,lookup,99.9537261562637,1,1,1
5,1.5,commerce_orders,500,rare_event,72.8379949554098,1,1,0
5,1.5,commerce_orders,500,latest_state,99.91285269246,1,1,1
5,1.5,commerce_orders,500,aggregation,99.65310500668164,1,1,1
5,1.5,commerce_orders,500,join,99.91391159048601,1,1,1
5,1.5,commerce_orders,500,negative_evidence,99.98369297039956,1,1,1
5,1.5,commerce_orders,500,threshold,72.8379949554098,1,1,0
5,1.5,commerce_orders,500,provenance,72.8379949554098,1,1,0
5,1.5,commerce_orders,500,lookup,99.95393588722658,1,1,1
5,1.5,commerce_orders,500,rare_event,70.22542823740703,1,1,0
5,1.5,commerce_orders,500,latest_state,99.92312058419884,1,1,1
5,1.5,commerce_orders,500,aggregation,99.668020704495,1,1,1
5,1.5,commerce_orders,500,join,99.90437725555311,1,1,1
5,1.5,commerce_orders,500,negative_evidence,99.9624074481964,1,1,1
5,1.5,commerce_orders,500,threshold,70.22542823740703,1,1,0
5,1.5,commerce_orders,500,provenance,70.22542823740703,1,1,0
5,1.5,commerce_orders,500,lookup,99.95254694727521,1,1,1
5,1.5,commerce_orders,500,rare_event,72.24197667385877,1,1,0
5,1.5,commerce_orders,500,latest_state,99.93316322261308,1,1,1
5,1.5,commerce_orders,500,aggregation,99.61486763458184,1,1,1
5,1.5,commerce_orders,500,join,99.88433318398332,1,1,1
5,1.5,commerce_orders,500,negative_evidence,99.970341842047,1,1,1
5,1.5,commerce_orders,500,threshold,72.24197667385877,1,1,0
5,1.5,commerce_orders,500,provenance,72.24197667385877,1,1,0
5,1.5,commerce_orders,500,lookup,70.84381123881151,1,1,0
5,1.5,commerce_orders,500,rare_event,70.84381123881151,1,1,0
5,1.5,commerce_orders,500,latest_state,99.9331603198983,1,1,1
5,1.5,commerce_orders,500,aggregation,99.63487103437319,1,1,1
5,1.5,commerce_orders,500,join,99.89407340712886,1,1,1
5,1.5,commerce_orders,500,negative_evidence,99.962184206345,1,1,1
5,1.5,commerce_orders,500,threshold,70.84381123881151,1,1,0
5,1.5,commerce_orders,500,provenance,70.84381123881151,1,1,0
5,1.5,commerce_orders,500,lookup,99.95287474637082,1,1,1
5,1.5,commerce_orders,500,rare_event,74.63432921172688,1,1,0
5,1.5,commerce_orders,500,latest_state,99.94228480173506,1,1,1
5,1.5,commerce_orders,500,aggregation,99.6172794008633,1,1,1
5,1.5,commerce_orders,500,join,99.88393420679196,1,1,1
5,1.5,commerce_orders,500,negative_evidence,99.95795791979599,1,1,1
5,1.5,commerce_orders,500,threshold,74.63432921172688,1,1,0
5,1.5,commerce_orders,500,provenance,74.63432921172688,1,1,0
5,1.5,security_findings,50,lookup,99.52540246707088,1,1,1
5,1.5,security_findings,50,rare_event,66.40706669454318,1,1,0
5,1.5,security_findings,50,latest_state,99.13547982437801,1,1,1
5,1.5,security_findings,50,aggregation,99.63098473761238,1,1,1
5,1.5,security_findings,50,join,99.53376541919297,1,1,1
5,1.5,security_findings,50,negative_evidence,99.66548191511603,1,1,1
5,1.5,security_findings,50,threshold,66.40706669454318,1,1,0
5,1.5,security_findings,50,provenance,66.40706669454318,1,1,0
5,1.5,security_findings,50,lookup,99.5418553811073,1,1,1
5,1.5,security_findings,50,rare_event,70.22582973337657,1,1,0
5,1.5,security_findings,50,latest_state,98.94563978117841,1,1,1
5,1.5,security_findings,50,aggregation,99.63494869407864,1,1,1
5,1.5,security_findings,50,join,98.95923768082592,1,1,1
5,1.5,security_findings,50,negative_evidence,99.74896185266154,1,1,1
5,1.5,security_findings,50,threshold,70.22582973337657,1,1,0
5,1.5,security_findings,50,provenance,70.22582973337657,1,1,0
5,1.5,security_findings,50,lookup,99.54008297364119,1,1,1
5,1.5,security_findings,50,rare_event,52.54054393831454,1,1,0
5,1.5,security_findings,50,latest_state,99.03826006788753,1,1,1
5,1.5,security_findings,50,aggregation,99.46465239073042,1,1,1
5,1.5,security_findings,50,join,99.05502241964548,1,1,1
5,1.5,security_findings,50,negative_evidence,99.53798767967146,1,1,1
5,1.5,security_findings,50,threshold,52.54054393831454,1,1,0
5,1.5,security_findings,50,provenance,52.54054393831454,1,1,0
5,1.5,security_findings,50,lookup,64.29140127388536,1,1,0
5,1.5,security_findings,50,rare_event,64.29140127388536,1,1,0
5,1.5,security_findings,50,latest_state,98.84554140127389,1,1,1
5,1.5,security_findings,50,aggregation,99.59038719409989,1,1,1
5,1.5,security_findings,50,join,98.95030170968823,1,1,1
5,1.5,security_findings,50,negative_evidence,99.75067046597385,1,1,1
5,1.5,security_findings,50,threshold,64.29140127388536,1,1,0
5,1.5,security_findings,50,provenance,64.29140127388536,1,1,0
5,1.5,security_findings,50,lookup,99.5378454396219,1,1,1
5,1.5,security_findings,50,rare_event,70.35832662407596,1,1,0
5,1.5,security_findings,50,latest_state,99.14470038373467,1,1,1
5,1.5,security_findings,50,aggregation,99.50961427869383,1,1,1
5,1.5,security_findings,50,join,99.14470038373467,1,1,1
5,1.5,security_findings,50,negative_evidence,99.66436286452179,1,1,1
5,1.5,security_findings,50,threshold,70.35832662407596,1,1,0
5,1.5,security_findings,50,provenance,70.35832662407596,1,1,0
5,1.5,security_findings,100,lookup,99.76762159121378,1,1,1
5,1.5,security_findings,100,rare_event,69.18409942851736,1,1,0
5,1.5,security_findings,100,latest_state,99.4689995636333,1,1,1
5,1.5,security_findings,100,aggregation,99.59885808619032,1,1,1
5,1.5,security_findings,100,join,99.61883632042985,1,1,1
5,1.5,security_findings,100,negative_evidence,99.87382167848712,1,1,1
5,1.5,security_findings,100,threshold,69.18409942851736,1,1,0
5,1.5,security_findings,100,provenance,69.18409942851736,1,1,0
5,1.5,security_findings,100,lookup,66.23746629592179,1,1,0
5,1.5,security_findings,100,rare_event,66.23746629592179,1,1,0
5,1.5,security_findings,100,latest_state,99.51813700707785,1,1,1
5,1.5,security_findings,100,aggregation,99.71140883046849,1,1,1
5,1.5,security_findings,100,join,99.27852207617121,1,1,1
5,1.5,security_findings,100,negative_evidence,99.8119944388271,1,1,1
5,1.5,security_findings,100,threshold,66.23746629592179,1,1,0
5,1.5,security_findings,100,provenance,66.23746629592179,1,1,0
5,1.5,security_findings,100,lookup,99.76523592470667,1,1,1
5,1.5,security_findings,100,rare_event,70.1538364142821,1,1,0
5,1.5,security_findings,100,latest_state,99.42021186798345,1,1,1
5,1.5,security_findings,100,aggregation,99.56529079091753,1,1,1
5,1.5,security_findings,100,join,99.37642441124336,1,1,1
5,1.5,security_findings,100,negative_evidence,99.89554317548746,1,1,1
5,1.5,security_findings,100,threshold,70.1538364142821,1,1,0
5,1.5,security_findings,100,provenance,70.1538364142821,1,1,0
5,1.5,security_findings,100,lookup,99.76795091714638,1,1,1
5,1.5,security_findings,100,rare_event,73.09914441766729,1,1,0
5,1.5,security_findings,100,latest_state,99.61588247055975,1,1,1
5,1.5,security_findings,100,aggregation,99.56799932647885,1,1,1
5,1.5,security_findings,100,join,99.47328541511003,1,1,1
5,1.5,security_findings,100,negative_evidence,99.83425065510455,1,1,1
5,1.5,security_findings,100,threshold,73.09914441766729,1,1,0
5,1.5,security_findings,100,provenance,73.09914441766729,1,1,0
5,1.5,security_findings,100,lookup,68.19582640890253,1,1,0
5,1.5,security_findings,100,rare_event,68.19582640890253,1,1,0
5,1.5,security_findings,100,latest_state,99.325262427162,1,1,1
5,1.5,security_findings,100,aggregation,99.68971537959905,1,1,1
5,1.5,security_findings,100,join,99.42728821759891,1,1,1
5,1.5,security_findings,100,negative_evidence,99.8085701663967,1,1,1
5,1.5,security_findings,100,threshold,68.19582640890253,1,1,0
5,1.5,security_findings,100,provenance,68.19582640890253,1,1,0
5,1.5,security_findings,250,lookup,99.90617095061084,1,1,1
5,1.5,security_findings,250,rare_event,72.8487471497313,1,1,0
5,1.5,security_findings,250,latest_state,99.74725328137515,1,1,1
5,1.5,security_findings,250,aggregation,99.62785370276056,1,1,1
5,1.5,security_findings,250,join,99.71048243769562,1,1,1
5,1.5,security_findings,250,negative_evidence,99.88017776800979,1,1,1
5,1.5,security_findings,250,threshold,72.8487471497313,1,1,0
5,1.5,security_findings,250,provenance,72.8487471497313,1,1,0
5,1.5,security_findings,250,lookup,99.90598426028627,1,1,1
5,1.5,security_findings,250,rare_event,72.49585380024295,1,1,0
5,1.5,security_findings,250,latest_state,99.8265462420113,1,1,1
5,1.5,security_findings,250,aggregation,99.61823271536471,1,1,1
5,1.5,security_findings,250,join,99.92457613690382,1,1,1
5,1.5,security_findings,250,negative_evidence,99.9659853166429,1,1,1
5,1.5,security_findings,250,threshold,72.49585380024295,1,1,0
5,1.5,security_findings,250,provenance,72.49585380024295,1,1,0
5,1.5,security_findings,250,lookup,75.9966738746821,1,1,0
5,1.5,security_findings,250,rare_event,75.9966738746821,1,1,0
5,1.5,security_findings,250,latest_state,99.74800157419672,1,1,1
5,1.5,security_findings,250,aggregation,99.66886856726941,1,1,1
5,1.5,security_findings,250,join,99.84660045448582,1,1,1
5,1.5,security_findings,250,negative_evidence,99.95810605515612,1,1,1
5,1.5,security_findings,250,threshold,75.9966738746821,1,1,0
5,1.5,security_findings,250,provenance,75.9966738746821,1,1,0
5,1.5,security_findings,250,lookup,99.90837502902865,1,1,1
5,1.5,security_findings,250,rare_event,73.62657546393059,1,1,0
5,1.5,security_findings,250,latest_state,99.82625034306585,1,1,1
5,1.5,security_findings,250,aggregation,99.58747651318428,1,1,1
5,1.5,security_findings,250,join,99.76861528068063,1,1,1
5,1.5,security_findings,250,negative_evidence,99.94933181328773,1,1,1
5,1.5,security_findings,250,threshold,73.62657546393059,1,1,0
5,1.5,security_findings,250,provenance,73.62657546393059,1,1,0
5,1.5,security_findings,250,lookup,99.90379044501677,1,1,1
5,1.5,security_findings,250,rare_event,74.45752612459455,1,1,0
5,1.5,security_findings,250,latest_state,99.80546639431962,1,1,1
5,1.5,security_findings,250,aggregation,99.5942282724993,1,1,1
5,1.5,security_findings,250,join,99.71221713333587,1,1,1
5,1.5,security_findings,250,negative_evidence,99.93149033886908,1,1,1
5,1.5,security_findings,250,threshold,74.45752612459455,1,1,0
5,1.5,security_findings,250,provenance,74.45752612459455,1,1,0
5,1.5,security_findings,500,lookup,99.95341899298215,1,1,1
5,1.5,security_findings,500,rare_event,73.02165699228556,1,1,0
5,1.5,security_findings,500,latest_state,99.88259468913,1,1,1
5,1.5,security_findings,500,aggregation,99.61390697137703,1,1,1
5,1.5,security_findings,500,join,99.90281508081276,1,1,1
5,1.5,security_findings,500,negative_evidence,99.96601703806198,1,1,1
5,1.5,security_findings,500,threshold,73.02165699228556,1,1,0
5,1.5,security_findings,500,provenance,73.02165699228556,1,1,0
5,1.5,security_findings,500,lookup,99.9542077087568,1,1,1
5,1.5,security_findings,500,rare_event,73.40885007413488,1,1,0
5,1.5,security_findings,500,latest_state,99.92332699503159,1,1,1
5,1.5,security_findings,500,aggregation,99.62298032729326,1,1,1
5,1.5,security_findings,500,join,99.92322123916266,1,1,1
5,1.5,security_findings,500,negative_evidence,99.9792718496913,1,1,1
5,1.5,security_findings,500,threshold,73.40885007413488,1,1,0
5,1.5,security_findings,500,provenance,73.40885007413488,1,1,0
5,1.5,security_findings,500,lookup,99.95314410461874,1,1,1
5,1.5,security_findings,500,rare_event,72.19689629933619,1,1,0
5,1.5,security_findings,500,latest_state,99.89380740640456,1,1,1
5,1.5,security_findings,500,aggregation,99.6307586212732,1,1,1
5,1.5,security_findings,500,join,99.89412471495116,1,1,1
5,1.5,security_findings,500,negative_evidence,99.95779796330221,1,1,1
5,1.5,security_findings,500,threshold,72.19689629933619,1,1,0
5,1.5,security_findings,500,provenance,72.19689629933619,1,1,0
5,1.5,security_findings,500,lookup,99.95208483839475,1,1,1
5,1.5,security_findings,500,rare_event,74.2022866003611,1,1,0
5,1.5,security_findings,500,latest_state,99.90290040098539,1,1,1
5,1.5,security_findings,500,aggregation,99.60737068459449,1,1,1
5,1.5,security_findings,500,join,99.88322662602164,1,1,1
5,1.5,security_findings,500,negative_evidence,99.96604687223999,1,1,1
5,1.5,security_findings,500,threshold,74.2022866003611,1,1,0
5,1.5,security_findings,500,provenance,74.2022866003611,1,1,0
5,1.5,security_findings,500,lookup,99.95239384886212,1,1,1
5,1.5,security_findings,500,rare_event,72.00409201316891,1,1,0
5,1.5,security_findings,500,latest_state,99.91325101348207,1,1,1
5,1.5,security_findings,500,aggregation,99.58942339429741,1,1,1
5,1.5,security_findings,500,join,99.91282784769417,1,1,1
5,1.5,security_findings,500,negative_evidence,99.97450426127948,1,1,1
5,1.5,security_findings,500,threshold,72.00409201316891,1,1,0
5,1.5,security_findings,500,provenance,72.00409201316891,1,1,0
5,2.5,incident_ops,50,lookup,99.5561850802644,1,1,1
5,2.5,incident_ops,50,rare_event,68.2824467527017,1,1,0
5,2.5,incident_ops,50,latest_state,99.23302906305739,1,1,1
5,2.5,incident_ops,50,aggregation,99.47224845241843,1,1,1
5,2.5,incident_ops,50,join,98.95393977546952,1,1,1
5,2.5,incident_ops,50,negative_evidence,99.6222851746931,1,1,1
5,2.5,incident_ops,50,threshold,68.2824467527017,1,1,0
5,2.5,incident_ops,50,provenance,68.2824467527017,1,1,0
5,2.5,incident_ops,50,lookup,99.5290786092611,1,1,1
5,2.5,incident_ops,50,rare_event,74.32691803450626,1,1,0
5,2.5,incident_ops,50,latest_state,98.94278672190467,1,1,1
5,2.5,incident_ops,50,aggregation,99.38958519062354,1,1,1
5,2.5,incident_ops,50,join,99.53851801352981,1,1,1
5,2.5,incident_ops,50,negative_evidence,99.71472022654571,1,1,1
5,2.5,incident_ops,50,threshold,74.32691803450626,1,1,0
5,2.5,incident_ops,50,provenance,74.32691803450626,1,1,0
5,2.5,incident_ops,50,lookup,99.5384308747784,1,1,1
5,2.5,incident_ops,50,rare_event,64.2556673345432,1,1,0
5,2.5,incident_ops,50,latest_state,99.04644014812173,1,1,1
5,2.5,incident_ops,50,aggregation,99.47339158895171,1,1,1
5,2.5,incident_ops,50,join,99.34121497582007,1,1,1
5,2.5,incident_ops,50,negative_evidence,99.7954409558677,1,1,1
5,2.5,incident_ops,50,threshold,64.2556673345432,1,1,0
5,2.5,incident_ops,50,provenance,64.2556673345432,1,1,0
5,2.5,incident_ops,50,lookup,62.35153647960787,1,1,0
5,2.5,incident_ops,50,rare_event,62.35153647960787,1,1,0
5,2.5,incident_ops,50,latest_state,99.14535285615534,1,1,1
5,2.5,incident_ops,50,aggregation,99.50040847106139,1,1,1
5,2.5,incident_ops,50,join,99.34644630176585,1,1,1
5,2.5,incident_ops,50,negative_evidence,99.70673872515134,1,1,1
5,2.5,incident_ops,50,threshold,62.35153647960787,1,1,0
5,2.5,incident_ops,50,provenance,62.35153647960787,1,1,0
5,2.5,incident_ops,50,lookup,99.55134387186045,1,1,1
5,2.5,incident_ops,50,rare_event,62.43762841209275,1,1,0
5,2.5,incident_ops,50,latest_state,99.33540190364376,1,1,1
5,2.5,incident_ops,50,aggregation,99.80187848547108,1,1,1
5,2.5,incident_ops,50,join,99.24944442114973,1,1,1
5,2.5,incident_ops,50,negative_evidence,99.67084573776678,1,1,1
5,2.5,incident_ops,50,threshold,62.43762841209275,1,1,0
5,2.5,incident_ops,50,provenance,62.43762841209275,1,1,0
5,2.5,incident_ops,100,lookup,99.76806111774465,1,1,1
5,2.5,incident_ops,100,rare_event,74.11636040871963,1,1,0
5,2.5,incident_ops,100,latest_state,99.51710219047519,1,1,1
5,2.5,incident_ops,100,aggregation,99.57997400593848,1,1,1
5,2.5,incident_ops,100,join,99.42622864207445,1,1,1
5,2.5,incident_ops,100,negative_evidence,74.11636040871963,1,1,0
5,2.5,incident_ops,100,threshold,74.11636040871963,1,1,0
5,2.5,incident_ops,100,provenance,74.11636040871963,1,1,0
5,2.5,incident_ops,100,lookup,99.76548635172821,1,1,1
5,2.5,incident_ops,100,rare_event,78.10730583960111,1,1,0
5,2.5,incident_ops,100,latest_state,99.4205822699231,1,1,1
5,2.5,incident_ops,100,aggregation,99.6307994591397,1,1,1
5,2.5,incident_ops,100,join,99.27955717062453,1,1,1
5,2.5,incident_ops,100,negative_evidence,99.89700414096173,1,1,1
5,2.5,incident_ops,100,threshold,78.10730583960111,1,1,0
5,2.5,incident_ops,100,provenance,78.10730583960111,1,1,0
5,2.5,incident_ops,100,lookup,99.76551855255235,1,1,1
5,2.5,incident_ops,100,rare_event,74.08346272061851,1,1,0
5,2.5,incident_ops,100,latest_state,99.61711925810916,1,1,1
5,2.5,incident_ops,100,aggregation,99.58067957370851,1,1,1
5,2.5,incident_ops,100,join,99.37735669698026,1,1,1
5,2.5,incident_ops,100,negative_evidence,99.83364491904054,1,1,1
5,2.5,incident_ops,100,threshold,74.08346272061851,1,1,0
5,2.5,incident_ops,100,provenance,74.08346272061851,1,1,0
5,2.5,incident_ops,100,lookup,99.76578696108582,1,1,1
5,2.5,incident_ops,100,rare_event,71.22397413106435,1,1,0
5,2.5,incident_ops,100,latest_state,99.61861255149785,1,1,1
5,2.5,incident_ops,100,aggregation,99.63127271576349,1,1,1
5,2.5,incident_ops,100,join,99.42660006013578,1,1,1
5,2.5,incident_ops,100,negative_evidence,99.89819117903055,1,1,1
5,2.5,incident_ops,100,threshold,71.22397413106435,1,1,0
5,2.5,incident_ops,100,provenance,71.22397413106435,1,1,0
5,2.5,incident_ops,100,lookup,99.77490092470276,1,1,1
5,2.5,incident_ops,100,rare_event,75.10647291941875,1,1,0
5,2.5,incident_ops,100,latest_state,99.47054161162482,1,1,1
5,2.5,incident_ops,100,aggregation,99.58150594451783,1,1,1
5,2.5,incident_ops,100,join,99.38124174372524,1,1,1
5,2.5,incident_ops,100,negative_evidence,99.87582562747687,1,1,1
5,2.5,incident_ops,100,threshold,75.10647291941875,1,1,0
5,2.5,incident_ops,100,provenance,75.10647291941875,1,1,0
5,2.5,incident_ops,250,lookup,99.9061357154662,1,1,1
5,2.5,incident_ops,250,rare_event,80.77328914861069,1,1,0
5,2.5,incident_ops,250,latest_state,99.88515927264714,1,1,1
5,2.5,incident_ops,250,aggregation,99.69361680488518,1,1,1
5,2.5,incident_ops,250,join,99.75040151877921,1,1,1
5,2.5,incident_ops,250,negative_evidence,99.94236775306278,1,1,1
5,2.5,incident_ops,250,threshold,80.77328914861069,1,1,0
5,2.5,incident_ops,250,provenance,80.77328914861069,1,1,0
5,2.5,incident_ops,250,lookup,99.91005610886606,1,1,1
5,2.5,incident_ops,250,rare_event,83.62448425451576,1,1,0
5,2.5,incident_ops,250,latest_state,99.86678121784877,1,1,1
5,2.5,incident_ops,250,aggregation,99.6436185445636,1,1,1
5,2.5,incident_ops,250,join,99.73038045841686,1,1,1
5,2.5,incident_ops,250,negative_evidence,99.94102735439803,1,1,1
5,2.5,incident_ops,250,threshold,83.62448425451576,1,1,0
5,2.5,incident_ops,250,provenance,83.62448425451576,1,1,0
5,2.5,incident_ops,250,lookup,99.90821370731831,1,1,1
5,2.5,incident_ops,250,rare_event,83.58530401824703,1,1,0
5,2.5,incident_ops,250,latest_state,99.78632659809898,1,1,1
5,2.5,incident_ops,250,aggregation,99.50206466164138,1,1,1
5,2.5,incident_ops,250,join,99.7697923467614,1,1,1
5,2.5,incident_ops,250,negative_evidence,99.94954933566225,1,1,1
5,2.5,incident_ops,250,threshold,83.58530401824703,1,1,0
5,2.5,incident_ops,250,provenance,83.58530401824703,1,1,0
5,2.5,incident_ops,250,lookup,99.90985462471168,1,1,1
5,2.5,incident_ops,250,rare_event,82.43773409230378,1,1,0
5,2.5,incident_ops,250,latest_state,99.84637196605793,1,1,1
5,2.5,incident_ops,250,aggregation,99.57191527181159,1,1,1
5,2.5,incident_ops,250,join,99.63307023298135,1,1,1
5,2.5,incident_ops,250,negative_evidence,99.9005438347758,1,1,1
5,2.5,incident_ops,250,threshold,82.43773409230378,1,1,0
5,2.5,incident_ops,250,provenance,82.43773409230378,1,1,0
5,2.5,incident_ops,250,lookup,99.91144030271315,1,1,1
5,2.5,incident_ops,250,rare_event,82.01094072432511,1,1,0
5,2.5,incident_ops,250,latest_state,99.80762630350128,1,1,1
5,2.5,incident_ops,250,aggregation,99.58516773376158,1,1,1
5,2.5,incident_ops,250,join,99.69300717375921,1,1,1
5,2.5,incident_ops,250,negative_evidence,99.92542341281107,1,1,1
5,2.5,incident_ops,250,threshold,82.01094072432511,1,1,0
5,2.5,incident_ops,250,provenance,82.01094072432511,1,1,0
5,2.5,incident_ops,500,lookup,99.95354648215357,1,1,1
5,2.5,incident_ops,500,rare_event,80.21599825215988,1,1,0
5,2.5,incident_ops,500,latest_state,99.90348698346976,1,1,1
5,2.5,incident_ops,500,aggregation,99.63505352760377,1,1,1
5,2.5,incident_ops,500,join,99.87432096199083,1,1,1
5,2.5,incident_ops,500,negative_evidence,99.97528842543785,1,1,1
5,2.5,incident_ops,500,threshold,80.21599825215988,1,1,0
5,2.5,incident_ops,500,provenance,80.21599825215988,1,1,0
5,2.5,incident_ops,500,lookup,81.98858651196889,1,1,0
5,2.5,incident_ops,500,rare_event,81.98858651196889,1,1,0
5,2.5,incident_ops,500,latest_state,99.90324315779534,1,1,1
5,2.5,incident_ops,500,aggregation,99.61254825906644,1,1,1
5,2.5,incident_ops,500,join,99.87512850518105,1,1,1
5,2.5,incident_ops,500,negative_evidence,99.97517423127644,1,1,1
5,2.5,incident_ops,500,threshold,81.98858651196889,1,1,0
5,2.5,incident_ops,500,provenance,81.98858651196889,1,1,0
5,2.5,incident_ops,500,lookup,99.95469890152793,1,1,1
5,2.5,incident_ops,500,rare_event,86.77961174730686,1,1,0
5,2.5,incident_ops,500,latest_state,99.90388104164943,1,1,1
5,2.5,incident_ops,500,aggregation,99.63493892308574,1,1,1
5,2.5,incident_ops,500,join,99.91417192350373,1,1,1
5,2.5,incident_ops,500,negative_evidence,99.97506848210553,1,1,1
5,2.5,incident_ops,500,threshold,86.77961174730686,1,1,0
5,2.5,incident_ops,500,provenance,86.77961174730686,1,1,0
5,2.5,incident_ops,500,lookup,99.95289494511836,1,1,1
5,2.5,incident_ops,500,rare_event,81.21187302004935,1,1,0
5,2.5,incident_ops,500,latest_state,99.91342854778512,1,1,1
5,2.5,incident_ops,500,aggregation,99.65562385552752,1,1,1
5,2.5,incident_ops,500,join,99.90430459571344,1,1,1
5,2.5,incident_ops,500,negative_evidence,99.96647478075992,1,1,1
5,2.5,incident_ops,500,threshold,81.21187302004935,1,1,0
5,2.5,incident_ops,500,provenance,81.21187302004935,1,1,0
5,2.5,incident_ops,500,lookup,99.95364703436483,1,1,1
5,2.5,incident_ops,500,rare_event,80.39704444156874,1,1,0
5,2.5,incident_ops,500,latest_state,99.88257955844823,1,1,1
5,2.5,incident_ops,500,aggregation,99.6559061315321,1,1,1
5,2.5,incident_ops,500,join,99.89467163644001,1,1,1
5,2.5,incident_ops,500,negative_evidence,99.96679982095239,1,1,1
5,2.5,incident_ops,500,threshold,80.39704444156874,1,1,0
5,2.5,incident_ops,500,provenance,80.39704444156874,1,1,0
5,2.5,identity_events,50,lookup,99.55625491738789,1,1,1
5,2.5,identity_events,50,rare_event,66.29635457644899,1,1,0
5,2.5,identity_events,50,latest_state,99.23734592184633,1,1,1
5,2.5,identity_events,50,aggregation,99.6338840807763,1,1,1
5,2.5,identity_events,50,join,99.33910306845004,1,1,1
5,2.5,identity_events,50,negative_evidence,99.70626803042224,1,1,1
5,2.5,identity_events,50,threshold,66.29635457644899,1,1,0
5,2.5,identity_events,50,provenance,66.29635457644899,1,1,0
5,2.5,identity_events,50,lookup,99.53801671939492,1,1,1
5,2.5,identity_events,50,rare_event,70.40164260721993,1,1,0
5,2.5,identity_events,50,latest_state,99.33478597917409,1,1,1
5,2.5,identity_events,50,aggregation,99.59249093842318,1,1,1
5,2.5,identity_events,50,join,99.33583356030925,1,1,1
5,2.5,identity_events,50,negative_evidence,99.75067568983218,1,1,1
5,2.5,identity_events,50,threshold,70.40164260721993,1,1,0
5,2.5,identity_events,50,provenance,70.40164260721993,1,1,0
5,2.5,identity_events,50,lookup,99.54678976080571,1,1,1
5,2.5,identity_events,50,rare_event,58.385438522870324,1,1,0
5,2.5,identity_events,50,latest_state,99.13869072597566,1,1,1
5,2.5,identity_events,50,aggregation,99.46705832983635,1,1,1
5,2.5,identity_events,50,join,99.15337809483844,1,1,1
5,2.5,identity_events,50,negative_evidence,99.79122954259337,1,1,1
5,2.5,identity_events,50,threshold,58.385438522870324,1,1,0
5,2.5,identity_events,50,provenance,58.385438522870324,1,1,0
5,2.5,identity_events,50,lookup,99.54488386691777,1,1,1
5,2.5,identity_events,50,rare_event,66.27537141661435,1,1,0
5,2.5,identity_events,50,latest_state,99.03850177861477,1,1,1
5,2.5,identity_events,50,aggregation,99.54802259887006,1,1,1
5,2.5,identity_events,50,join,98.65557648043523,1,1,1
5,2.5,identity_events,50,negative_evidence,66.27537141661435,1,1,0
5,2.5,identity_events,50,threshold,66.27537141661435,1,1,0
5,2.5,identity_events,50,provenance,66.27537141661435,1,1,0
5,2.5,identity_events,50,lookup,99.54329290009008,1,1,1
5,2.5,identity_events,50,rare_event,64.28885676575953,1,1,0
5,2.5,identity_events,50,latest_state,98.94412670479542,1,1,1
5,2.5,identity_events,50,aggregation,99.63128234135714,1,1,1
5,2.5,identity_events,50,join,99.1431504409947,1,1,1
5,2.5,identity_events,50,negative_evidence,99.58624012737519,1,1,1
5,2.5,identity_events,50,threshold,64.28885676575953,1,1,0
5,2.5,identity_events,50,provenance,64.28885676575953,1,1,0
5,2.5,identity_events,100,lookup,99.76752767527675,1,1,1
5,2.5,identity_events,100,rare_event,78.0764364786505,1,1,0
5,2.5,identity_events,100,latest_state,99.66684238270955,1,1,1
5,2.5,identity_events,100,aggregation,99.73115445440169,1,1,1
5,2.5,identity_events,100,join,99.52240379546653,1,1,1
5,2.5,identity_events,100,negative_evidence,99.85608856088561,1,1,1
5,2.5,identity_events,100,threshold,78.0764364786505,1,1,0
5,2.5,identity_events,100,provenance,78.0764364786505,1,1,0
5,2.5,identity_events,100,lookup,99.76336861676279,1,1,1
5,2.5,identity_events,100,rare_event,75.16321227102745,1,1,0
5,2.5,identity_events,100,latest_state,99.51775791764382,1,1,1
5,2.5,identity_events,100,aggregation,99.69259047981238,1,1,1
5,2.5,identity_events,100,join,99.22830702921975,1,1,1
5,2.5,identity_events,100,negative_evidence,99.83361855866134,1,1,1
5,2.5,identity_events,100,threshold,75.16321227102745,1,1,0
5,2.5,identity_events,100,provenance,75.16321227102745,1,1,0
5,2.5,identity_events,100,lookup,99.76408497163214,1,1,1
5,2.5,identity_events,100,rare_event,82.08892993798655,1,1,0
5,2.5,identity_events,100,latest_state,99.37247658002374,1,1,1
5,2.5,identity_events,100,aggregation,99.74772397413906,1,1,1
5,2.5,identity_events,100,join,99.57039187227866,1,1,1
5,2.5,identity_events,100,negative_evidence,99.812112415886,1,1,1
5,2.5,identity_events,100,threshold,82.08892993798655,1,1,0
5,2.5,identity_events,100,provenance,82.08892993798655,1,1,0
5,2.5,identity_events,100,lookup,99.7727368598667,1,1,1
5,2.5,identity_events,100,rare_event,73.15711212351303,1,1,0
5,2.5,identity_events,100,latest_state,99.51858179363875,1,1,1
5,2.5,identity_events,100,aggregation,99.55654686577238,1,1,1
5,2.5,identity_events,100,join,99.4178688939509,1,1,1
5,2.5,identity_events,100,negative_evidence,99.78750105458533,1,1,1
5,2.5,identity_events,100,threshold,73.15711212351303,1,1,0
5,2.5,identity_events,100,provenance,73.15711212351303,1,1,0
5,2.5,identity_events,100,lookup,99.77314692693221,1,1,1
5,2.5,identity_events,100,rare_event,81.1147454497494,1,1,0
5,2.5,identity_events,100,latest_state,99.66235821682933,1,1,1
5,2.5,identity_events,100,aggregation,99.45344236349248,1,1,1
5,2.5,identity_events,100,join,99.2286995515695,1,1,1
5,2.5,identity_events,100,negative_evidence,99.81324188868372,1,1,1
5,2.5,identity_events,100,threshold,81.1147454497494,1,1,0
5,2.5,identity_events,100,provenance,81.1147454497494,1,1,0
5,2.5,identity_events,250,lookup,82.400557294159,1,1,0
5,2.5,identity_events,250,rare_event,82.400557294159,1,1,0
5,2.5,identity_events,250,latest_state,99.78720340813328,1,1,1
5,2.5,identity_events,250,aggregation,99.60913183225276,1,1,1
5,2.5,identity_events,250,join,99.7499375373188,1,1,1
5,2.5,identity_events,250,negative_evidence,99.95087680665365,1,1,1
5,2.5,identity_events,250,threshold,82.400557294159,1,1,0
5,2.5,identity_events,250,provenance,82.400557294159,1,1,0
5,2.5,identity_events,250,lookup,81.63729223240762,1,1,0
5,2.5,identity_events,250,rare_event,81.63729223240762,1,1,0
5,2.5,identity_events,250,latest_state,99.7673891923812,1,1,1
5,2.5,identity_events,250,aggregation,99.63552701481386,1,1,1
5,2.5,identity_events,250,join,99.82771137634057,1,1,1
5,2.5,identity_events,250,negative_evidence,99.9242268706756,1,1,1
5,2.5,identity_events,250,threshold,81.63729223240762,1,1,0
5,2.5,identity_events,250,provenance,81.63729223240762,1,1,0
5,2.5,identity_events,250,lookup,99.90554009462934,1,1,1
5,2.5,identity_events,250,rare_event,81.62013563256367,1,1,0
5,2.5,identity_events,250,latest_state,99.78651214212192,1,1,1
5,2.5,identity_events,250,aggregation,99.62681983573295,1,1,1
5,2.5,identity_events,250,join,99.76999224835754,1,1,1
5,2.5,identity_events,250,negative_evidence,99.9324378703739,1,1,1
5,2.5,identity_events,250,threshold,81.62013563256367,1,1,0
5,2.5,identity_events,250,provenance,81.62013563256367,1,1,0
5,2.5,identity_events,250,lookup,99.9090705316625,1,1,1
5,2.5,identity_events,250,rare_event,83.6071085697852,1,1,0
5,2.5,identity_events,250,latest_state,99.78747880074604,1,1,1
5,2.5,identity_events,250,aggregation,99.61006060554797,1,1,1
5,2.5,identity_events,250,join,99.88580950487848,1,1,1
5,2.5,identity_events,250,negative_evidence,99.90589857346467,1,1,1
5,2.5,identity_events,250,threshold,83.6071085697852,1,1,0
5,2.5,identity_events,250,provenance,83.6071085697852,1,1,0
5,2.5,identity_events,250,lookup,99.9100070088659,1,1,1
5,2.5,identity_events,250,rare_event,80.01943848608497,1,1,0
5,2.5,identity_events,250,latest_state,99.84563555167821,1,1,1
5,2.5,identity_events,250,aggregation,99.63536957474605,1,1,1
5,2.5,identity_events,250,join,99.76792395698124,1,1,1
5,2.5,identity_events,250,negative_evidence,99.9584973499711,1,1,1
5,2.5,identity_events,250,threshold,80.01943848608497,1,1,0
5,2.5,identity_events,250,provenance,80.01943848608497,1,1,0
5,2.5,identity_events,500,lookup,82.20193632932218,1,1,0
5,2.5,identity_events,500,rare_event,82.20193632932218,1,1,0
5,2.5,identity_events,500,latest_state,99.92340704125532,1,1,1
5,2.5,identity_events,500,aggregation,99.6275230388018,1,1,1
5,2.5,identity_events,500,join,99.89385042232065,1,1,1
5,2.5,identity_events,500,negative_evidence,99.95773085679235,1,1,1
5,2.5,identity_events,500,threshold,82.20193632932218,1,1,0
5,2.5,identity_events,500,provenance,82.20193632932218,1,1,0
5,2.5,identity_events,500,lookup,99.95177208441052,1,1,1
5,2.5,identity_events,500,rare_event,82.21396871227226,1,1,0
5,2.5,identity_events,500,latest_state,99.91340174277667,1,1,1
5,2.5,identity_events,500,aggregation,99.63463379112754,1,1,1
5,2.5,identity_events,500,join,99.90354416882103,1,1,1
5,2.5,identity_events,500,negative_evidence,99.97509107656367,1,1,1
5,2.5,identity_events,500,threshold,82.21396871227226,1,1,0
5,2.5,identity_events,500,provenance,82.21396871227226,1,1,0
5,2.5,identity_events,500,lookup,99.95288831672602,1,1,1
5,2.5,identity_events,500,rare_event,82.80031845380515,1,1,0
5,2.5,identity_events,500,latest_state,99.92250392773809,1,1,1
5,2.5,identity_events,500,aggregation,99.68133445695581,1,1,1
5,2.5,identity_events,500,join,99.84500785547617,1,1,1
5,2.5,identity_events,500,negative_evidence,99.96696888723264,1,1,1
5,2.5,identity_events,500,threshold,82.80031845380515,1,1,0
5,2.5,identity_events,500,provenance,82.80031845380515,1,1,0
5,2.5,identity_events,500,lookup,99.95384792892581,1,1,1
5,2.5,identity_events,500,rare_event,82.59018972100226,1,1,0
5,2.5,identity_events,500,latest_state,99.9129885265528,1,1,1
5,2.5,identity_events,500,aggregation,99.6353351264895,1,1,1
5,2.5,identity_events,500,join,99.85540429108407,1,1,1
5,2.5,identity_events,500,negative_evidence,99.9624220522217,1,1,1
5,2.5,identity_events,500,threshold,82.59018972100226,1,1,0
5,2.5,identity_events,500,provenance,82.59018972100226,1,1,0
5,2.5,identity_events,500,lookup,83.02147942547859,1,1,0
5,2.5,identity_events,500,rare_event,83.02147942547859,1,1,0
5,2.5,identity_events,500,latest_state,99.87345109970465,1,1,1
5,2.5,identity_events,500,aggregation,99.56613318451042,1,1,1
5,2.5,identity_events,500,join,99.87535727560868,1,1,1
5,2.5,identity_events,500,negative_evidence,99.97892616639433,1,1,1
5,2.5,identity_events,500,threshold,83.02147942547859,1,1,0
5,2.5,identity_events,500,provenance,83.02147942547859,1,1,0
5,2.5,cloud_inventory,50,lookup,99.53654674901176,1,1,1
5,2.5,cloud_inventory,50,rare_event,62.42463641987606,1,1,0
5,2.5,cloud_inventory,50,latest_state,98.75538685764016,1,1,1
5,2.5,cloud_inventory,50,aggregation,99.5428379696134,1,1,1
5,2.5,cloud_inventory,50,join,98.56350462928982,1,1,1
5,2.5,cloud_inventory,50,negative_evidence,99.70955531555714,1,1,1
5,2.5,cloud_inventory,50,threshold,62.42463641987606,1,1,0
5,2.5,cloud_inventory,50,provenance,62.42463641987606,1,1,0
5,2.5,cloud_inventory,50,lookup,68.37391987431265,1,1,0
5,2.5,cloud_inventory,50,rare_event,68.37391987431265,1,1,0
5,2.5,cloud_inventory,50,latest_state,99.33595181984812,1,1,1
5,2.5,cloud_inventory,50,aggregation,99.63341188792879,1,1,1
5,2.5,cloud_inventory,50,join,99.05629746006808,1,1,1
5,2.5,cloud_inventory,50,negative_evidence,99.83241686305315,1,1,1
5,2.5,cloud_inventory,50,threshold,68.37391987431265,1,1,0
5,2.5,cloud_inventory,50,provenance,68.37391987431265,1,1,0
5,2.5,cloud_inventory,50,lookup,99.52992529169813,1,1,1
5,2.5,cloud_inventory,50,rare_event,68.29933685889364,1,1,0
5,2.5,cloud_inventory,50,latest_state,99.13539830437338,1,1,1
5,2.5,cloud_inventory,50,aggregation,99.5026441702342,1,1,1
5,2.5,cloud_inventory,50,join,98.85419289851423,1,1,1
5,2.5,cloud_inventory,50,negative_evidence,99.75027281121463,1,1,1
5,2.5,cloud_inventory,50,threshold,68.29933685889364,1,1,0
5,2.5,cloud_inventory,50,provenance,68.29933685889364,1,1,0
5,2.5,cloud_inventory,50,lookup,99.53998658730823,1,1,1
5,2.5,cloud_inventory,50,rare_event,58.38293234973594,1,1,0
5,2.5,cloud_inventory,50,latest_state,99.24134462234889,1,1,1
5,2.5,cloud_inventory,50,aggregation,99.59237991449409,1,1,1
5,2.5,cloud_inventory,50,join,99.15437169922039,1,1,1
5,2.5,cloud_inventory,50,negative_evidence,99.75060776259535,1,1,1
5,2.5,cloud_inventory,50,threshold,58.38293234973594,1,1,0
5,2.5,cloud_inventory,50,provenance,58.38293234973594,1,1,0
5,2.5,cloud_inventory,50,lookup,99.51462430660615,1,1,1
5,2.5,cloud_inventory,50,rare_event,68.1049336022861,1,1,0
5,2.5,cloud_inventory,50,latest_state,99.2404185577408,1,1,1
5,2.5,cloud_inventory,50,aggregation,99.54824340225248,1,1,1
5,2.5,cloud_inventory,50,join,99.43688014792403,1,1,1
5,2.5,cloud_inventory,50,negative_evidence,99.71108589678937,1,1,1
5,2.5,cloud_inventory,50,threshold,68.1049336022861,1,1,0
5,2.5,cloud_inventory,50,provenance,68.1049336022861,1,1,0
5,2.5,cloud_inventory,100,lookup,99.76916996047431,1,1,1
5,2.5,cloud_inventory,100,rare_event,72.12648221343873,1,1,0
5,2.5,cloud_inventory,100,latest_state,99.46982872200265,1,1,1
5,2.5,cloud_inventory,100,aggregation,99.67009222661397,1,1,1
5,2.5,cloud_inventory,100,join,99.3270092226614,1,1,1
5,2.5,cloud_inventory,100,negative_evidence,99.81080368906456,1,1,1
5,2.5,cloud_inventory,100,threshold,72.12648221343873,1,1,0
5,2.5,cloud_inventory,100,provenance,72.12648221343873,1,1,0
5,2.5,cloud_inventory,100,lookup,99.76363828215679,1,1,1
5,2.5,cloud_inventory,100,rare_event,77.00010551862404,1,1,0
5,2.5,cloud_inventory,100,latest_state,99.51936266751082,1,1,1
5,2.5,cloud_inventory,100,aggregation,99.72617917062362,1,1,1
5,2.5,cloud_inventory,100,join,99.23024163764904,1,1,1
5,2.5,cloud_inventory,100,negative_evidence,99.81587000105519,1,1,1
5,2.5,cloud_inventory,100,threshold,77.00010551862404,1,1,0
5,2.5,cloud_inventory,100,provenance,77.00010551862404,1,1,0
5,2.5,cloud_inventory,100,lookup,78.08876280435942,1,1,0
5,2.5,cloud_inventory,100,rare_event,78.08876280435942,1,1,0
5,2.5,cloud_inventory,100,latest_state,99.66242452097565,1,1,1
5,2.5,cloud_inventory,100,aggregation,99.56521968820493,1,1,1
5,2.5,cloud_inventory,100,join,99.32643390335515,1,1,1
5,2.5,cloud_inventory,100,negative_evidence,99.85524932511318,1,1,1
5,2.5,cloud_inventory,100,threshold,78.08876280435942,1,1,0
5,2.5,cloud_inventory,100,provenance,78.08876280435942,1,1,0
5,2.5,cloud_inventory,100,lookup,99.76704719139023,1,1,1
5,2.5,cloud_inventory,100,rare_event,79.08747852301595,1,1,0
5,2.5,cloud_inventory,100,latest_state,99.61736710622016,1,1,1
5,2.5,cloud_inventory,100,aggregation,99.5989206168506,1,1,1
5,2.5,cloud_inventory,100,join,99.42394248911657,1,1,1
5,2.5,cloud_inventory,100,negative_evidence,99.83029229780013,1,1,1
5,2.5,cloud_inventory,100,threshold,79.08747852301595,1,1,0
5,2.5,cloud_inventory,100,provenance,79.08747852301595,1,1,0
5,2.5,cloud_inventory,100,lookup,99.76552043924082,1,1,1
5,2.5,cloud_inventory,100,rare_event,77.04945674510755,1,1,0
5,2.5,cloud_inventory,100,latest_state,99.61587505664394,1,1,1
5,2.5,cloud_inventory,100,aggregation,99.69227850902614,1,1,1
5,2.5,cloud_inventory,100,join,99.57214066665964,1,1,1
5,2.5,cloud_inventory,100,negative_evidence,99.8566776617382,1,1,1
5,2.5,cloud_inventory,100,threshold,77.04945674510755,1,1,0
5,2.5,cloud_inventory,100,provenance,77.04945674510755,1,1,0
5,2.5,cloud_inventory,250,lookup,99.90948618606933,1,1,1
5,2.5,cloud_inventory,250,rare_event,79.6523677398616,1,1,0
5,2.5,cloud_inventory,250,latest_state,99.76715955808957,1,1,1
5,2.5,cloud_inventory,250,aggregation,99.65317136718154,1,1,1
5,2.5,cloud_inventory,250,join,99.72993892432368,1,1,1
5,2.5,cloud_inventory,250,negative_evidence,99.9236554046052,1,1,1
5,2.5,cloud_inventory,250,threshold,79.6523677398616,1,1,0
5,2.5,cloud_inventory,250,provenance,79.6523677398616,1,1,0
5,2.5,cloud_inventory,250,lookup,99.90882957052594,1,1,1
5,2.5,cloud_inventory,250,rare_event,81.62799503322115,1,1,0
5,2.5,cloud_inventory,250,latest_state,99.86525391281907,1,1,1
5,2.5,cloud_inventory,250,aggregation,99.58687738106067,1,1,1
5,2.5,cloud_inventory,250,join,99.77027590160363,1,1,1
5,2.5,cloud_inventory,250,negative_evidence,99.91686779864662,1,1,1
5,2.5,cloud_inventory,250,threshold,81.62799503322115,1,1,0
5,2.5,cloud_inventory,250,provenance,81.62799503322115,1,1,0
5,2.5,cloud_inventory,250,lookup,78.44515568116194,1,1,0
5,2.5,cloud_inventory,250,rare_event,78.44515568116194,1,1,0
5,2.5,cloud_inventory,250,latest_state,99.78782769832188,1,1,1
5,2.5,cloud_inventory,250,aggregation,99.67042428114205,1,1,1
5,2.5,cloud_inventory,250,join,99.82717370840376,1,1,1
5,2.5,cloud_inventory,250,negative_evidence,99.91644261299814,1,1,1
5,2.5,cloud_inventory,250,threshold,78.44515568116194,1,1,0
5,2.5,cloud_inventory,250,provenance,78.44515568116194,1,1,0
5,2.5,cloud_inventory,250,lookup,99.90565379172334,1,1,1
5,2.5,cloud_inventory,250,rare_event,84.00726000418847,1,1,0
5,2.5,cloud_inventory,250,latest_state,99.78740372350214,1,1,1
5,2.5,cloud_inventory,250,aggregation,99.62621132281423,1,1,1
5,2.5,cloud_inventory,250,join,99.84726914265526,1,1,1
5,2.5,cloud_inventory,250,negative_evidence,99.91623072090235,1,1,1
5,2.5,cloud_inventory,250,threshold,84.00726000418847,1,1,0
5,2.5,cloud_inventory,250,provenance,84.00726000418847,1,1,0
5,2.5,cloud_inventory,250,lookup,82.42996784021666,1,1,0
5,2.5,cloud_inventory,250,rare_event,82.42996784021666,1,1,0
5,2.5,cloud_inventory,250,latest_state,99.86649458361543,1,1,1
5,2.5,cloud_inventory,250,aggregation,99.63502877454299,1,1,1
5,2.5,cloud_inventory,250,join,99.86734089370344,1,1,1
5,2.5,cloud_inventory,250,negative_evidence,99.92383209207854,1,1,1
5,2.5,cloud_inventory,250,threshold,82.42996784021666,1,1,0
5,2.5,cloud_inventory,250,provenance,82.42996784021666,1,1,0
5,2.5,cloud_inventory,500,lookup,99.95406668585846,1,1,1
5,2.5,cloud_inventory,500,rare_event,79.80998001794998,1,1,0
5,2.5,cloud_inventory,500,latest_state,99.91289604253805,1,1,1
5,2.5,cloud_inventory,500,aggregation,99.60586253026942,1,1,1
5,2.5,cloud_inventory,500,join,99.88453169187001,1,1,1
5,2.5,cloud_inventory,500,negative_evidence,99.9626394933365,1,1,1
5,2.5,cloud_inventory,500,threshold,79.80998001794998,1,1,0
5,2.5,cloud_inventory,500,provenance,79.80998001794998,1,1,0
5,2.5,cloud_inventory,500,lookup,99.95286750897901,1,1,1
5,2.5,cloud_inventory,500,rare_event,81.43488249181536,1,1,0
5,2.5,cloud_inventory,500,latest_state,99.922999278714,1,1,1
5,2.5,cloud_inventory,500,aggregation,99.71423941398956,1,1,1
5,2.5,cloud_inventory,500,join,99.8646397224161,1,1,1
5,2.5,cloud_inventory,500,negative_evidence,99.97479206098203,1,1,1
5,2.5,cloud_inventory,500,threshold,81.43488249181536,1,1,0
5,2.5,cloud_inventory,500,provenance,81.43488249181536,1,1,0
5,2.5,cloud_inventory,500,lookup,99.95458347007697,1,1,1
5,2.5,cloud_inventory,500,rare_event,82.81794217597053,1,1,0
5,2.5,cloud_inventory,500,latest_state,99.87317248753428,1,1,1
5,2.5,cloud_inventory,500,aggregation,99.64725436432738,1,1,1
5,2.5,cloud_inventory,500,join,99.92398818535025,1,1,1
5,2.5,cloud_inventory,500,negative_evidence,99.96188822663801,1,1,1
5,2.5,cloud_inventory,500,threshold,82.81794217597053,1,1,0
5,2.5,cloud_inventory,500,provenance,82.81794217597053,1,1,0
5,2.5,cloud_inventory,500,lookup,99.95253573592917,1,1,1
5,2.5,cloud_inventory,500,rare_event,84.20806722973975,1,1,0
5,2.5,cloud_inventory,500,latest_state,99.93219390847025,1,1,1
5,2.5,cloud_inventory,500,aggregation,99.62537134429815,1,1,1
5,2.5,cloud_inventory,500,join,99.82561120834693,1,1,1
5,2.5,cloud_inventory,500,negative_evidence,99.96715642441528,1,1,1
5,2.5,cloud_inventory,500,threshold,84.20806722973975,1,1,0
5,2.5,cloud_inventory,500,provenance,84.20806722973975,1,1,0
5,2.5,cloud_inventory,500,lookup,99.95265908717825,1,1,1
5,2.5,cloud_inventory,500,rare_event,82.80804689609887,1,1,0
5,2.5,cloud_inventory,500,latest_state,99.90383546120322,1,1,1
5,2.5,cloud_inventory,500,aggregation,99.66893133449479,1,1,1
5,2.5,cloud_inventory,500,join,99.84600964822631,1,1,1
5,2.5,cloud_inventory,500,negative_evidence,99.96632122980465,1,1,1
5,2.5,cloud_inventory,500,threshold,82.80804689609887,1,1,0
5,2.5,cloud_inventory,500,provenance,82.80804689609887,1,1,0
5,2.5,issue_tracking,50,lookup,99.5400685182663,1,1,1
5,2.5,issue_tracking,50,rare_event,68.25634632107199,1,1,0
5,2.5,issue_tracking,50,latest_state,99.24043206319605,1,1,1
5,2.5,issue_tracking,50,aggregation,99.59350019382079,1,1,1
5,2.5,issue_tracking,50,join,99.34310469465369,1,1,1
5,2.5,issue_tracking,50,negative_evidence,68.25634632107199,1,1,0
5,2.5,issue_tracking,50,threshold,68.25634632107199,1,1,0
5,2.5,issue_tracking,50,provenance,68.25634632107199,1,1,0
5,2.5,issue_tracking,50,lookup,99.55150372000419,1,1,1
5,2.5,issue_tracking,50,rare_event,70.33951587551084,1,1,0
5,2.5,issue_tracking,50,latest_state,99.14387509169025,1,1,1
5,2.5,issue_tracking,50,aggregation,99.59341926019071,1,1,1
5,2.5,issue_tracking,50,join,99.24447238813791,1,1,1
5,2.5,issue_tracking,50,negative_evidence,99.75793775542282,1,1,1
5,2.5,issue_tracking,50,threshold,70.33951587551084,1,1,0
5,2.5,issue_tracking,50,provenance,70.33951587551084,1,1,0
5,2.5,issue_tracking,50,lookup,99.54937488865367,1,1,1
5,2.5,issue_tracking,50,rare_event,60.42253963929032,1,1,0
5,2.5,issue_tracking,50,latest_state,99.04425557779571,1,1,1
5,2.5,issue_tracking,50,aggregation,99.415235320625,1,1,1
5,2.5,issue_tracking,50,join,99.34606960586022,1,1,1
5,2.5,issue_tracking,50,negative_evidence,99.7558240675728,1,1,1
5,2.5,issue_tracking,50,threshold,60.42253963929032,1,1,0
5,2.5,issue_tracking,50,provenance,60.42253963929032,1,1,0
5,2.5,issue_tracking,50,lookup,99.54111619817914,1,1,1
5,2.5,issue_tracking,50,rare_event,60.48151368793806,1,1,0
5,2.5,issue_tracking,50,latest_state,99.23519366363188,1,1,1
5,2.5,issue_tracking,50,aggregation,99.5526406772203,1,1,1
5,2.5,issue_tracking,50,join,99.43634820689583,1,1,1
5,2.5,issue_tracking,50,negative_evidence,99.75169986065858,1,1,1
5,2.5,issue_tracking,50,threshold,60.48151368793806,1,1,0
5,2.5,issue_tracking,50,provenance,60.48151368793806,1,1,0
5,2.5,issue_tracking,50,lookup,99.53769559032717,1,1,1
5,2.5,issue_tracking,50,rare_event,62.409003430675256,1,1,0
5,2.5,issue_tracking,50,latest_state,99.24169525562715,1,1,1
5,2.5,issue_tracking,50,aggregation,99.51573090117982,1,1,1
5,2.5,issue_tracking,50,join,99.25110869383316,1,1,1
5,2.5,issue_tracking,50,negative_evidence,99.75629654422224,1,1,1
5,2.5,issue_tracking,50,threshold,62.409003430675256,1,1,0
5,2.5,issue_tracking,50,provenance,62.409003430675256,1,1,0
5,2.5,issue_tracking,100,lookup,99.77066034005536,1,1,1
5,2.5,issue_tracking,100,rare_event,75.12903650981943,1,1,0
5,2.5,issue_tracking,100,latest_state,99.51970475813893,1,1,1
5,2.5,issue_tracking,100,aggregation,99.4242783708976,1,1,1
5,2.5,issue_tracking,100,join,99.47383682614999,1,1,1
5,2.5,issue_tracking,100,negative_evidence,99.81020166073546,1,1,1
5,2.5,issue_tracking,100,threshold,75.12903650981943,1,1,0
5,2.5,issue_tracking,100,provenance,75.12903650981943,1,1,0
5,2.5,issue_tracking,100,lookup,99.77194380948862,1,1,1
5,2.5,issue_tracking,100,rare_event,79.0932654795779,1,1,0
5,2.5,issue_tracking,100,latest_state,99.42035718245023,1,1,1
5,2.5,issue_tracking,100,aggregation,99.49479218907548,1,1,1
5,2.5,issue_tracking,100,join,99.47737123007808,1,1,1
5,2.5,issue_tracking,100,negative_evidence,99.87488583992779,1,1,1
5,2.5,issue_tracking,100,threshold,79.0932654795779,1,1,0
5,2.5,issue_tracking,100,provenance,79.0932654795779,1,1,0
5,2.5,issue_tracking,100,lookup,67.13325099492246,1,1,0
5,2.5,issue_tracking,100,rare_event,67.13325099492246,1,1,0
5,2.5,issue_tracking,100,latest_state,99.56930677391772,1,1,1
5,2.5,issue_tracking,100,aggregation,99.6711741668514,1,1,1
5,2.5,issue_tracking,100,join,99.52602632717907,1,1,1
5,2.5,issue_tracking,100,negative_evidence,99.85485216032767,1,1,1
5,2.5,issue_tracking,100,threshold,67.13325099492246,1,1,0
5,2.5,issue_tracking,100,provenance,67.13325099492246,1,1,0
5,2.5,issue_tracking,100,lookup,99.77464758999584,1,1,1
5,2.5,issue_tracking,100,rare_event,77.07791282503258,1,1,0
5,2.5,issue_tracking,100,latest_state,99.420522374275,1,1,1
5,2.5,issue_tracking,100,aggregation,99.64851357128155,1,1,1
5,2.5,issue_tracking,100,join,99.62054242905621,1,1,1
5,2.5,issue_tracking,100,negative_evidence,99.83375641884939,1,1,1
5,2.5,issue_tracking,100,threshold,77.07791282503258,1,1,0
5,2.5,issue_tracking,100,provenance,77.07791282503258,1,1,0
5,2.5,issue_tracking,100,lookup,99.76530031012004,1,1,1
5,2.5,issue_tracking,100,rare_event,70.13828822176748,1,1,0
5,2.5,issue_tracking,100,latest_state,99.51899748950444,1,1,1
5,2.5,issue_tracking,100,aggregation,99.69146220543871,1,1,1
5,2.5,issue_tracking,100,join,99.42353536845215,1,1,1
5,2.5,issue_tracking,100,negative_evidence,99.8533786207042,1,1,1
5,2.5,issue_tracking,100,threshold,70.13828822176748,1,1,0
5,2.5,issue_tracking,100,provenance,70.13828822176748,1,1,0
5,2.5,issue_tracking,250,lookup,99.90925628225739,1,1,1
5,2.5,issue_tracking,250,rare_event,83.22700736102885,1,1,0
5,2.5,issue_tracking,250,latest_state,99.84579913698283,1,1,1
5,2.5,issue_tracking,250,aggregation,99.64358236737456,1,1,1
5,2.5,issue_tracking,250,join,99.84664523225315,1,1,1
5,2.5,issue_tracking,250,negative_evidence,99.9405618072595,1,1,1
5,2.5,issue_tracking,250,threshold,83.22700736102885,1,1,0
5,2.5,issue_tracking,250,provenance,83.22700736102885,1,1,0
5,2.5,issue_tracking,250,lookup,99.90968127667423,1,1,1
5,2.5,issue_tracking,250,rare_event,79.6685345257101,1,1,0
5,2.5,issue_tracking,250,latest_state,99.8248749636923,1,1,1
5,2.5,issue_tracking,250,aggregation,99.68536857883701,1,1,1
5,2.5,issue_tracking,250,join,99.72925584580517,1,1,1
5,2.5,issue_tracking,250,negative_evidence,99.95780885929149,1,1,1
5,2.5,issue_tracking,250,threshold,79.6685345257101,1,1,0
5,2.5,issue_tracking,250,provenance,79.6685345257101,1,1,0
5,2.5,issue_tracking,250,lookup,99.9063963880018,1,1,1
5,2.5,issue_tracking,250,rare_event,78.08298955536166,1,1,0
5,2.5,issue_tracking,250,latest_state,99.82634624018432,1,1,1
5,2.5,issue_tracking,250,aggregation,99.5851369323428,1,1,1
5,2.5,issue_tracking,250,join,99.76980288180532,1,1,1
5,2.5,issue_tracking,250,negative_evidence,99.95785719731303,1,1,1
5,2.5,issue_tracking,250,threshold,78.08298955536166,1,1,0
5,2.5,issue_tracking,250,provenance,78.08298955536166,1,1,0
5,2.5,issue_tracking,250,lookup,99.90571594438724,1,1,1
5,2.5,issue_tracking,250,rare_event,80.39378954103793,1,1,0
5,2.5,issue_tracking,250,latest_state,99.80740627741123,1,1,1
5,2.5,issue_tracking,250,aggregation,99.66926424536737,1,1,1
5,2.5,issue_tracking,250,join,99.88643538470014,1,1,1
5,2.5,issue_tracking,250,negative_evidence,99.95020954366517,1,1,1
5,2.5,issue_tracking,250,threshold,80.39378954103793,1,1,0
5,2.5,issue_tracking,250,provenance,80.39378954103793,1,1,0
5,2.5,issue_tracking,250,lookup,99.90828525192961,1,1,1
5,2.5,issue_tracking,250,rare_event,83.2140829796067,1,1,0
5,2.5,issue_tracking,250,latest_state,99.84664785772988,1,1,1
5,2.5,issue_tracking,250,aggregation,99.58442416694201,1,1,1
5,2.5,issue_tracking,250,join,99.80852163451355,1,1,1
5,2.5,issue_tracking,250,negative_evidence,99.95848477916445,1,1,1
5,2.5,issue_tracking,250,threshold,83.2140829796067,1,1,0
5,2.5,issue_tracking,250,provenance,83.2140829796067,1,1,0
5,2.5,issue_tracking,500,lookup,99.95348704153216,1,1,1
5,2.5,issue_tracking,500,rare_event,84.99930601394541,1,1,0
5,2.5,issue_tracking,500,latest_state,99.92318474968293,1,1,1
5,2.5,issue_tracking,500,aggregation,99.66434384413179,1,1,1
5,2.5,issue_tracking,500,join,99.88398248400388,1,1,1
5,2.5,issue_tracking,500,negative_evidence,99.9663072419299,1,1,1
5,2.5,issue_tracking,500,threshold,84.99930601394541,1,1,0
5,2.5,issue_tracking,500,provenance,84.99930601394541,1,1,0
5,2.5,issue_tracking,500,lookup,99.95281018027572,1,1,1
5,2.5,issue_tracking,500,rare_event,79.38197242841993,1,1,0
5,2.5,issue_tracking,500,latest_state,99.88356309650052,1,1,1
5,2.5,issue_tracking,500,aggregation,99.61367974549312,1,1,1
5,2.5,issue_tracking,500,join,99.91389183457052,1,1,1
5,2.5,issue_tracking,500,negative_evidence,99.95344644750796,1,1,1
5,2.5,issue_tracking,500,threshold,79.38197242841993,1,1,0
5,2.5,issue_tracking,500,provenance,79.38197242841993,1,1,0
5,2.5,issue_tracking,500,lookup,99.95368422391398,1,1,1
5,2.5,issue_tracking,500,rare_event,83.41386484484215,1,1,0
5,2.5,issue_tracking,500,latest_state,99.92252441116962,1,1,1
5,2.5,issue_tracking,500,aggregation,99.66826457860593,1,1,1
5,2.5,issue_tracking,500,join,99.87461884871911,1,1,1
5,2.5,issue_tracking,500,negative_evidence,99.97053595937778,1,1,1
5,2.5,issue_tracking,500,threshold,83.41386484484215,1,1,0
5,2.5,issue_tracking,500,provenance,83.41386484484215,1,1,0
5,2.5,issue_tracking,500,lookup,82.81225673000645,1,1,0
5,2.5,issue_tracking,500,rare_event,82.81225673000645,1,1,0
5,2.5,issue_tracking,500,latest_state,99.90361874541263,1,1,1
5,2.5,issue_tracking,500,aggregation,99.64773181015647,1,1,1
5,2.5,issue_tracking,500,join,99.92363639059616,1,1,1
5,2.5,issue_tracking,500,negative_evidence,99.97479259495408,1,1,1
5,2.5,issue_tracking,500,threshold,82.81225673000645,1,1,0
5,2.5,issue_tracking,500,provenance,82.81225673000645,1,1,0
5,2.5,issue_tracking,500,lookup,99.95400071860628,1,1,1
5,2.5,issue_tracking,500,rare_event,79.18426527806778,1,1,0
5,2.5,issue_tracking,500,latest_state,99.90301994821371,1,1,1
5,2.5,issue_tracking,500,aggregation,99.6476921397403,1,1,1
5,2.5,issue_tracking,500,join,99.89401087236472,1,1,1
5,2.5,issue_tracking,500,negative_evidence,99.96194990317893,1,1,1
5,2.5,issue_tracking,500,threshold,79.18426527806778,1,1,0
5,2.5,issue_tracking,500,provenance,79.18426527806778,1,1,0
5,2.5,commerce_orders,50,lookup,99.53336199574258,1,1,1
5,2.5,commerce_orders,50,rare_event,70.29875318519761,1,1,0
5,2.5,commerce_orders,50,latest_state,98.93879177458763,1,1,1
5,2.5,commerce_orders,50,aggregation,99.38445728427168,1,1,1
5,2.5,commerce_orders,50,join,99.34356091985362,1,1,1
5,2.5,commerce_orders,50,negative_evidence,99.66444008682612,1,1,1
5,2.5,commerce_orders,50,threshold,70.29875318519761,1,1,0
5,2.5,commerce_orders,50,provenance,70.29875318519761,1,1,0
5,2.5,commerce_orders,50,lookup,64.32245737801293,1,1,0
5,2.5,commerce_orders,50,rare_event,64.32245737801293,1,1,0
5,2.5,commerce_orders,50,latest_state,98.94809775762157,1,1,1
5,2.5,commerce_orders,50,aggregation,99.46984966826237,1,1,1
5,2.5,commerce_orders,50,join,98.85886453346771,1,1,1
5,2.5,commerce_orders,50,negative_evidence,99.50449315528681,1,1,1
5,2.5,commerce_orders,50,threshold,64.32245737801293,1,1,0
5,2.5,commerce_orders,50,provenance,64.32245737801293,1,1,0
5,2.5,commerce_orders,50,lookup,99.52892050402359,1,1,1
5,2.5,commerce_orders,50,rare_event,64.36897380210465,1,1,0
5,2.5,commerce_orders,50,latest_state,99.04315256051116,1,1,1
5,2.5,commerce_orders,50,aggregation,99.79646008414382,1,1,1
5,2.5,commerce_orders,50,join,99.4344947698635,1,1,1
5,2.5,commerce_orders,50,negative_evidence,99.5436089515596,1,1,1
5,2.5,commerce_orders,50,threshold,64.36897380210465,1,1,0
5,2.5,commerce_orders,50,provenance,64.36897380210465,1,1,0
5,2.5,commerce_orders,50,lookup,99.55011037989516,1,1,1
5,2.5,commerce_orders,50,rare_event,68.28068927274819,1,1,0
5,2.5,commerce_orders,50,latest_state,99.14102470207891,1,1,1
5,2.5,commerce_orders,50,aggregation,99.54069408552087,1,1,1
5,2.5,commerce_orders,50,join,98.86167463564172,1,1,1
5,2.5,commerce_orders,50,negative_evidence,99.71332614904948,1,1,1
5,2.5,commerce_orders,50,threshold,68.28068927274819,1,1,0
5,2.5,commerce_orders,50,provenance,68.28068927274819,1,1,0
5,2.5,commerce_orders,50,lookup,99.53637660485022,1,1,1
5,2.5,commerce_orders,50,rare_event,72.29587983552908,1,1,0
5,2.5,commerce_orders,50,latest_state,99.13988419904338,1,1,1
5,2.5,commerce_orders,50,aggregation,99.50805571872115,1,1,1
5,2.5,commerce_orders,50,join,99.14198204246036,1,1,1
5,2.5,commerce_orders,50,negative_evidence,99.75350339850634,1,1,1
5,2.5,commerce_orders,50,threshold,72.29587983552908,1,1,0
5,2.5,commerce_orders,50,provenance,72.29587983552908,1,1,0
5,2.5,commerce_orders,100,lookup,99.77229940787329,1,1,1
5,2.5,commerce_orders,100,rare_event,72.15426846583439,1,1,0
5,2.5,commerce_orders,100,latest_state,99.61506504979964,1,1,1
5,2.5,commerce_orders,100,aggregation,99.6108581104532,1,1,1
5,2.5,commerce_orders,100,join,99.66922939388522,1,1,1
5,2.5,commerce_orders,100,negative_evidence,72.15426846583439,1,1,0
5,2.5,commerce_orders,100,threshold,72.15426846583439,1,1,0
5,2.5,commerce_orders,100,provenance,72.15426846583439,1,1,0
5,2.5,commerce_orders,100,lookup,99.77300258071313,1,1,1
5,2.5,commerce_orders,100,rare_event,71.17922789276874,1,1,0
5,2.5,commerce_orders,100,latest_state,99.5681255595934,1,1,1
5,2.5,commerce_orders,100,aggregation,99.624479907305,1,1,1
5,2.5,commerce_orders,100,join,99.57181229262126,1,1,1
5,2.5,commerce_orders,100,negative_evidence,99.89519144677938,1,1,1
5,2.5,commerce_orders,100,threshold,71.17922789276874,1,1,0
5,2.5,commerce_orders,100,provenance,71.17922789276874,1,1,0
5,2.5,commerce_orders,100,lookup,99.7732151239142,1,1,1
5,2.5,commerce_orders,100,rare_event,73.13970475773573,1,1,0
5,2.5,commerce_orders,100,latest_state,99.51900510002268,1,1,1
5,2.5,commerce_orders,100,aggregation,99.5559235682227,1,1,1
5,2.5,commerce_orders,100,join,99.22945882799685,1,1,1
5,2.5,commerce_orders,100,negative_evidence,99.91666974320569,1,1,1
5,2.5,commerce_orders,100,threshold,73.13970475773573,1,1,0
5,2.5,commerce_orders,100,provenance,73.13970475773573,1,1,0
5,2.5,commerce_orders,100,lookup,99.76361329451467,1,1,1
5,2.5,commerce_orders,100,rare_event,79.11057527784651,1,1,0
5,2.5,commerce_orders,100,latest_state,99.61830654459496,1,1,1
5,2.5,commerce_orders,100,aggregation,99.48616163796508,1,1,1
5,2.5,commerce_orders,100,join,99.52459422037137,1,1,1
5,2.5,commerce_orders,100,negative_evidence,99.83363430081657,1,1,1
5,2.5,commerce_orders,100,threshold,79.11057527784651,1,1,0
5,2.5,commerce_orders,100,provenance,79.11057527784651,1,1,0
5,2.5,commerce_orders,100,lookup,99.76638717502505,1,1,1
5,2.5,commerce_orders,100,rare_event,77.16922427885883,1,1,0
5,2.5,commerce_orders,100,latest_state,99.41834097980278,1,1,1
5,2.5,commerce_orders,100,aggregation,99.64298897853715,1,1,1
5,2.5,commerce_orders,100,join,99.37984496124031,1,1,1
5,2.5,commerce_orders,100,negative_evidence,99.81068396350788,1,1,1
5,2.5,commerce_orders,100,threshold,77.16922427885883,1,1,0
5,2.5,commerce_orders,100,provenance,77.16922427885883,1,1,0
5,2.5,commerce_orders,250,lookup,82.44843339414707,1,1,0
5,2.5,commerce_orders,250,rare_event,82.44843339414707,1,1,0
5,2.5,commerce_orders,250,latest_state,99.84673244135138,1,1,1
5,2.5,commerce_orders,250,aggregation,99.64441926393519,1,1,1
5,2.5,commerce_orders,250,join,99.80889120962986,1,1,1
5,2.5,commerce_orders,250,negative_evidence,99.94165262594893,1,1,1
5,2.5,commerce_orders,250,threshold,82.44843339414707,1,1,0
5,2.5,commerce_orders,250,provenance,82.44843339414707,1,1,0
5,2.5,commerce_orders,250,lookup,99.90523712927728,1,1,1
5,2.5,commerce_orders,250,rare_event,81.19147387992614,1,1,0
5,2.5,commerce_orders,250,latest_state,99.86547056745614,1,1,1
5,2.5,commerce_orders,250,aggregation,99.62814034211934,1,1,1
5,2.5,commerce_orders,250,join,99.80962816149454,1,1,1
5,2.5,commerce_orders,250,negative_evidence,99.93273528372806,1,1,1
5,2.5,commerce_orders,250,threshold,81.19147387992614,1,1,0
5,2.5,commerce_orders,250,provenance,81.19147387992614,1,1,0
5,2.5,commerce_orders,250,lookup,99.91007137159144,1,1,1
5,2.5,commerce_orders,250,rare_event,75.98905621491461,1,1,0
5,2.5,commerce_orders,250,latest_state,99.90541624259147,1,1,1
5,2.5,commerce_orders,250,aggregation,99.63563035736578,1,1,1
5,2.5,commerce_orders,250,join,99.7113820020017,1,1,1
5,2.5,commerce_orders,250,negative_evidence,99.91599608122776,1,1,1
5,2.5,commerce_orders,250,threshold,75.98905621491461,1,1,0
5,2.5,commerce_orders,250,provenance,75.98905621491461,1,1,0
5,2.5,commerce_orders,250,lookup,99.90531804050613,1,1,1
5,2.5,commerce_orders,250,rare_event,80.84127457134223,1,1,0
5,2.5,commerce_orders,250,latest_state,99.74744432679647,1,1,1
5,2.5,commerce_orders,250,aggregation,99.5859777708739,1,1,1
5,2.5,commerce_orders,250,join,99.76921272373367,1,1,1
5,2.5,commerce_orders,250,negative_evidence,99.91630791080452,1,1,1
5,2.5,commerce_orders,250,threshold,80.84127457134223,1,1,0
5,2.5,commerce_orders,250,provenance,80.84127457134223,1,1,0
5,2.5,commerce_orders,250,lookup,99.90712336302283,1,1,1
5,2.5,commerce_orders,250,rare_event,81.6104258785199,1,1,0
5,2.5,commerce_orders,250,latest_state,99.74781560073625,1,1,1
5,2.5,commerce_orders,250,aggregation,99.5846996847695,1,1,1
5,2.5,commerce_orders,250,join,99.78843590665792,1,1,1
5,2.5,commerce_orders,250,negative_evidence,99.93229949013053,1,1,1
5,2.5,commerce_orders,250,threshold,81.6104258785199,1,1,0
5,2.5,commerce_orders,250,provenance,81.6104258785199,1,1,0
5,2.5,commerce_orders,500,lookup,99.9537261562637,1,1,1
5,2.5,commerce_orders,500,rare_event,81.42671684431446,1,1,0
5,2.5,commerce_orders,500,latest_state,99.91285269246,1,1,1
5,2.5,commerce_orders,500,aggregation,99.65310500668164,1,1,1
5,2.5,commerce_orders,500,join,99.91391159048601,1,1,1
5,2.5,commerce_orders,500,negative_evidence,99.98369297039956,1,1,1
5,2.5,commerce_orders,500,threshold,81.42671684431446,1,1,0
5,2.5,commerce_orders,500,provenance,81.42671684431446,1,1,0
5,2.5,commerce_orders,500,lookup,99.95393588722658,1,1,1
5,2.5,commerce_orders,500,rare_event,78.80426034801172,1,1,0
5,2.5,commerce_orders,500,latest_state,99.92312058419884,1,1,1
5,2.5,commerce_orders,500,aggregation,99.668020704495,1,1,1
5,2.5,commerce_orders,500,join,99.90437725555311,1,1,1
5,2.5,commerce_orders,500,negative_evidence,99.9624074481964,1,1,1
5,2.5,commerce_orders,500,threshold,78.80426034801172,1,1,0
5,2.5,commerce_orders,500,provenance,78.80426034801172,1,1,0
5,2.5,commerce_orders,500,lookup,99.95254694727521,1,1,1
5,2.5,commerce_orders,500,rare_event,80.83553386273145,1,1,0
5,2.5,commerce_orders,500,latest_state,99.93316322261308,1,1,1
5,2.5,commerce_orders,500,aggregation,99.61486763458184,1,1,1
5,2.5,commerce_orders,500,join,99.88433318398332,1,1,1
5,2.5,commerce_orders,500,negative_evidence,99.970341842047,1,1,1
5,2.5,commerce_orders,500,threshold,80.83553386273145,1,1,0
5,2.5,commerce_orders,500,provenance,80.83553386273145,1,1,0
5,2.5,commerce_orders,500,lookup,81.01117525554791,1,1,0
5,2.5,commerce_orders,500,rare_event,81.01117525554791,1,1,0
5,2.5,commerce_orders,500,latest_state,99.9331603198983,1,1,1
5,2.5,commerce_orders,500,aggregation,99.63487103437319,1,1,1
5,2.5,commerce_orders,500,join,99.89407340712886,1,1,1
5,2.5,commerce_orders,500,negative_evidence,99.962184206345,1,1,1
5,2.5,commerce_orders,500,threshold,81.01117525554791,1,1,0
5,2.5,commerce_orders,500,provenance,81.01117525554791,1,1,0
5,2.5,commerce_orders,500,lookup,99.95287474637082,1,1,1
5,2.5,commerce_orders,500,rare_event,83.21811473569616,1,1,0
5,2.5,commerce_orders,500,latest_state,99.94228480173506,1,1,1
5,2.5,commerce_orders,500,aggregation,99.6172794008633,1,1,1
5,2.5,commerce_orders,500,join,99.88393420679196,1,1,1
5,2.5,commerce_orders,500,negative_evidence,99.95795791979599,1,1,1
5,2.5,commerce_orders,500,threshold,83.21811473569616,1,1,0
5,2.5,commerce_orders,500,provenance,83.21811473569616,1,1,0
5,2.5,security_findings,50,lookup,99.52540246707088,1,1,1
5,2.5,security_findings,50,rare_event,66.40706669454318,1,1,0
5,2.5,security_findings,50,latest_state,99.13547982437801,1,1,1
5,2.5,security_findings,50,aggregation,99.63098473761238,1,1,1
5,2.5,security_findings,50,join,99.53376541919297,1,1,1
5,2.5,security_findings,50,negative_evidence,99.66548191511603,1,1,1
5,2.5,security_findings,50,threshold,66.40706669454318,1,1,0
5,2.5,security_findings,50,provenance,66.40706669454318,1,1,0
5,2.5,security_findings,50,lookup,99.5418553811073,1,1,1
5,2.5,security_findings,50,rare_event,70.22582973337657,1,1,0
5,2.5,security_findings,50,latest_state,98.94563978117841,1,1,1
5,2.5,security_findings,50,aggregation,99.63494869407864,1,1,1
5,2.5,security_findings,50,join,98.95923768082592,1,1,1
5,2.5,security_findings,50,negative_evidence,99.74896185266154,1,1,1
5,2.5,security_findings,50,threshold,70.22582973337657,1,1,0
5,2.5,security_findings,50,provenance,70.22582973337657,1,1,0
5,2.5,security_findings,50,lookup,99.54008297364119,1,1,1
5,2.5,security_findings,50,rare_event,56.491220718266774,1,1,0
5,2.5,security_findings,50,latest_state,99.03826006788753,1,1,1
5,2.5,security_findings,50,aggregation,99.46465239073042,1,1,1
5,2.5,security_findings,50,join,99.05502241964548,1,1,1
5,2.5,security_findings,50,negative_evidence,99.53798767967146,1,1,1
5,2.5,security_findings,50,threshold,56.491220718266774,1,1,0
5,2.5,security_findings,50,provenance,56.491220718266774,1,1,0
5,2.5,security_findings,50,lookup,66.32060844787127,1,1,0
5,2.5,security_findings,50,rare_event,66.32060844787127,1,1,0
5,2.5,security_findings,50,latest_state,98.84554140127389,1,1,1
5,2.5,security_findings,50,aggregation,99.59038719409989,1,1,1
5,2.5,security_findings,50,join,98.95030170968823,1,1,1
5,2.5,security_findings,50,negative_evidence,99.75067046597385,1,1,1
5,2.5,security_findings,50,threshold,66.32060844787127,1,1,0
5,2.5,security_findings,50,provenance,66.32060844787127,1,1,0
5,2.5,security_findings,50,lookup,99.5378454396219,1,1,1
5,2.5,security_findings,50,rare_event,70.35832662407596,1,1,0
5,2.5,security_findings,50,latest_state,99.14470038373467,1,1,1
5,2.5,security_findings,50,aggregation,99.50961427869383,1,1,1
5,2.5,security_findings,50,join,99.14470038373467,1,1,1
5,2.5,security_findings,50,negative_evidence,99.66436286452179,1,1,1
5,2.5,security_findings,50,threshold,70.35832662407596,1,1,0
5,2.5,security_findings,50,provenance,70.35832662407596,1,1,0
5,2.5,security_findings,100,lookup,99.76762159121378,1,1,1
5,2.5,security_findings,100,rare_event,72.20764745776968,1,1,0
5,2.5,security_findings,100,latest_state,99.4689995636333,1,1,1
5,2.5,security_findings,100,aggregation,99.59885808619032,1,1,1
5,2.5,security_findings,100,join,99.61883632042985,1,1,1
5,2.5,security_findings,100,negative_evidence,99.87382167848712,1,1,1
5,2.5,security_findings,100,threshold,72.20764745776968,1,1,0
5,2.5,security_findings,100,provenance,72.20764745776968,1,1,0
5,2.5,security_findings,100,lookup,68.19914897202561,1,1,0
5,2.5,security_findings,100,rare_event,68.19914897202561,1,1,0
5,2.5,security_findings,100,latest_state,99.51813700707785,1,1,1
5,2.5,security_findings,100,aggregation,99.71140883046849,1,1,1
5,2.5,security_findings,100,join,99.27852207617121,1,1,1
5,2.5,security_findings,100,negative_evidence,99.8119944388271,1,1,1
5,2.5,security_findings,100,threshold,68.19914897202561,1,1,0
5,2.5,security_findings,100,provenance,68.19914897202561,1,1,0
5,2.5,security_findings,100,lookup,99.76523592470667,1,1,1
5,2.5,security_findings,100,rare_event,75.15563011732928,1,1,0
5,2.5,security_findings,100,latest_state,99.42021186798345,1,1,1
5,2.5,security_findings,100,aggregation,99.56529079091753,1,1,1
5,2.5,security_findings,100,join,99.37642441124336,1,1,1
5,2.5,security_findings,100,negative_evidence,99.89554317548746,1,1,1
5,2.5,security_findings,100,threshold,75.15563011732928,1,1,0
5,2.5,security_findings,100,provenance,75.15563011732928,1,1,0
5,2.5,security_findings,100,lookup,99.76795091714638,1,1,1
5,2.5,security_findings,100,rare_event,78.07688664849563,1,1,0
5,2.5,security_findings,100,latest_state,99.61588247055975,1,1,1
5,2.5,security_findings,100,aggregation,99.56799932647885,1,1,1
5,2.5,security_findings,100,join,99.47328541511003,1,1,1
5,2.5,security_findings,100,negative_evidence,99.83425065510455,1,1,1
5,2.5,security_findings,100,threshold,78.07688664849563,1,1,0
5,2.5,security_findings,100,provenance,78.07688664849563,1,1,0
5,2.5,security_findings,100,lookup,74.16538696173507,1,1,0
5,2.5,security_findings,100,rare_event,74.16538696173507,1,1,0
5,2.5,security_findings,100,latest_state,99.325262427162,1,1,1
5,2.5,security_findings,100,aggregation,99.68971537959905,1,1,1
5,2.5,security_findings,100,join,99.42728821759891,1,1,1
5,2.5,security_findings,100,negative_evidence,99.8085701663967,1,1,1
5,2.5,security_findings,100,threshold,74.16538696173507,1,1,0
5,2.5,security_findings,100,provenance,74.16538696173507,1,1,0
5,2.5,security_findings,250,lookup,99.90617095061084,1,1,1
5,2.5,security_findings,250,rare_event,78.43030762825944,1,1,0
5,2.5,security_findings,250,latest_state,99.74725328137515,1,1,1
5,2.5,security_findings,250,aggregation,99.62785370276056,1,1,1
5,2.5,security_findings,250,join,99.71048243769562,1,1,1
5,2.5,security_findings,250,negative_evidence,99.88017776800979,1,1,1
5,2.5,security_findings,250,threshold,78.43030762825944,1,1,0
5,2.5,security_findings,250,provenance,78.43030762825944,1,1,0
5,2.5,security_findings,250,lookup,99.90598426028627,1,1,1
5,2.5,security_findings,250,rare_event,80.09126921248614,1,1,0
5,2.5,security_findings,250,latest_state,99.8265462420113,1,1,1
5,2.5,security_findings,250,aggregation,99.61823271536471,1,1,1
5,2.5,security_findings,250,join,99.92457613690382,1,1,1
5,2.5,security_findings,250,negative_evidence,99.9659853166429,1,1,1
5,2.5,security_findings,250,threshold,80.09126921248614,1,1,0
5,2.5,security_findings,250,provenance,80.09126921248614,1,1,0
5,2.5,security_findings,250,lookup,99.90774868711148,1,1,1
5,2.5,security_findings,250,rare_event,82.79237953375002,1,1,0
5,2.5,security_findings,250,latest_state,99.74800157419672,1,1,1
5,2.5,security_findings,250,aggregation,99.66886856726941,1,1,1
5,2.5,security_findings,250,join,99.84660045448582,1,1,1
5,2.5,security_findings,250,negative_evidence,99.95810605515612,1,1,1
5,2.5,security_findings,250,threshold,82.79237953375002,1,1,0
5,2.5,security_findings,250,provenance,82.79237953375002,1,1,0
5,2.5,security_findings,250,lookup,99.90837502902865,1,1,1
5,2.5,security_findings,250,rare_event,78.81035319948488,1,1,0
5,2.5,security_findings,250,latest_state,99.82625034306585,1,1,1
5,2.5,security_findings,250,aggregation,99.58747651318428,1,1,1
5,2.5,security_findings,250,join,99.76861528068063,1,1,1
5,2.5,security_findings,250,negative_evidence,99.94933181328773,1,1,1
5,2.5,security_findings,250,threshold,78.81035319948488,1,1,0
5,2.5,security_findings,250,provenance,78.81035319948488,1,1,0
5,2.5,security_findings,250,lookup,99.90379044501677,1,1,1
5,2.5,security_findings,250,rare_event,80.42484447884024,1,1,0
5,2.5,security_findings,250,latest_state,99.80546639431962,1,1,1
5,2.5,security_findings,250,aggregation,99.5942282724993,1,1,1
5,2.5,security_findings,250,join,99.71221713333587,1,1,1
5,2.5,security_findings,250,negative_evidence,99.93149033886908,1,1,1
5,2.5,security_findings,250,threshold,80.42484447884024,1,1,0
5,2.5,security_findings,250,provenance,80.42484447884024,1,1,0
5,2.5,security_findings,500,lookup,99.95341899298215,1,1,1
5,2.5,security_findings,500,rare_event,80.6176429798717,1,1,0
5,2.5,security_findings,500,latest_state,99.88259468913,1,1,1
5,2.5,security_findings,500,aggregation,99.61390697137703,1,1,1
5,2.5,security_findings,500,join,99.90281508081276,1,1,1
5,2.5,security_findings,500,negative_evidence,99.96601703806198,1,1,1
5,2.5,security_findings,500,threshold,80.6176429798717,1,1,0
5,2.5,security_findings,500,provenance,80.6176429798717,1,1,0
5,2.5,security_findings,500,lookup,99.9542077087568,1,1,1
5,2.5,security_findings,500,rare_event,82.00320651794571,1,1,0
5,2.5,security_findings,500,latest_state,99.92332699503159,1,1,1
5,2.5,security_findings,500,aggregation,99.62298032729326,1,1,1
5,2.5,security_findings,500,join,99.92322123916266,1,1,1
5,2.5,security_findings,500,negative_evidence,99.9792718496913,1,1,1
5,2.5,security_findings,500,threshold,82.00320651794571,1,1,0
5,2.5,security_findings,500,provenance,82.00320651794571,1,1,0
5,2.5,security_findings,500,lookup,99.95314410461874,1,1,1
5,2.5,security_findings,500,rare_event,80.18672550272251,1,1,0
5,2.5,security_findings,500,latest_state,99.89380740640456,1,1,1
5,2.5,security_findings,500,aggregation,99.6307586212732,1,1,1
5,2.5,security_findings,500,join,99.89412471495116,1,1,1
5,2.5,security_findings,500,negative_evidence,99.95779796330221,1,1,1
5,2.5,security_findings,500,threshold,80.18672550272251,1,1,0
5,2.5,security_findings,500,provenance,80.18672550272251,1,1,0
5,2.5,security_findings,500,lookup,99.95208483839475,1,1,1
5,2.5,security_findings,500,rare_event,82.19999344207501,1,1,0
5,2.5,security_findings,500,latest_state,99.90290040098539,1,1,1
5,2.5,security_findings,500,aggregation,99.60737068459449,1,1,1
5,2.5,security_findings,500,join,99.88322662602164,1,1,1
5,2.5,security_findings,500,negative_evidence,99.96604687223999,1,1,1
5,2.5,security_findings,500,threshold,82.19999344207501,1,1,0
5,2.5,security_findings,500,provenance,82.19999344207501,1,1,0
5,2.5,security_findings,500,lookup,99.95239384886212,1,1,1
5,2.5,security_findings,500,rare_event,80.8080562302699,1,1,0
5,2.5,security_findings,500,latest_state,99.91325101348207,1,1,1
5,2.5,security_findings,500,aggregation,99.58942339429741,1,1,1
5,2.5,security_findings,500,join,99.91282784769417,1,1,1
5,2.5,security_findings,500,negative_evidence,99.97450426127948,1,1,1
5,2.5,security_findings,500,threshold,80.8080562302699,1,1,0
5,2.5,security_findings,500,provenance,80.8080562302699,1,1,0
5,3.5,incident_ops,50,lookup,99.5561850802644,1,1,1
5,3.5,incident_ops,50,rare_event,68.2824467527017,1,1,0
5,3.5,incident_ops,50,latest_state,99.23302906305739,1,1,1
5,3.5,incident_ops,50,aggregation,99.47224845241843,1,1,1
5,3.5,incident_ops,50,join,98.95393977546952,1,1,1
5,3.5,incident_ops,50,negative_evidence,99.6222851746931,1,1,1
5,3.5,incident_ops,50,threshold,68.2824467527017,1,1,0
5,3.5,incident_ops,50,provenance,68.2824467527017,1,1,0
5,3.5,incident_ops,50,lookup,99.5290786092611,1,1,1
5,3.5,incident_ops,50,rare_event,74.32691803450626,1,1,0
5,3.5,incident_ops,50,latest_state,98.94278672190467,1,1,1
5,3.5,incident_ops,50,aggregation,99.38958519062354,1,1,1
5,3.5,incident_ops,50,join,99.53851801352981,1,1,1
5,3.5,incident_ops,50,negative_evidence,99.71472022654571,1,1,1
5,3.5,incident_ops,50,threshold,74.32691803450626,1,1,0
5,3.5,incident_ops,50,provenance,74.32691803450626,1,1,0
5,3.5,incident_ops,50,lookup,99.5384308747784,1,1,1
5,3.5,incident_ops,50,rare_event,64.2556673345432,1,1,0
5,3.5,incident_ops,50,latest_state,99.04644014812173,1,1,1
5,3.5,incident_ops,50,aggregation,99.47339158895171,1,1,1
5,3.5,incident_ops,50,join,99.34121497582007,1,1,1
5,3.5,incident_ops,50,negative_evidence,99.7954409558677,1,1,1
5,3.5,incident_ops,50,threshold,64.2556673345432,1,1,0
5,3.5,incident_ops,50,provenance,64.2556673345432,1,1,0
5,3.5,incident_ops,50,lookup,62.35153647960787,1,1,0
5,3.5,incident_ops,50,rare_event,62.35153647960787,1,1,0
5,3.5,incident_ops,50,latest_state,99.14535285615534,1,1,1
5,3.5,incident_ops,50,aggregation,99.50040847106139,1,1,1
5,3.5,incident_ops,50,join,99.34644630176585,1,1,1
5,3.5,incident_ops,50,negative_evidence,99.70673872515134,1,1,1
5,3.5,incident_ops,50,threshold,62.35153647960787,1,1,0
5,3.5,incident_ops,50,provenance,62.35153647960787,1,1,0
5,3.5,incident_ops,50,lookup,99.55134387186045,1,1,1
5,3.5,incident_ops,50,rare_event,62.43762841209275,1,1,0
5,3.5,incident_ops,50,latest_state,99.33540190364376,1,1,1
5,3.5,incident_ops,50,aggregation,99.80187848547108,1,1,1
5,3.5,incident_ops,50,join,99.24944442114973,1,1,1
5,3.5,incident_ops,50,negative_evidence,99.67084573776678,1,1,1
5,3.5,incident_ops,50,threshold,62.43762841209275,1,1,0
5,3.5,incident_ops,50,provenance,62.43762841209275,1,1,0
5,3.5,incident_ops,100,lookup,99.76806111774465,1,1,1
5,3.5,incident_ops,100,rare_event,74.11636040871963,1,1,0
5,3.5,incident_ops,100,latest_state,99.51710219047519,1,1,1
5,3.5,incident_ops,100,aggregation,99.57997400593848,1,1,1
5,3.5,incident_ops,100,join,99.42622864207445,1,1,1
5,3.5,incident_ops,100,negative_evidence,74.11636040871963,1,1,0
5,3.5,incident_ops,100,threshold,74.11636040871963,1,1,0
5,3.5,incident_ops,100,provenance,74.11636040871963,1,1,0
5,3.5,incident_ops,100,lookup,99.76548635172821,1,1,1
5,3.5,incident_ops,100,rare_event,78.10730583960111,1,1,0
5,3.5,incident_ops,100,latest_state,99.4205822699231,1,1,1
5,3.5,incident_ops,100,aggregation,99.6307994591397,1,1,1
5,3.5,incident_ops,100,join,99.27955717062453,1,1,1
5,3.5,incident_ops,100,negative_evidence,99.89700414096173,1,1,1
5,3.5,incident_ops,100,threshold,78.10730583960111,1,1,0
5,3.5,incident_ops,100,provenance,78.10730583960111,1,1,0
5,3.5,incident_ops,100,lookup,99.76551855255235,1,1,1
5,3.5,incident_ops,100,rare_event,74.08346272061851,1,1,0
5,3.5,incident_ops,100,latest_state,99.61711925810916,1,1,1
5,3.5,incident_ops,100,aggregation,99.58067957370851,1,1,1
5,3.5,incident_ops,100,join,99.37735669698026,1,1,1
5,3.5,incident_ops,100,negative_evidence,99.83364491904054,1,1,1
5,3.5,incident_ops,100,threshold,74.08346272061851,1,1,0
5,3.5,incident_ops,100,provenance,74.08346272061851,1,1,0
5,3.5,incident_ops,100,lookup,99.76578696108582,1,1,1
5,3.5,incident_ops,100,rare_event,71.22397413106435,1,1,0
5,3.5,incident_ops,100,latest_state,99.61861255149785,1,1,1
5,3.5,incident_ops,100,aggregation,99.63127271576349,1,1,1
5,3.5,incident_ops,100,join,99.42660006013578,1,1,1
5,3.5,incident_ops,100,negative_evidence,99.89819117903055,1,1,1
5,3.5,incident_ops,100,threshold,71.22397413106435,1,1,0
5,3.5,incident_ops,100,provenance,71.22397413106435,1,1,0
5,3.5,incident_ops,100,lookup,99.77490092470276,1,1,1
5,3.5,incident_ops,100,rare_event,75.10647291941875,1,1,0
5,3.5,incident_ops,100,latest_state,99.47054161162482,1,1,1
5,3.5,incident_ops,100,aggregation,99.58150594451783,1,1,1
5,3.5,incident_ops,100,join,99.38124174372524,1,1,1
5,3.5,incident_ops,100,negative_evidence,99.87582562747687,1,1,1
5,3.5,incident_ops,100,threshold,75.10647291941875,1,1,0
5,3.5,incident_ops,100,provenance,75.10647291941875,1,1,0
5,3.5,incident_ops,250,lookup,99.9061357154662,1,1,1
5,3.5,incident_ops,250,rare_event,80.77328914861069,1,1,0
5,3.5,incident_ops,250,latest_state,99.88515927264714,1,1,1
5,3.5,incident_ops,250,aggregation,99.69361680488518,1,1,1
5,3.5,incident_ops,250,join,99.75040151877921,1,1,1
5,3.5,incident_ops,250,negative_evidence,99.94236775306278,1,1,1
5,3.5,incident_ops,250,threshold,80.77328914861069,1,1,0
5,3.5,incident_ops,250,provenance,80.77328914861069,1,1,0
5,3.5,incident_ops,250,lookup,99.91005610886606,1,1,1
5,3.5,incident_ops,250,rare_event,84.02626191915657,1,1,0
5,3.5,incident_ops,250,latest_state,99.86678121784877,1,1,1
5,3.5,incident_ops,250,aggregation,99.6436185445636,1,1,1
5,3.5,incident_ops,250,join,99.73038045841686,1,1,1
5,3.5,incident_ops,250,negative_evidence,99.94102735439803,1,1,1
5,3.5,incident_ops,250,threshold,84.02626191915657,1,1,0
5,3.5,incident_ops,250,provenance,84.02626191915657,1,1,0
5,3.5,incident_ops,250,lookup,99.90821370731831,1,1,1
5,3.5,incident_ops,250,rare_event,83.58530401824703,1,1,0
5,3.5,incident_ops,250,latest_state,99.78632659809898,1,1,1
5,3.5,incident_ops,250,aggregation,99.50206466164138,1,1,1
5,3.5,incident_ops,250,join,99.7697923467614,1,1,1
5,3.5,incident_ops,250,negative_evidence,99.94954933566225,1,1,1
5,3.5,incident_ops,250,threshold,83.58530401824703,1,1,0
5,3.5,incident_ops,250,provenance,83.58530401824703,1,1,0
5,3.5,incident_ops,250,lookup,99.90985462471168,1,1,1
5,3.5,incident_ops,250,rare_event,82.43773409230378,1,1,0
5,3.5,incident_ops,250,latest_state,99.84637196605793,1,1,1
5,3.5,incident_ops,250,aggregation,99.57191527181159,1,1,1
5,3.5,incident_ops,250,join,99.63307023298135,1,1,1
5,3.5,incident_ops,250,negative_evidence,99.9005438347758,1,1,1
5,3.5,incident_ops,250,threshold,82.43773409230378,1,1,0
5,3.5,incident_ops,250,provenance,82.43773409230378,1,1,0
5,3.5,incident_ops,250,lookup,99.91144030271315,1,1,1
5,3.5,incident_ops,250,rare_event,82.01094072432511,1,1,0
5,3.5,incident_ops,250,latest_state,99.80762630350128,1,1,1
5,3.5,incident_ops,250,aggregation,99.58516773376158,1,1,1
5,3.5,incident_ops,250,join,99.69300717375921,1,1,1
5,3.5,incident_ops,250,negative_evidence,99.92542341281107,1,1,1
5,3.5,incident_ops,250,threshold,82.01094072432511,1,1,0
5,3.5,incident_ops,250,provenance,82.01094072432511,1,1,0
5,3.5,incident_ops,500,lookup,99.95354648215357,1,1,1
5,3.5,incident_ops,500,rare_event,80.61488336773157,1,1,0
5,3.5,incident_ops,500,latest_state,99.90348698346976,1,1,1
5,3.5,incident_ops,500,aggregation,99.63505352760377,1,1,1
5,3.5,incident_ops,500,join,99.87432096199083,1,1,1
5,3.5,incident_ops,500,negative_evidence,99.97528842543785,1,1,1
5,3.5,incident_ops,500,threshold,80.61488336773157,1,1,0
5,3.5,incident_ops,500,provenance,80.61488336773157,1,1,0
5,3.5,incident_ops,500,lookup,82.58737556613892,1,1,0
5,3.5,incident_ops,500,rare_event,82.58737556613892,1,1,0
5,3.5,incident_ops,500,latest_state,99.90324315779534,1,1,1
5,3.5,incident_ops,500,aggregation,99.61254825906644,1,1,1
5,3.5,incident_ops,500,join,99.87512850518105,1,1,1
5,3.5,incident_ops,500,negative_evidence,99.97517423127644,1,1,1
5,3.5,incident_ops,500,threshold,82.58737556613892,1,1,0
5,3.5,incident_ops,500,provenance,82.58737556613892,1,1,0
5,3.5,incident_ops,500,lookup,99.95469890152793,1,1,1
5,3.5,incident_ops,500,rare_event,87.3803021912152,1,1,0
5,3.5,incident_ops,500,latest_state,99.90388104164943,1,1,1
5,3.5,incident_ops,500,aggregation,99.63493892308574,1,1,1
5,3.5,incident_ops,500,join,99.91417192350373,1,1,1
5,3.5,incident_ops,500,negative_evidence,99.97506848210553,1,1,1
5,3.5,incident_ops,500,threshold,87.3803021912152,1,1,0
5,3.5,incident_ops,500,provenance,87.3803021912152,1,1,0
5,3.5,incident_ops,500,lookup,99.95289494511836,1,1,1
5,3.5,incident_ops,500,rare_event,81.81214419239232,1,1,0
5,3.5,incident_ops,500,latest_state,99.91342854778512,1,1,1
5,3.5,incident_ops,500,aggregation,99.65562385552752,1,1,1
5,3.5,incident_ops,500,join,99.90430459571344,1,1,1
5,3.5,incident_ops,500,negative_evidence,99.96647478075992,1,1,1
5,3.5,incident_ops,500,threshold,81.81214419239232,1,1,0
5,3.5,incident_ops,500,provenance,81.81214419239232,1,1,0
5,3.5,incident_ops,500,lookup,99.95364703436483,1,1,1
5,3.5,incident_ops,500,rare_event,81.39347409643538,1,1,0
5,3.5,incident_ops,500,latest_state,99.88257955844823,1,1,1
5,3.5,incident_ops,500,aggregation,99.6559061315321,1,1,1
5,3.5,incident_ops,500,join,99.89467163644001,1,1,1
5,3.5,incident_ops,500,negative_evidence,99.96679982095239,1,1,1
5,3.5,incident_ops,500,threshold,81.39347409643538,1,1,0
5,3.5,incident_ops,500,provenance,81.39347409643538,1,1,0
5,3.5,identity_events,50,lookup,99.55625491738789,1,1,1
5,3.5,identity_events,50,rare_event,66.29635457644899,1,1,0
5,3.5,identity_events,50,latest_state,99.23734592184633,1,1,1
5,3.5,identity_events,50,aggregation,99.6338840807763,1,1,1
5,3.5,identity_events,50,join,99.33910306845004,1,1,1
5,3.5,identity_events,50,negative_evidence,99.70626803042224,1,1,1
5,3.5,identity_events,50,threshold,66.29635457644899,1,1,0
5,3.5,identity_events,50,provenance,66.29635457644899,1,1,0
5,3.5,identity_events,50,lookup,99.53801671939492,1,1,1
5,3.5,identity_events,50,rare_event,70.40164260721993,1,1,0
5,3.5,identity_events,50,latest_state,99.33478597917409,1,1,1
5,3.5,identity_events,50,aggregation,99.59249093842318,1,1,1
5,3.5,identity_events,50,join,99.33583356030925,1,1,1
5,3.5,identity_events,50,negative_evidence,99.75067568983218,1,1,1
5,3.5,identity_events,50,threshold,70.40164260721993,1,1,0
5,3.5,identity_events,50,provenance,70.40164260721993,1,1,0
5,3.5,identity_events,50,lookup,99.54678976080571,1,1,1
5,3.5,identity_events,50,rare_event,58.385438522870324,1,1,0
5,3.5,identity_events,50,latest_state,99.13869072597566,1,1,1
5,3.5,identity_events,50,aggregation,99.46705832983635,1,1,1
5,3.5,identity_events,50,join,99.15337809483844,1,1,1
5,3.5,identity_events,50,negative_evidence,99.79122954259337,1,1,1
5,3.5,identity_events,50,threshold,58.385438522870324,1,1,0
5,3.5,identity_events,50,provenance,58.385438522870324,1,1,0
5,3.5,identity_events,50,lookup,99.54488386691777,1,1,1
5,3.5,identity_events,50,rare_event,66.27537141661435,1,1,0
5,3.5,identity_events,50,latest_state,99.03850177861477,1,1,1
5,3.5,identity_events,50,aggregation,99.54802259887006,1,1,1
5,3.5,identity_events,50,join,98.65557648043523,1,1,1
5,3.5,identity_events,50,negative_evidence,66.27537141661435,1,1,0
5,3.5,identity_events,50,threshold,66.27537141661435,1,1,0
5,3.5,identity_events,50,provenance,66.27537141661435,1,1,0
5,3.5,identity_events,50,lookup,99.54329290009008,1,1,1
5,3.5,identity_events,50,rare_event,64.28885676575953,1,1,0
5,3.5,identity_events,50,latest_state,98.94412670479542,1,1,1
5,3.5,identity_events,50,aggregation,99.63128234135714,1,1,1
5,3.5,identity_events,50,join,99.1431504409947,1,1,1
5,3.5,identity_events,50,negative_evidence,99.58624012737519,1,1,1
5,3.5,identity_events,50,threshold,64.28885676575953,1,1,0
5,3.5,identity_events,50,provenance,64.28885676575953,1,1,0
5,3.5,identity_events,100,lookup,99.76752767527675,1,1,1
5,3.5,identity_events,100,rare_event,78.0764364786505,1,1,0
5,3.5,identity_events,100,latest_state,99.66684238270955,1,1,1
5,3.5,identity_events,100,aggregation,99.73115445440169,1,1,1
5,3.5,identity_events,100,join,99.52240379546653,1,1,1
5,3.5,identity_events,100,negative_evidence,99.85608856088561,1,1,1
5,3.5,identity_events,100,threshold,78.0764364786505,1,1,0
5,3.5,identity_events,100,provenance,78.0764364786505,1,1,0
5,3.5,identity_events,100,lookup,99.76336861676279,1,1,1
5,3.5,identity_events,100,rare_event,75.16321227102745,1,1,0
5,3.5,identity_events,100,latest_state,99.51775791764382,1,1,1
5,3.5,identity_events,100,aggregation,99.69259047981238,1,1,1
5,3.5,identity_events,100,join,99.22830702921975,1,1,1
5,3.5,identity_events,100,negative_evidence,99.83361855866134,1,1,1
5,3.5,identity_events,100,threshold,75.16321227102745,1,1,0
5,3.5,identity_events,100,provenance,75.16321227102745,1,1,0
5,3.5,identity_events,100,lookup,99.76408497163214,1,1,1
5,3.5,identity_events,100,rare_event,82.08892993798655,1,1,0
5,3.5,identity_events,100,latest_state,99.37247658002374,1,1,1
5,3.5,identity_events,100,aggregation,99.74772397413906,1,1,1
5,3.5,identity_events,100,join,99.57039187227866,1,1,1
5,3.5,identity_events,100,negative_evidence,99.812112415886,1,1,1
5,3.5,identity_events,100,threshold,82.08892993798655,1,1,0
5,3.5,identity_events,100,provenance,82.08892993798655,1,1,0
5,3.5,identity_events,100,lookup,99.7727368598667,1,1,1
5,3.5,identity_events,100,rare_event,73.15711212351303,1,1,0
5,3.5,identity_events,100,latest_state,99.51858179363875,1,1,1
5,3.5,identity_events,100,aggregation,99.55654686577238,1,1,1
5,3.5,identity_events,100,join,99.4178688939509,1,1,1
5,3.5,identity_events,100,negative_evidence,99.78750105458533,1,1,1
5,3.5,identity_events,100,threshold,73.15711212351303,1,1,0
5,3.5,identity_events,100,provenance,73.15711212351303,1,1,0
5,3.5,identity_events,100,lookup,99.77314692693221,1,1,1
5,3.5,identity_events,100,rare_event,81.1147454497494,1,1,0
5,3.5,identity_events,100,latest_state,99.66235821682933,1,1,1
5,3.5,identity_events,100,aggregation,99.45344236349248,1,1,1
5,3.5,identity_events,100,join,99.2286995515695,1,1,1
5,3.5,identity_events,100,negative_evidence,99.81324188868372,1,1,1
5,3.5,identity_events,100,threshold,81.1147454497494,1,1,0
5,3.5,identity_events,100,provenance,81.1147454497494,1,1,0
5,3.5,identity_events,250,lookup,82.79925976429337,1,1,0
5,3.5,identity_events,250,rare_event,82.79925976429337,1,1,0
5,3.5,identity_events,250,latest_state,99.78720340813328,1,1,1
5,3.5,identity_events,250,aggregation,99.60913183225276,1,1,1
5,3.5,identity_events,250,join,99.7499375373188,1,1,1
5,3.5,identity_events,250,negative_evidence,99.95087680665365,1,1,1
5,3.5,identity_events,250,threshold,82.79925976429337,1,1,0
5,3.5,identity_events,250,provenance,82.79925976429337,1,1,0
5,3.5,identity_events,250,lookup,81.63729223240762,1,1,0
5,3.5,identity_events,250,rare_event,81.63729223240762,1,1,0
5,3.5,identity_events,250,latest_state,99.7673891923812,1,1,1
5,3.5,identity_events,250,aggregation,99.63552701481386,1,1,1
5,3.5,identity_events,250,join,99.82771137634057,1,1,1
5,3.5,identity_events,250,negative_evidence,99.9242268706756,1,1,1
5,3.5,identity_events,250,threshold,81.63729223240762,1,1,0
5,3.5,identity_events,250,provenance,81.63729223240762,1,1,0
5,3.5,identity_events,250,lookup,99.90554009462934,1,1,1
5,3.5,identity_events,250,rare_event,81.62013563256367,1,1,0
5,3.5,identity_events,250,latest_state,99.78651214212192,1,1,1
5,3.5,identity_events,250,aggregation,99.62681983573295,1,1,1
5,3.5,identity_events,250,join,99.76999224835754,1,1,1
5,3.5,identity_events,250,negative_evidence,99.9324378703739,1,1,1
5,3.5,identity_events,250,threshold,81.62013563256367,1,1,0
5,3.5,identity_events,250,provenance,81.62013563256367,1,1,0
5,3.5,identity_events,250,lookup,99.9090705316625,1,1,1
5,3.5,identity_events,250,rare_event,83.6071085697852,1,1,0
5,3.5,identity_events,250,latest_state,99.78747880074604,1,1,1
5,3.5,identity_events,250,aggregation,99.61006060554797,1,1,1
5,3.5,identity_events,250,join,99.88580950487848,1,1,1
5,3.5,identity_events,250,negative_evidence,99.90589857346467,1,1,1
5,3.5,identity_events,250,threshold,83.6071085697852,1,1,0
5,3.5,identity_events,250,provenance,83.6071085697852,1,1,0
5,3.5,identity_events,250,lookup,99.9100070088659,1,1,1
5,3.5,identity_events,250,rare_event,80.01943848608497,1,1,0
5,3.5,identity_events,250,latest_state,99.84563555167821,1,1,1
5,3.5,identity_events,250,aggregation,99.63536957474605,1,1,1
5,3.5,identity_events,250,join,99.76792395698124,1,1,1
5,3.5,identity_events,250,negative_evidence,99.9584973499711,1,1,1
5,3.5,identity_events,250,threshold,80.01943848608497,1,1,0
5,3.5,identity_events,250,provenance,80.01943848608497,1,1,0
5,3.5,identity_events,500,lookup,83.20357730433041,1,1,0
5,3.5,identity_events,500,rare_event,83.20357730433041,1,1,0
5,3.5,identity_events,500,latest_state,99.92340704125532,1,1,1
5,3.5,identity_events,500,aggregation,99.6275230388018,1,1,1
5,3.5,identity_events,500,join,99.89385042232065,1,1,1
5,3.5,identity_events,500,negative_evidence,99.95773085679235,1,1,1
5,3.5,identity_events,500,threshold,83.20357730433041,1,1,0
5,3.5,identity_events,500,provenance,83.20357730433041,1,1,0
5,3.5,identity_events,500,lookup,99.95177208441052,1,1,1
5,3.5,identity_events,500,rare_event,83.01847394155625,1,1,0
5,3.5,identity_events,500,latest_state,99.91340174277667,1,1,1
5,3.5,identity_events,500,aggregation,99.63463379112754,1,1,1
5,3.5,identity_events,500,join,99.90354416882103,1,1,1
5,3.5,identity_events,500,negative_evidence,99.97509107656367,1,1,1
5,3.5,identity_events,500,threshold,83.01847394155625,1,1,0
5,3.5,identity_events,500,provenance,83.01847394155625,1,1,0
5,3.5,identity_events,500,lookup,99.95288831672602,1,1,1
5,3.5,identity_events,500,rare_event,83.19933853079304,1,1,0
5,3.5,identity_events,500,latest_state,99.92250392773809,1,1,1
5,3.5,identity_events,500,aggregation,99.68133445695581,1,1,1
5,3.5,identity_events,500,join,99.84500785547617,1,1,1
5,3.5,identity_events,500,negative_evidence,99.96696888723264,1,1,1
5,3.5,identity_events,500,threshold,83.19933853079304,1,1,0
5,3.5,identity_events,500,provenance,83.19933853079304,1,1,0
5,3.5,identity_events,500,lookup,99.95384792892581,1,1,1
5,3.5,identity_events,500,rare_event,82.9916915686729,1,1,0
5,3.5,identity_events,500,latest_state,99.9129885265528,1,1,1
5,3.5,identity_events,500,aggregation,99.6353351264895,1,1,1
5,3.5,identity_events,500,join,99.85540429108407,1,1,1
5,3.5,identity_events,500,negative_evidence,99.9624220522217,1,1,1
5,3.5,identity_events,500,threshold,82.9916915686729,1,1,0
5,3.5,identity_events,500,provenance,82.9916915686729,1,1,0
5,3.5,identity_events,500,lookup,83.82186150784868,1,1,0
5,3.5,identity_events,500,rare_event,83.82186150784868,1,1,0
5,3.5,identity_events,500,latest_state,99.87345109970465,1,1,1
5,3.5,identity_events,500,aggregation,99.56613318451042,1,1,1
5,3.5,identity_events,500,join,99.87535727560868,1,1,1
5,3.5,identity_events,500,negative_evidence,99.97892616639433,1,1,1
5,3.5,identity_events,500,threshold,83.82186150784868,1,1,0
5,3.5,identity_events,500,provenance,83.82186150784868,1,1,0
5,3.5,cloud_inventory,50,lookup,99.53654674901176,1,1,1
5,3.5,cloud_inventory,50,rare_event,62.42463641987606,1,1,0
5,3.5,cloud_inventory,50,latest_state,98.75538685764016,1,1,1
5,3.5,cloud_inventory,50,aggregation,99.5428379696134,1,1,1
5,3.5,cloud_inventory,50,join,98.56350462928982,1,1,1
5,3.5,cloud_inventory,50,negative_evidence,99.70955531555714,1,1,1
5,3.5,cloud_inventory,50,threshold,62.42463641987606,1,1,0
5,3.5,cloud_inventory,50,provenance,62.42463641987606,1,1,0
5,3.5,cloud_inventory,50,lookup,68.37391987431265,1,1,0
5,3.5,cloud_inventory,50,rare_event,68.37391987431265,1,1,0
5,3.5,cloud_inventory,50,latest_state,99.33595181984812,1,1,1
5,3.5,cloud_inventory,50,aggregation,99.63341188792879,1,1,1
5,3.5,cloud_inventory,50,join,99.05629746006808,1,1,1
5,3.5,cloud_inventory,50,negative_evidence,99.83241686305315,1,1,1
5,3.5,cloud_inventory,50,threshold,68.37391987431265,1,1,0
5,3.5,cloud_inventory,50,provenance,68.37391987431265,1,1,0
5,3.5,cloud_inventory,50,lookup,99.52992529169813,1,1,1
5,3.5,cloud_inventory,50,rare_event,68.29933685889364,1,1,0
5,3.5,cloud_inventory,50,latest_state,99.13539830437338,1,1,1
5,3.5,cloud_inventory,50,aggregation,99.5026441702342,1,1,1
5,3.5,cloud_inventory,50,join,98.85419289851423,1,1,1
5,3.5,cloud_inventory,50,negative_evidence,99.75027281121463,1,1,1
5,3.5,cloud_inventory,50,threshold,68.29933685889364,1,1,0
5,3.5,cloud_inventory,50,provenance,68.29933685889364,1,1,0
5,3.5,cloud_inventory,50,lookup,99.53998658730823,1,1,1
5,3.5,cloud_inventory,50,rare_event,58.38293234973594,1,1,0
5,3.5,cloud_inventory,50,latest_state,99.24134462234889,1,1,1
5,3.5,cloud_inventory,50,aggregation,99.59237991449409,1,1,1
5,3.5,cloud_inventory,50,join,99.15437169922039,1,1,1
5,3.5,cloud_inventory,50,negative_evidence,99.75060776259535,1,1,1
5,3.5,cloud_inventory,50,threshold,58.38293234973594,1,1,0
5,3.5,cloud_inventory,50,provenance,58.38293234973594,1,1,0
5,3.5,cloud_inventory,50,lookup,99.51462430660615,1,1,1
5,3.5,cloud_inventory,50,rare_event,68.1049336022861,1,1,0
5,3.5,cloud_inventory,50,latest_state,99.2404185577408,1,1,1
5,3.5,cloud_inventory,50,aggregation,99.54824340225248,1,1,1
5,3.5,cloud_inventory,50,join,99.43688014792403,1,1,1
5,3.5,cloud_inventory,50,negative_evidence,99.71108589678937,1,1,1
5,3.5,cloud_inventory,50,threshold,68.1049336022861,1,1,0
5,3.5,cloud_inventory,50,provenance,68.1049336022861,1,1,0
5,3.5,cloud_inventory,100,lookup,99.76916996047431,1,1,1
5,3.5,cloud_inventory,100,rare_event,72.12648221343873,1,1,0
5,3.5,cloud_inventory,100,latest_state,99.46982872200265,1,1,1
5,3.5,cloud_inventory,100,aggregation,99.67009222661397,1,1,1
5,3.5,cloud_inventory,100,join,99.3270092226614,1,1,1
5,3.5,cloud_inventory,100,negative_evidence,99.81080368906456,1,1,1
5,3.5,cloud_inventory,100,threshold,72.12648221343873,1,1,0
5,3.5,cloud_inventory,100,provenance,72.12648221343873,1,1,0
5,3.5,cloud_inventory,100,lookup,99.76363828215679,1,1,1
5,3.5,cloud_inventory,100,rare_event,77.00010551862404,1,1,0
5,3.5,cloud_inventory,100,latest_state,99.51936266751082,1,1,1
5,3.5,cloud_inventory,100,aggregation,99.72617917062362,1,1,1
5,3.5,cloud_inventory,100,join,99.23024163764904,1,1,1
5,3.5,cloud_inventory,100,negative_evidence,99.81587000105519,1,1,1
5,3.5,cloud_inventory,100,threshold,77.00010551862404,1,1,0
5,3.5,cloud_inventory,100,provenance,77.00010551862404,1,1,0
5,3.5,cloud_inventory,100,lookup,78.08876280435942,1,1,0
5,3.5,cloud_inventory,100,rare_event,78.08876280435942,1,1,0
5,3.5,cloud_inventory,100,latest_state,99.66242452097565,1,1,1
5,3.5,cloud_inventory,100,aggregation,99.56521968820493,1,1,1
5,3.5,cloud_inventory,100,join,99.32643390335515,1,1,1
5,3.5,cloud_inventory,100,negative_evidence,99.85524932511318,1,1,1
5,3.5,cloud_inventory,100,threshold,78.08876280435942,1,1,0
5,3.5,cloud_inventory,100,provenance,78.08876280435942,1,1,0
5,3.5,cloud_inventory,100,lookup,99.76704719139023,1,1,1
5,3.5,cloud_inventory,100,rare_event,79.08747852301595,1,1,0
5,3.5,cloud_inventory,100,latest_state,99.61736710622016,1,1,1
5,3.5,cloud_inventory,100,aggregation,99.5989206168506,1,1,1
5,3.5,cloud_inventory,100,join,99.42394248911657,1,1,1
5,3.5,cloud_inventory,100,negative_evidence,99.83029229780013,1,1,1
5,3.5,cloud_inventory,100,threshold,79.08747852301595,1,1,0
5,3.5,cloud_inventory,100,provenance,79.08747852301595,1,1,0
5,3.5,cloud_inventory,100,lookup,99.76552043924082,1,1,1
5,3.5,cloud_inventory,100,rare_event,77.04945674510755,1,1,0
5,3.5,cloud_inventory,100,latest_state,99.61587505664394,1,1,1
5,3.5,cloud_inventory,100,aggregation,99.69227850902614,1,1,1
5,3.5,cloud_inventory,100,join,99.57214066665964,1,1,1
5,3.5,cloud_inventory,100,negative_evidence,99.8566776617382,1,1,1
5,3.5,cloud_inventory,100,threshold,77.04945674510755,1,1,0
5,3.5,cloud_inventory,100,provenance,77.04945674510755,1,1,0
5,3.5,cloud_inventory,250,lookup,99.90948618606933,1,1,1
5,3.5,cloud_inventory,250,rare_event,80.05375843808686,1,1,0
5,3.5,cloud_inventory,250,latest_state,99.76715955808957,1,1,1
5,3.5,cloud_inventory,250,aggregation,99.65317136718154,1,1,1
5,3.5,cloud_inventory,250,join,99.72993892432368,1,1,1
5,3.5,cloud_inventory,250,negative_evidence,99.9236554046052,1,1,1
5,3.5,cloud_inventory,250,threshold,80.05375843808686,1,1,0
5,3.5,cloud_inventory,250,provenance,80.05375843808686,1,1,0
5,3.5,cloud_inventory,250,lookup,99.90882957052594,1,1,1
5,3.5,cloud_inventory,250,rare_event,82.02842571302257,1,1,0
5,3.5,cloud_inventory,250,latest_state,99.86525391281907,1,1,1
5,3.5,cloud_inventory,250,aggregation,99.58687738106067,1,1,1
5,3.5,cloud_inventory,250,join,99.77027590160363,1,1,1
5,3.5,cloud_inventory,250,negative_evidence,99.91686779864662,1,1,1
5,3.5,cloud_inventory,250,threshold,82.02842571302257,1,1,0
5,3.5,cloud_inventory,250,provenance,82.02842571302257,1,1,0
5,3.5,cloud_inventory,250,lookup,78.44515568116194,1,1,0
5,3.5,cloud_inventory,250,rare_event,78.44515568116194,1,1,0
5,3.5,cloud_inventory,250,latest_state,99.78782769832188,1,1,1
5,3.5,cloud_inventory,250,aggregation,99.67042428114205,1,1,1
5,3.5,cloud_inventory,250,join,99.82717370840376,1,1,1
5,3.5,cloud_inventory,250,negative_evidence,99.91644261299814,1,1,1
5,3.5,cloud_inventory,250,threshold,78.44515568116194,1,1,0
5,3.5,cloud_inventory,250,provenance,78.44515568116194,1,1,0
5,3.5,cloud_inventory,250,lookup,99.90565379172334,1,1,1
5,3.5,cloud_inventory,250,rare_event,84.80814508162217,1,1,0
5,3.5,cloud_inventory,250,latest_state,99.78740372350214,1,1,1
5,3.5,cloud_inventory,250,aggregation,99.62621132281423,1,1,1
5,3.5,cloud_inventory,250,join,99.84726914265526,1,1,1
5,3.5,cloud_inventory,250,negative_evidence,99.91623072090235,1,1,1
5,3.5,cloud_inventory,250,threshold,84.80814508162217,1,1,0
5,3.5,cloud_inventory,250,provenance,84.80814508162217,1,1,0
5,3.5,cloud_inventory,250,lookup,82.42996784021666,1,1,0
5,3.5,cloud_inventory,250,rare_event,82.42996784021666,1,1,0
5,3.5,cloud_inventory,250,latest_state,99.86649458361543,1,1,1
5,3.5,cloud_inventory,250,aggregation,99.63502877454299,1,1,1
5,3.5,cloud_inventory,250,join,99.86734089370344,1,1,1
5,3.5,cloud_inventory,250,negative_evidence,99.92383209207854,1,1,1
5,3.5,cloud_inventory,250,threshold,82.42996784021666,1,1,0
5,3.5,cloud_inventory,250,provenance,82.42996784021666,1,1,0
5,3.5,cloud_inventory,500,lookup,99.95406668585846,1,1,1
5,3.5,cloud_inventory,500,rare_event,80.61148459858094,1,1,0
5,3.5,cloud_inventory,500,latest_state,99.91289604253805,1,1,1
5,3.5,cloud_inventory,500,aggregation,99.60586253026942,1,1,1
5,3.5,cloud_inventory,500,join,99.88453169187001,1,1,1
5,3.5,cloud_inventory,500,negative_evidence,99.9626394933365,1,1,1
5,3.5,cloud_inventory,500,threshold,80.61148459858094,1,1,0
5,3.5,cloud_inventory,500,provenance,80.61148459858094,1,1,0
5,3.5,cloud_inventory,500,lookup,99.95286750897901,1,1,1
5,3.5,cloud_inventory,500,rare_event,82.22988581227287,1,1,0
5,3.5,cloud_inventory,500,latest_state,99.922999278714,1,1,1
5,3.5,cloud_inventory,500,aggregation,99.71423941398956,1,1,1
5,3.5,cloud_inventory,500,join,99.8646397224161,1,1,1
5,3.5,cloud_inventory,500,negative_evidence,99.97479206098203,1,1,1
5,3.5,cloud_inventory,500,threshold,82.22988581227287,1,1,0
5,3.5,cloud_inventory,500,provenance,82.22988581227287,1,1,0
5,3.5,cloud_inventory,500,lookup,99.95458347007697,1,1,1
5,3.5,cloud_inventory,500,rare_event,83.40814533289576,1,1,0
5,3.5,cloud_inventory,500,latest_state,99.87317248753428,1,1,1
5,3.5,cloud_inventory,500,aggregation,99.64725436432738,1,1,1
5,3.5,cloud_inventory,500,join,99.92398818535025,1,1,1
5,3.5,cloud_inventory,500,negative_evidence,99.96188822663801,1,1,1
5,3.5,cloud_inventory,500,threshold,83.40814533289576,1,1,0
5,3.5,cloud_inventory,500,provenance,83.40814533289576,1,1,0
5,3.5,cloud_inventory,500,lookup,99.95253573592917,1,1,1
5,3.5,cloud_inventory,500,rare_event,84.60928858696344,1,1,0
5,3.5,cloud_inventory,500,latest_state,99.93219390847025,1,1,1
5,3.5,cloud_inventory,500,aggregation,99.62537134429815,1,1,1
5,3.5,cloud_inventory,500,join,99.82561120834693,1,1,1
5,3.5,cloud_inventory,500,negative_evidence,99.96715642441528,1,1,1
5,3.5,cloud_inventory,500,threshold,84.60928858696344,1,1,0
5,3.5,cloud_inventory,500,provenance,84.60928858696344,1,1,0
5,3.5,cloud_inventory,500,lookup,99.95265908717825,1,1,1
5,3.5,cloud_inventory,500,rare_event,83.20816763131278,1,1,0
5,3.5,cloud_inventory,500,latest_state,99.90383546120322,1,1,1
5,3.5,cloud_inventory,500,aggregation,99.66893133449479,1,1,1
5,3.5,cloud_inventory,500,join,99.84600964822631,1,1,1
5,3.5,cloud_inventory,500,negative_evidence,99.96632122980465,1,1,1
5,3.5,cloud_inventory,500,threshold,83.20816763131278,1,1,0
5,3.5,cloud_inventory,500,provenance,83.20816763131278,1,1,0
5,3.5,issue_tracking,50,lookup,99.5400685182663,1,1,1
5,3.5,issue_tracking,50,rare_event,68.25634632107199,1,1,0
5,3.5,issue_tracking,50,latest_state,99.24043206319605,1,1,1
5,3.5,issue_tracking,50,aggregation,99.59350019382079,1,1,1
5,3.5,issue_tracking,50,join,99.34310469465369,1,1,1
5,3.5,issue_tracking,50,negative_evidence,68.25634632107199,1,1,0
5,3.5,issue_tracking,50,threshold,68.25634632107199,1,1,0
5,3.5,issue_tracking,50,provenance,68.25634632107199,1,1,0
5,3.5,issue_tracking,50,lookup,99.55150372000419,1,1,1
5,3.5,issue_tracking,50,rare_event,70.33951587551084,1,1,0
5,3.5,issue_tracking,50,latest_state,99.14387509169025,1,1,1
5,3.5,issue_tracking,50,aggregation,99.59341926019071,1,1,1
5,3.5,issue_tracking,50,join,99.24447238813791,1,1,1
5,3.5,issue_tracking,50,negative_evidence,99.75793775542282,1,1,1
5,3.5,issue_tracking,50,threshold,70.33951587551084,1,1,0
5,3.5,issue_tracking,50,provenance,70.33951587551084,1,1,0
5,3.5,issue_tracking,50,lookup,99.54937488865367,1,1,1
5,3.5,issue_tracking,50,rare_event,60.42253963929032,1,1,0
5,3.5,issue_tracking,50,latest_state,99.04425557779571,1,1,1
5,3.5,issue_tracking,50,aggregation,99.415235320625,1,1,1
5,3.5,issue_tracking,50,join,99.34606960586022,1,1,1
5,3.5,issue_tracking,50,negative_evidence,99.7558240675728,1,1,1
5,3.5,issue_tracking,50,threshold,60.42253963929032,1,1,0
5,3.5,issue_tracking,50,provenance,60.42253963929032,1,1,0
5,3.5,issue_tracking,50,lookup,99.54111619817914,1,1,1
5,3.5,issue_tracking,50,rare_event,60.48151368793806,1,1,0
5,3.5,issue_tracking,50,latest_state,99.23519366363188,1,1,1
5,3.5,issue_tracking,50,aggregation,99.5526406772203,1,1,1
5,3.5,issue_tracking,50,join,99.43634820689583,1,1,1
5,3.5,issue_tracking,50,negative_evidence,99.75169986065858,1,1,1
5,3.5,issue_tracking,50,threshold,60.48151368793806,1,1,0
5,3.5,issue_tracking,50,provenance,60.48151368793806,1,1,0
5,3.5,issue_tracking,50,lookup,99.53769559032717,1,1,1
5,3.5,issue_tracking,50,rare_event,62.409003430675256,1,1,0
5,3.5,issue_tracking,50,latest_state,99.24169525562715,1,1,1
5,3.5,issue_tracking,50,aggregation,99.51573090117982,1,1,1
5,3.5,issue_tracking,50,join,99.25110869383316,1,1,1
5,3.5,issue_tracking,50,negative_evidence,99.75629654422224,1,1,1
5,3.5,issue_tracking,50,threshold,62.409003430675256,1,1,0
5,3.5,issue_tracking,50,provenance,62.409003430675256,1,1,0
5,3.5,issue_tracking,100,lookup,99.77066034005536,1,1,1
5,3.5,issue_tracking,100,rare_event,75.12903650981943,1,1,0
5,3.5,issue_tracking,100,latest_state,99.51970475813893,1,1,1
5,3.5,issue_tracking,100,aggregation,99.4242783708976,1,1,1
5,3.5,issue_tracking,100,join,99.47383682614999,1,1,1
5,3.5,issue_tracking,100,negative_evidence,99.81020166073546,1,1,1
5,3.5,issue_tracking,100,threshold,75.12903650981943,1,1,0
5,3.5,issue_tracking,100,provenance,75.12903650981943,1,1,0
5,3.5,issue_tracking,100,lookup,99.77194380948862,1,1,1
5,3.5,issue_tracking,100,rare_event,79.0932654795779,1,1,0
5,3.5,issue_tracking,100,latest_state,99.42035718245023,1,1,1
5,3.5,issue_tracking,100,aggregation,99.49479218907548,1,1,1
5,3.5,issue_tracking,100,join,99.47737123007808,1,1,1
5,3.5,issue_tracking,100,negative_evidence,99.87488583992779,1,1,1
5,3.5,issue_tracking,100,threshold,79.0932654795779,1,1,0
5,3.5,issue_tracking,100,provenance,79.0932654795779,1,1,0
5,3.5,issue_tracking,100,lookup,67.13325099492246,1,1,0
5,3.5,issue_tracking,100,rare_event,67.13325099492246,1,1,0
5,3.5,issue_tracking,100,latest_state,99.56930677391772,1,1,1
5,3.5,issue_tracking,100,aggregation,99.6711741668514,1,1,1
5,3.5,issue_tracking,100,join,99.52602632717907,1,1,1
5,3.5,issue_tracking,100,negative_evidence,99.85485216032767,1,1,1
5,3.5,issue_tracking,100,threshold,67.13325099492246,1,1,0
5,3.5,issue_tracking,100,provenance,67.13325099492246,1,1,0
5,3.5,issue_tracking,100,lookup,99.77464758999584,1,1,1
5,3.5,issue_tracking,100,rare_event,77.07791282503258,1,1,0
5,3.5,issue_tracking,100,latest_state,99.420522374275,1,1,1
5,3.5,issue_tracking,100,aggregation,99.64851357128155,1,1,1
5,3.5,issue_tracking,100,join,99.62054242905621,1,1,1
5,3.5,issue_tracking,100,negative_evidence,99.83375641884939,1,1,1
5,3.5,issue_tracking,100,threshold,77.07791282503258,1,1,0
5,3.5,issue_tracking,100,provenance,77.07791282503258,1,1,0
5,3.5,issue_tracking,100,lookup,99.76530031012004,1,1,1
5,3.5,issue_tracking,100,rare_event,70.13828822176748,1,1,0
5,3.5,issue_tracking,100,latest_state,99.51899748950444,1,1,1
5,3.5,issue_tracking,100,aggregation,99.69146220543871,1,1,1
5,3.5,issue_tracking,100,join,99.42353536845215,1,1,1
5,3.5,issue_tracking,100,negative_evidence,99.8533786207042,1,1,1
5,3.5,issue_tracking,100,threshold,70.13828822176748,1,1,0
5,3.5,issue_tracking,100,provenance,70.13828822176748,1,1,0
5,3.5,issue_tracking,250,lookup,99.90925628225739,1,1,1
5,3.5,issue_tracking,250,rare_event,83.22700736102885,1,1,0
5,3.5,issue_tracking,250,latest_state,99.84579913698283,1,1,1
5,3.5,issue_tracking,250,aggregation,99.64358236737456,1,1,1
5,3.5,issue_tracking,250,join,99.84664523225315,1,1,1
5,3.5,issue_tracking,250,negative_evidence,99.9405618072595,1,1,1
5,3.5,issue_tracking,250,threshold,83.22700736102885,1,1,0
5,3.5,issue_tracking,250,provenance,83.22700736102885,1,1,0
5,3.5,issue_tracking,250,lookup,99.90968127667423,1,1,1
5,3.5,issue_tracking,250,rare_event,80.06224783372873,1,1,0
5,3.5,issue_tracking,250,latest_state,99.8248749636923,1,1,1
5,3.5,issue_tracking,250,aggregation,99.68536857883701,1,1,1
5,3.5,issue_tracking,250,join,99.72925584580517,1,1,1
5,3.5,issue_tracking,250,negative_evidence,99.95780885929149,1,1,1
5,3.5,issue_tracking,250,threshold,80.06224783372873,1,1,0
5,3.5,issue_tracking,250,provenance,80.06224783372873,1,1,0
5,3.5,issue_tracking,250,lookup,99.9063963880018,1,1,1
5,3.5,issue_tracking,250,rare_event,78.88264394202506,1,1,0
5,3.5,issue_tracking,250,latest_state,99.82634624018432,1,1,1
5,3.5,issue_tracking,250,aggregation,99.5851369323428,1,1,1
5,3.5,issue_tracking,250,join,99.76980288180532,1,1,1
5,3.5,issue_tracking,250,negative_evidence,99.95785719731303,1,1,1
5,3.5,issue_tracking,250,threshold,78.88264394202506,1,1,0
5,3.5,issue_tracking,250,provenance,78.88264394202506,1,1,0
5,3.5,issue_tracking,250,lookup,99.90571594438724,1,1,1
5,3.5,issue_tracking,250,rare_event,80.39378954103793,1,1,0
5,3.5,issue_tracking,250,latest_state,99.80740627741123,1,1,1
5,3.5,issue_tracking,250,aggregation,99.66926424536737,1,1,1
5,3.5,issue_tracking,250,join,99.88643538470014,1,1,1
5,3.5,issue_tracking,250,negative_evidence,99.95020954366517,1,1,1
5,3.5,issue_tracking,250,threshold,80.39378954103793,1,1,0
5,3.5,issue_tracking,250,provenance,80.39378954103793,1,1,0
5,3.5,issue_tracking,250,lookup,99.90828525192961,1,1,1
5,3.5,issue_tracking,250,rare_event,84.00880292131595,1,1,0
5,3.5,issue_tracking,250,latest_state,99.84664785772988,1,1,1
5,3.5,issue_tracking,250,aggregation,99.58442416694201,1,1,1
5,3.5,issue_tracking,250,join,99.80852163451355,1,1,1
5,3.5,issue_tracking,250,negative_evidence,99.95848477916445,1,1,1
5,3.5,issue_tracking,250,threshold,84.00880292131595,1,1,0
5,3.5,issue_tracking,250,provenance,84.00880292131595,1,1,0
5,3.5,issue_tracking,500,lookup,99.95348704153216,1,1,1
5,3.5,issue_tracking,500,rare_event,85.39821555524712,1,1,0
5,3.5,issue_tracking,500,latest_state,99.92318474968293,1,1,1
5,3.5,issue_tracking,500,aggregation,99.66434384413179,1,1,1
5,3.5,issue_tracking,500,join,99.88398248400388,1,1,1
5,3.5,issue_tracking,500,negative_evidence,99.9663072419299,1,1,1
5,3.5,issue_tracking,500,threshold,85.39821555524712,1,1,0
5,3.5,issue_tracking,500,provenance,85.39821555524712,1,1,0
5,3.5,issue_tracking,500,lookup,99.95281018027572,1,1,1
5,3.5,issue_tracking,500,rare_event,79.78335100742312,1,1,0
5,3.5,issue_tracking,500,latest_state,99.88356309650052,1,1,1
5,3.5,issue_tracking,500,aggregation,99.61367974549312,1,1,1
5,3.5,issue_tracking,500,join,99.91389183457052,1,1,1
5,3.5,issue_tracking,500,negative_evidence,99.95344644750796,1,1,1
5,3.5,issue_tracking,500,threshold,79.78335100742312,1,1,0
5,3.5,issue_tracking,500,provenance,79.78335100742312,1,1,0
5,3.5,issue_tracking,500,lookup,99.95368422391398,1,1,1
5,3.5,issue_tracking,500,rare_event,84.21204358558296,1,1,0
5,3.5,issue_tracking,500,latest_state,99.92252441116962,1,1,1
5,3.5,issue_tracking,500,aggregation,99.66826457860593,1,1,1
5,3.5,issue_tracking,500,join,99.87461884871911,1,1,1
5,3.5,issue_tracking,500,negative_evidence,99.97053595937778,1,1,1
5,3.5,issue_tracking,500,threshold,84.21204358558296,1,1,0
5,3.5,issue_tracking,500,provenance,84.21204358558296,1,1,0
5,3.5,issue_tracking,500,lookup,83.61275071041457,1,1,0
5,3.5,issue_tracking,500,rare_event,83.61275071041457,1,1,0
5,3.5,issue_tracking,500,latest_state,99.90361874541263,1,1,1
5,3.5,issue_tracking,500,aggregation,99.64773181015647,1,1,1
5,3.5,issue_tracking,500,join,99.92363639059616,1,1,1
5,3.5,issue_tracking,500,negative_evidence,99.97479259495408,1,1,1
5,3.5,issue_tracking,500,threshold,83.61275071041457,1,1,0
5,3.5,issue_tracking,500,provenance,83.61275071041457,1,1,0
5,3.5,issue_tracking,500,lookup,99.95400071860628,1,1,1
5,3.5,issue_tracking,500,rare_event,79.18426527806778,1,1,0
5,3.5,issue_tracking,500,latest_state,99.90301994821371,1,1,1
5,3.5,issue_tracking,500,aggregation,99.6476921397403,1,1,1
5,3.5,issue_tracking,500,join,99.89401087236472,1,1,1
5,3.5,issue_tracking,500,negative_evidence,99.96194990317893,1,1,1
5,3.5,issue_tracking,500,threshold,79.18426527806778,1,1,0
5,3.5,issue_tracking,500,provenance,79.18426527806778,1,1,0
5,3.5,commerce_orders,50,lookup,99.53336199574258,1,1,1
5,3.5,commerce_orders,50,rare_event,70.29875318519761,1,1,0
5,3.5,commerce_orders,50,latest_state,98.93879177458763,1,1,1
5,3.5,commerce_orders,50,aggregation,99.38445728427168,1,1,1
5,3.5,commerce_orders,50,join,99.34356091985362,1,1,1
5,3.5,commerce_orders,50,negative_evidence,99.66444008682612,1,1,1
5,3.5,commerce_orders,50,threshold,70.29875318519761,1,1,0
5,3.5,commerce_orders,50,provenance,70.29875318519761,1,1,0
5,3.5,commerce_orders,50,lookup,64.32245737801293,1,1,0
5,3.5,commerce_orders,50,rare_event,64.32245737801293,1,1,0
5,3.5,commerce_orders,50,latest_state,98.94809775762157,1,1,1
5,3.5,commerce_orders,50,aggregation,99.46984966826237,1,1,1
5,3.5,commerce_orders,50,join,98.85886453346771,1,1,1
5,3.5,commerce_orders,50,negative_evidence,99.50449315528681,1,1,1
5,3.5,commerce_orders,50,threshold,64.32245737801293,1,1,0
5,3.5,commerce_orders,50,provenance,64.32245737801293,1,1,0
5,3.5,commerce_orders,50,lookup,99.52892050402359,1,1,1
5,3.5,commerce_orders,50,rare_event,64.36897380210465,1,1,0
5,3.5,commerce_orders,50,latest_state,99.04315256051116,1,1,1
5,3.5,commerce_orders,50,aggregation,99.79646008414382,1,1,1
5,3.5,commerce_orders,50,join,99.4344947698635,1,1,1
5,3.5,commerce_orders,50,negative_evidence,99.5436089515596,1,1,1
5,3.5,commerce_orders,50,threshold,64.36897380210465,1,1,0
5,3.5,commerce_orders,50,provenance,64.36897380210465,1,1,0
5,3.5,commerce_orders,50,lookup,99.55011037989516,1,1,1
5,3.5,commerce_orders,50,rare_event,68.28068927274819,1,1,0
5,3.5,commerce_orders,50,latest_state,99.14102470207891,1,1,1
5,3.5,commerce_orders,50,aggregation,99.54069408552087,1,1,1
5,3.5,commerce_orders,50,join,98.86167463564172,1,1,1
5,3.5,commerce_orders,50,negative_evidence,99.71332614904948,1,1,1
5,3.5,commerce_orders,50,threshold,68.28068927274819,1,1,0
5,3.5,commerce_orders,50,provenance,68.28068927274819,1,1,0
5,3.5,commerce_orders,50,lookup,99.53637660485022,1,1,1
5,3.5,commerce_orders,50,rare_event,72.29587983552908,1,1,0
5,3.5,commerce_orders,50,latest_state,99.13988419904338,1,1,1
5,3.5,commerce_orders,50,aggregation,99.50805571872115,1,1,1
5,3.5,commerce_orders,50,join,99.14198204246036,1,1,1
5,3.5,commerce_orders,50,negative_evidence,99.75350339850634,1,1,1
5,3.5,commerce_orders,50,threshold,72.29587983552908,1,1,0
5,3.5,commerce_orders,50,provenance,72.29587983552908,1,1,0
5,3.5,commerce_orders,100,lookup,99.77229940787329,1,1,1
5,3.5,commerce_orders,100,rare_event,72.15426846583439,1,1,0
5,3.5,commerce_orders,100,latest_state,99.61506504979964,1,1,1
5,3.5,commerce_orders,100,aggregation,99.6108581104532,1,1,1
5,3.5,commerce_orders,100,join,99.66922939388522,1,1,1
5,3.5,commerce_orders,100,negative_evidence,72.15426846583439,1,1,0
5,3.5,commerce_orders,100,threshold,72.15426846583439,1,1,0
5,3.5,commerce_orders,100,provenance,72.15426846583439,1,1,0
5,3.5,commerce_orders,100,lookup,99.77300258071313,1,1,1
5,3.5,commerce_orders,100,rare_event,71.17922789276874,1,1,0
5,3.5,commerce_orders,100,latest_state,99.5681255595934,1,1,1
5,3.5,commerce_orders,100,aggregation,99.624479907305,1,1,1
5,3.5,commerce_orders,100,join,99.57181229262126,1,1,1
5,3.5,commerce_orders,100,negative_evidence,99.89519144677938,1,1,1
5,3.5,commerce_orders,100,threshold,71.17922789276874,1,1,0
5,3.5,commerce_orders,100,provenance,71.17922789276874,1,1,0
5,3.5,commerce_orders,100,lookup,99.7732151239142,1,1,1
5,3.5,commerce_orders,100,rare_event,74.1275374854304,1,1,0
5,3.5,commerce_orders,100,latest_state,99.51900510002268,1,1,1
5,3.5,commerce_orders,100,aggregation,99.5559235682227,1,1,1
5,3.5,commerce_orders,100,join,99.22945882799685,1,1,1
5,3.5,commerce_orders,100,negative_evidence,99.91666974320569,1,1,1
5,3.5,commerce_orders,100,threshold,74.1275374854304,1,1,0
5,3.5,commerce_orders,100,provenance,74.1275374854304,1,1,0
5,3.5,commerce_orders,100,lookup,99.76361329451467,1,1,1
5,3.5,commerce_orders,100,rare_event,79.11057527784651,1,1,0
5,3.5,commerce_orders,100,latest_state,99.61830654459496,1,1,1
5,3.5,commerce_orders,100,aggregation,99.48616163796508,1,1,1
5,3.5,commerce_orders,100,join,99.52459422037137,1,1,1
5,3.5,commerce_orders,100,negative_evidence,99.83363430081657,1,1,1
5,3.5,commerce_orders,100,threshold,79.11057527784651,1,1,0
5,3.5,commerce_orders,100,provenance,79.11057527784651,1,1,0
5,3.5,commerce_orders,100,lookup,99.76638717502505,1,1,1
5,3.5,commerce_orders,100,rare_event,77.16922427885883,1,1,0
5,3.5,commerce_orders,100,latest_state,99.41834097980278,1,1,1
5,3.5,commerce_orders,100,aggregation,99.64298897853715,1,1,1
5,3.5,commerce_orders,100,join,99.37984496124031,1,1,1
5,3.5,commerce_orders,100,negative_evidence,99.81068396350788,1,1,1
5,3.5,commerce_orders,100,threshold,77.16922427885883,1,1,0
5,3.5,commerce_orders,100,provenance,77.16922427885883,1,1,0
5,3.5,commerce_orders,250,lookup,83.24753873441163,1,1,0
5,3.5,commerce_orders,250,rare_event,83.24753873441163,1,1,0
5,3.5,commerce_orders,250,latest_state,99.84673244135138,1,1,1
5,3.5,commerce_orders,250,aggregation,99.64441926393519,1,1,1
5,3.5,commerce_orders,250,join,99.80889120962986,1,1,1
5,3.5,commerce_orders,250,negative_evidence,99.94165262594893,1,1,1
5,3.5,commerce_orders,250,threshold,83.24753873441163,1,1,0
5,3.5,commerce_orders,250,provenance,83.24753873441163,1,1,0
5,3.5,commerce_orders,250,lookup,99.90523712927728,1,1,1
5,3.5,commerce_orders,250,rare_event,81.19147387992614,1,1,0
5,3.5,commerce_orders,250,latest_state,99.86547056745614,1,1,1
5,3.5,commerce_orders,250,aggregation,99.62814034211934,1,1,1
5,3.5,commerce_orders,250,join,99.80962816149454,1,1,1
5,3.5,commerce_orders,250,negative_evidence,99.93273528372806,1,1,1
5,3.5,commerce_orders,250,threshold,81.19147387992614,1,1,0
5,3.5,commerce_orders,250,provenance,81.19147387992614,1,1,0
5,3.5,commerce_orders,250,lookup,99.91007137159144,1,1,1
5,3.5,commerce_orders,250,rare_event,76.7891036125917,1,1,0
5,3.5,commerce_orders,250,latest_state,99.90541624259147,1,1,1
5,3.5,commerce_orders,250,aggregation,99.63563035736578,1,1,1
5,3.5,commerce_orders,250,join,99.7113820020017,1,1,1
5,3.5,commerce_orders,250,negative_evidence,99.91599608122776,1,1,1
5,3.5,commerce_orders,250,threshold,76.7891036125917,1,1,0
5,3.5,commerce_orders,250,provenance,76.7891036125917,1,1,0
5,3.5,commerce_orders,250,lookup,99.90531804050613,1,1,1
5,3.5,commerce_orders,250,rare_event,80.84127457134223,1,1,0
5,3.5,commerce_orders,250,latest_state,99.74744432679647,1,1,1
5,3.5,commerce_orders,250,aggregation,99.5859777708739,1,1,1
5,3.5,commerce_orders,250,join,99.76921272373367,1,1,1
5,3.5,commerce_orders,250,negative_evidence,99.91630791080452,1,1,1
5,3.5,commerce_orders,250,threshold,80.84127457134223,1,1,0
5,3.5,commerce_orders,250,provenance,80.84127457134223,1,1,0
5,3.5,commerce_orders,250,lookup,99.90712336302283,1,1,1
5,3.5,commerce_orders,250,rare_event,82.00943575856306,1,1,0
5,3.5,commerce_orders,250,latest_state,99.74781560073625,1,1,1
5,3.5,commerce_orders,250,aggregation,99.5846996847695,1,1,1
5,3.5,commerce_orders,250,join,99.78843590665792,1,1,1
5,3.5,commerce_orders,250,negative_evidence,99.93229949013053,1,1,1
5,3.5,commerce_orders,250,threshold,82.00943575856306,1,1,0
5,3.5,commerce_orders,250,provenance,82.00943575856306,1,1,0
5,3.5,commerce_orders,500,lookup,99.9537261562637,1,1,1
5,3.5,commerce_orders,500,rare_event,81.83005110241874,1,1,0
5,3.5,commerce_orders,500,latest_state,99.91285269246,1,1,1
5,3.5,commerce_orders,500,aggregation,99.65310500668164,1,1,1
5,3.5,commerce_orders,500,join,99.91391159048601,1,1,1
5,3.5,commerce_orders,500,negative_evidence,99.98369297039956,1,1,1
5,3.5,commerce_orders,500,threshold,81.83005110241874,1,1,0
5,3.5,commerce_orders,500,provenance,81.83005110241874,1,1,0
5,3.5,commerce_orders,500,lookup,99.95393588722658,1,1,1
5,3.5,commerce_orders,500,rare_event,79.4036232866268,1,1,0
5,3.5,commerce_orders,500,latest_state,99.92312058419884,1,1,1
5,3.5,commerce_orders,500,aggregation,99.668020704495,1,1,1
5,3.5,commerce_orders,500,join,99.90437725555311,1,1,1
5,3.5,commerce_orders,500,negative_evidence,99.9624074481964,1,1,1
5,3.5,commerce_orders,500,threshold,79.4036232866268,1,1,0
5,3.5,commerce_orders,500,provenance,79.4036232866268,1,1,0
5,3.5,commerce_orders,500,lookup,99.95254694727521,1,1,1
5,3.5,commerce_orders,500,rare_event,81.63302054568892,1,1,0
5,3.5,commerce_orders,500,latest_state,99.93316322261308,1,1,1
5,3.5,commerce_orders,500,aggregation,99.61486763458184,1,1,1
5,3.5,commerce_orders,500,join,99.88433318398332,1,1,1
5,3.5,commerce_orders,500,negative_evidence,99.970341842047,1,1,1
5,3.5,commerce_orders,500,threshold,81.63302054568892,1,1,0
5,3.5,commerce_orders,500,provenance,81.63302054568892,1,1,0
5,3.5,commerce_orders,500,lookup,81.80774323393888,1,1,0
5,3.5,commerce_orders,500,rare_event,81.80774323393888,1,1,0
5,3.5,commerce_orders,500,latest_state,99.9331603198983,1,1,1
5,3.5,commerce_orders,500,aggregation,99.63487103437319,1,1,1
5,3.5,commerce_orders,500,join,99.89407340712886,1,1,1
5,3.5,commerce_orders,500,negative_evidence,99.962184206345,1,1,1
5,3.5,commerce_orders,500,threshold,81.80774323393888,1,1,0
5,3.5,commerce_orders,500,provenance,81.80774323393888,1,1,0
5,3.5,commerce_orders,500,lookup,99.95287474637082,1,1,1
5,3.5,commerce_orders,500,rare_event,83.61460226285938,1,1,0
5,3.5,commerce_orders,500,latest_state,99.94228480173506,1,1,1
5,3.5,commerce_orders,500,aggregation,99.6172794008633,1,1,1
5,3.5,commerce_orders,500,join,99.88393420679196,1,1,1
5,3.5,commerce_orders,500,negative_evidence,99.95795791979599,1,1,1
5,3.5,commerce_orders,500,threshold,83.61460226285938,1,1,0
5,3.5,commerce_orders,500,provenance,83.61460226285938,1,1,0
5,3.5,security_findings,50,lookup,99.52540246707088,1,1,1
5,3.5,security_findings,50,rare_event,66.40706669454318,1,1,0
5,3.5,security_findings,50,latest_state,99.13547982437801,1,1,1
5,3.5,security_findings,50,aggregation,99.63098473761238,1,1,1
5,3.5,security_findings,50,join,99.53376541919297,1,1,1
5,3.5,security_findings,50,negative_evidence,99.66548191511603,1,1,1
5,3.5,security_findings,50,threshold,66.40706669454318,1,1,0
5,3.5,security_findings,50,provenance,66.40706669454318,1,1,0
5,3.5,security_findings,50,lookup,99.5418553811073,1,1,1
5,3.5,security_findings,50,rare_event,70.22582973337657,1,1,0
5,3.5,security_findings,50,latest_state,98.94563978117841,1,1,1
5,3.5,security_findings,50,aggregation,99.63494869407864,1,1,1
5,3.5,security_findings,50,join,98.95923768082592,1,1,1
5,3.5,security_findings,50,negative_evidence,99.74896185266154,1,1,1
5,3.5,security_findings,50,threshold,70.22582973337657,1,1,0
5,3.5,security_findings,50,provenance,70.22582973337657,1,1,0
5,3.5,security_findings,50,lookup,99.54008297364119,1,1,1
5,3.5,security_findings,50,rare_event,56.491220718266774,1,1,0
5,3.5,security_findings,50,latest_state,99.03826006788753,1,1,1
5,3.5,security_findings,50,aggregation,99.46465239073042,1,1,1
5,3.5,security_findings,50,join,99.05502241964548,1,1,1
5,3.5,security_findings,50,negative_evidence,99.53798767967146,1,1,1
5,3.5,security_findings,50,threshold,56.491220718266774,1,1,0
5,3.5,security_findings,50,provenance,56.491220718266774,1,1,0
5,3.5,security_findings,50,lookup,66.32060844787127,1,1,0
5,3.5,security_findings,50,rare_event,66.32060844787127,1,1,0
5,3.5,security_findings,50,latest_state,98.84554140127389,1,1,1
5,3.5,security_findings,50,aggregation,99.59038719409989,1,1,1
5,3.5,security_findings,50,join,98.95030170968823,1,1,1
5,3.5,security_findings,50,negative_evidence,99.75067046597385,1,1,1
5,3.5,security_findings,50,threshold,66.32060844787127,1,1,0
5,3.5,security_findings,50,provenance,66.32060844787127,1,1,0
5,3.5,security_findings,50,lookup,99.5378454396219,1,1,1
5,3.5,security_findings,50,rare_event,70.35832662407596,1,1,0
5,3.5,security_findings,50,latest_state,99.14470038373467,1,1,1
5,3.5,security_findings,50,aggregation,99.50961427869383,1,1,1
5,3.5,security_findings,50,join,99.14470038373467,1,1,1
5,3.5,security_findings,50,negative_evidence,99.66436286452179,1,1,1
5,3.5,security_findings,50,threshold,70.35832662407596,1,1,0
5,3.5,security_findings,50,provenance,70.35832662407596,1,1,0
5,3.5,security_findings,100,lookup,99.76762159121378,1,1,1
5,3.5,security_findings,100,rare_event,72.20764745776968,1,1,0
5,3.5,security_findings,100,latest_state,99.4689995636333,1,1,1
5,3.5,security_findings,100,aggregation,99.59885808619032,1,1,1
5,3.5,security_findings,100,join,99.61883632042985,1,1,1
5,3.5,security_findings,100,negative_evidence,99.87382167848712,1,1,1
5,3.5,security_findings,100,threshold,72.20764745776968,1,1,0
5,3.5,security_findings,100,provenance,72.20764745776968,1,1,0
5,3.5,security_findings,100,lookup,68.19914897202561,1,1,0
5,3.5,security_findings,100,rare_event,68.19914897202561,1,1,0
5,3.5,security_findings,100,latest_state,99.51813700707785,1,1,1
5,3.5,security_findings,100,aggregation,99.71140883046849,1,1,1
5,3.5,security_findings,100,join,99.27852207617121,1,1,1
5,3.5,security_findings,100,negative_evidence,99.8119944388271,1,1,1
5,3.5,security_findings,100,threshold,68.19914897202561,1,1,0
5,3.5,security_findings,100,provenance,68.19914897202561,1,1,0
5,3.5,security_findings,100,lookup,99.76523592470667,1,1,1
5,3.5,security_findings,100,rare_event,75.15563011732928,1,1,0
5,3.5,security_findings,100,latest_state,99.42021186798345,1,1,1
5,3.5,security_findings,100,aggregation,99.56529079091753,1,1,1
5,3.5,security_findings,100,join,99.37642441124336,1,1,1
5,3.5,security_findings,100,negative_evidence,99.89554317548746,1,1,1
5,3.5,security_findings,100,threshold,75.15563011732928,1,1,0
5,3.5,security_findings,100,provenance,75.15563011732928,1,1,0
5,3.5,security_findings,100,lookup,99.76795091714638,1,1,1
5,3.5,security_findings,100,rare_event,78.07688664849563,1,1,0
5,3.5,security_findings,100,latest_state,99.61588247055975,1,1,1
5,3.5,security_findings,100,aggregation,99.56799932647885,1,1,1
5,3.5,security_findings,100,join,99.47328541511003,1,1,1
5,3.5,security_findings,100,negative_evidence,99.83425065510455,1,1,1
5,3.5,security_findings,100,threshold,78.07688664849563,1,1,0
5,3.5,security_findings,100,provenance,78.07688664849563,1,1,0
5,3.5,security_findings,100,lookup,74.16538696173507,1,1,0
5,3.5,security_findings,100,rare_event,74.16538696173507,1,1,0
5,3.5,security_findings,100,latest_state,99.325262427162,1,1,1
5,3.5,security_findings,100,aggregation,99.68971537959905,1,1,1
5,3.5,security_findings,100,join,99.42728821759891,1,1,1
5,3.5,security_findings,100,negative_evidence,99.8085701663967,1,1,1
5,3.5,security_findings,100,threshold,74.16538696173507,1,1,0
5,3.5,security_findings,100,provenance,74.16538696173507,1,1,0
5,3.5,security_findings,250,lookup,99.90617095061084,1,1,1
5,3.5,security_findings,250,rare_event,78.8292924148512,1,1,0
5,3.5,security_findings,250,latest_state,99.74725328137515,1,1,1
5,3.5,security_findings,250,aggregation,99.62785370276056,1,1,1
5,3.5,security_findings,250,join,99.71048243769562,1,1,1
5,3.5,security_findings,250,negative_evidence,99.88017776800979,1,1,1
5,3.5,security_findings,250,threshold,78.8292924148512,1,1,0
5,3.5,security_findings,250,provenance,78.8292924148512,1,1,0
5,3.5,security_findings,250,lookup,99.90598426028627,1,1,1
5,3.5,security_findings,250,rare_event,80.09126921248614,1,1,0
5,3.5,security_findings,250,latest_state,99.8265462420113,1,1,1
5,3.5,security_findings,250,aggregation,99.61823271536471,1,1,1
5,3.5,security_findings,250,join,99.92457613690382,1,1,1
5,3.5,security_findings,250,negative_evidence,99.9659853166429,1,1,1
5,3.5,security_findings,250,threshold,80.09126921248614,1,1,0
5,3.5,security_findings,250,provenance,80.09126921248614,1,1,0
5,3.5,security_findings,250,lookup,99.90774868711148,1,1,1
5,3.5,security_findings,250,rare_event,83.19227627998697,1,1,0
5,3.5,security_findings,250,latest_state,99.74800157419672,1,1,1
5,3.5,security_findings,250,aggregation,99.66886856726941,1,1,1
5,3.5,security_findings,250,join,99.84660045448582,1,1,1
5,3.5,security_findings,250,negative_evidence,99.95810605515612,1,1,1
5,3.5,security_findings,250,threshold,83.19227627998697,1,1,0
5,3.5,security_findings,250,provenance,83.19227627998697,1,1,0
5,3.5,security_findings,250,lookup,99.90837502902865,1,1,1
5,3.5,security_findings,250,rare_event,79.60943272742627,1,1,0
5,3.5,security_findings,250,latest_state,99.82625034306585,1,1,1
5,3.5,security_findings,250,aggregation,99.58747651318428,1,1,1
5,3.5,security_findings,250,join,99.76861528068063,1,1,1
5,3.5,security_findings,250,negative_evidence,99.94933181328773,1,1,1
5,3.5,security_findings,250,threshold,79.60943272742627,1,1,0
5,3.5,security_findings,250,provenance,79.60943272742627,1,1,0
5,3.5,security_findings,250,lookup,99.90379044501677,1,1,1
5,3.5,security_findings,250,rare_event,80.42484447884024,1,1,0
5,3.5,security_findings,250,latest_state,99.80546639431962,1,1,1
5,3.5,security_findings,250,aggregation,99.5942282724993,1,1,1
5,3.5,security_findings,250,join,99.71221713333587,1,1,1
5,3.5,security_findings,250,negative_evidence,99.93149033886908,1,1,1
5,3.5,security_findings,250,threshold,80.42484447884024,1,1,0
5,3.5,security_findings,250,provenance,80.42484447884024,1,1,0
5,3.5,security_findings,500,lookup,99.95341899298215,1,1,1
5,3.5,security_findings,500,rare_event,81.8165745809562,1,1,0
5,3.5,security_findings,500,latest_state,99.88259468913,1,1,1
5,3.5,security_findings,500,aggregation,99.61390697137703,1,1,1
5,3.5,security_findings,500,join,99.90281508081276,1,1,1
5,3.5,security_findings,500,negative_evidence,99.96601703806198,1,1,1
5,3.5,security_findings,500,threshold,81.8165745809562,1,1,0
5,3.5,security_findings,500,provenance,81.8165745809562,1,1,0
5,3.5,security_findings,500,lookup,99.9542077087568,1,1,1
5,3.5,security_findings,500,rare_event,82.40211765551929,1,1,0
5,3.5,security_findings,500,latest_state,99.92332699503159,1,1,1
5,3.5,security_findings,500,aggregation,99.62298032729326,1,1,1
5,3.5,security_findings,500,join,99.92322123916266,1,1,1
5,3.5,security_findings,500,negative_evidence,99.9792718496913,1,1,1
5,3.5,security_findings,500,threshold,82.40211765551929,1,1,0
5,3.5,security_findings,500,provenance,82.40211765551929,1,1,0
5,3.5,security_findings,500,lookup,99.95314410461874,1,1,1
5,3.5,security_findings,500,rare_event,81.18243972195309,1,1,0
5,3.5,security_findings,500,latest_state,99.89380740640456,1,1,1
5,3.5,security_findings,500,aggregation,99.6307586212732,1,1,1
5,3.5,security_findings,500,join,99.89412471495116,1,1,1
5,3.5,security_findings,500,negative_evidence,99.95779796330221,1,1,1
5,3.5,security_findings,500,threshold,81.18243972195309,1,1,0
5,3.5,security_findings,500,provenance,81.18243972195309,1,1,0
5,3.5,security_findings,500,lookup,99.95208483839475,1,1,1
5,3.5,security_findings,500,rare_event,83.00069492850275,1,1,0
5,3.5,security_findings,500,latest_state,99.90290040098539,1,1,1
5,3.5,security_findings,500,aggregation,99.60737068459449,1,1,1
5,3.5,security_findings,500,join,99.88322662602164,1,1,1
5,3.5,security_findings,500,negative_evidence,99.96604687223999,1,1,1
5,3.5,security_findings,500,threshold,83.00069492850275,1,1,0
5,3.5,security_findings,500,provenance,83.00069492850275,1,1,0
5,3.5,security_findings,500,lookup,99.95239384886212,1,1,1
5,3.5,security_findings,500,rare_event,81.80566957522618,1,1,0
5,3.5,security_findings,500,latest_state,99.91325101348207,1,1,1
5,3.5,security_findings,500,aggregation,99.58942339429741,1,1,1
5,3.5,security_findings,500,join,99.91282784769417,1,1,1
5,3.5,security_findings,500,negative_evidence,99.97450426127948,1,1,1
5,3.5,security_findings,500,threshold,81.80566957522618,1,1,0
5,3.5,security_findings,500,provenance,81.80566957522618,1,1,0
10,1.5,incident_ops,50,lookup,99.5561850802644,1,1,1
10,1.5,incident_ops,50,rare_event,48.555240793201136,1,1,0
10,1.5,incident_ops,50,latest_state,99.23302906305739,1,1,1
10,1.5,incident_ops,50,aggregation,99.47224845241843,1,1,1
10,1.5,incident_ops,50,join,98.95393977546952,1,1,1
10,1.5,incident_ops,50,negative_evidence,99.6222851746931,1,1,1
10,1.5,incident_ops,50,threshold,48.555240793201136,1,1,0
10,1.5,incident_ops,50,provenance,48.555240793201136,1,1,0
10,1.5,incident_ops,50,lookup,99.5290786092611,1,1,1
10,1.5,incident_ops,50,rare_event,56.51476217945357,1,1,0
10,1.5,incident_ops,50,latest_state,98.94278672190467,1,1,1
10,1.5,incident_ops,50,aggregation,99.38958519062354,1,1,1
10,1.5,incident_ops,50,join,99.53851801352981,1,1,1
10,1.5,incident_ops,50,negative_evidence,99.71472022654571,1,1,1
10,1.5,incident_ops,50,threshold,56.51476217945357,1,1,0
10,1.5,incident_ops,50,provenance,56.51476217945357,1,1,0
10,1.5,incident_ops,50,lookup,99.5384308747784,1,1,1
10,1.5,incident_ops,50,rare_event,48.503571915616774,1,1,0
10,1.5,incident_ops,50,latest_state,99.04644014812173,1,1,1
10,1.5,incident_ops,50,aggregation,99.47339158895171,1,1,1
10,1.5,incident_ops,50,join,99.34121497582007,1,1,1
10,1.5,incident_ops,50,negative_evidence,48.503571915616774,1,1,0
10,1.5,incident_ops,50,threshold,48.503571915616774,1,1,0
10,1.5,incident_ops,50,provenance,48.503571915616774,1,1,0
10,1.5,incident_ops,50,lookup,44.5882821173464,1,1,0
10,1.5,incident_ops,50,rare_event,44.5882821173464,1,1,0
10,1.5,incident_ops,50,latest_state,99.14535285615534,1,1,1
10,1.5,incident_ops,50,aggregation,99.50040847106139,1,1,1
10,1.5,incident_ops,50,join,99.34644630176585,1,1,1
10,1.5,incident_ops,50,negative_evidence,99.70673872515134,1,1,1
10,1.5,incident_ops,50,threshold,44.5882821173464,1,1,0
10,1.5,incident_ops,50,provenance,44.5882821173464,1,1,0
10,1.5,incident_ops,50,lookup,99.55134387186045,1,1,1
10,1.5,incident_ops,50,rare_event,44.6140299383622,1,1,0
10,1.5,incident_ops,50,latest_state,99.33540190364376,1,1,1
10,1.5,incident_ops,50,aggregation,99.80187848547108,1,1,1
10,1.5,incident_ops,50,join,99.24944442114973,1,1,1
10,1.5,incident_ops,50,negative_evidence,99.67084573776678,1,1,1
10,1.5,incident_ops,50,threshold,44.6140299383622,1,1,0
10,1.5,incident_ops,50,provenance,44.6140299383622,1,1,0
10,1.5,incident_ops,100,lookup,99.76806111774465,1,1,1
10,1.5,incident_ops,100,rare_event,63.190401217282876,1,1,0
10,1.5,incident_ops,100,latest_state,99.51710219047519,1,1,1
10,1.5,incident_ops,100,aggregation,99.57997400593848,1,1,1
10,1.5,incident_ops,100,join,99.42622864207445,1,1,1
10,1.5,incident_ops,100,negative_evidence,63.190401217282876,1,1,0
10,1.5,incident_ops,100,threshold,63.190401217282876,1,1,0
10,1.5,incident_ops,100,provenance,63.190401217282876,1,1,0
10,1.5,incident_ops,100,lookup,99.76548635172821,1,1,1
10,1.5,incident_ops,100,rare_event,61.222851347925285,1,1,0
10,1.5,incident_ops,100,latest_state,99.4205822699231,1,1,1
10,1.5,incident_ops,100,aggregation,99.6307994591397,1,1,1
10,1.5,incident_ops,100,join,99.27955717062453,1,1,1
10,1.5,incident_ops,100,negative_evidence,99.89700414096173,1,1,1
10,1.5,incident_ops,100,threshold,61.222851347925285,1,1,0
10,1.5,incident_ops,100,provenance,61.222851347925285,1,1,0
10,1.5,incident_ops,100,lookup,99.76551855255235,1,1,1
10,1.5,incident_ops,100,rare_event,65.1398967014164,1,1,0
10,1.5,incident_ops,100,latest_state,99.61711925810916,1,1,1
10,1.5,incident_ops,100,aggregation,99.58067957370851,1,1,1
10,1.5,incident_ops,100,join,99.37735669698026,1,1,1
10,1.5,incident_ops,100,negative_evidence,99.83364491904054,1,1,1
10,1.5,incident_ops,100,threshold,65.1398967014164,1,1,0
10,1.5,incident_ops,100,provenance,65.1398967014164,1,1,0
10,1.5,incident_ops,100,lookup,58.2800111831451,1,1,0
10,1.5,incident_ops,100,rare_event,58.2800111831451,1,1,0
10,1.5,incident_ops,100,latest_state,99.61861255149785,1,1,1
10,1.5,incident_ops,100,aggregation,99.63127271576349,1,1,1
10,1.5,incident_ops,100,join,99.42660006013578,1,1,1
10,1.5,incident_ops,100,negative_evidence,99.89819117903055,1,1,1
10,1.5,incident_ops,100,threshold,58.2800111831451,1,1,0
10,1.5,incident_ops,100,provenance,58.2800111831451,1,1,0
10,1.5,incident_ops,100,lookup,99.77490092470276,1,1,1
10,1.5,incident_ops,100,rare_event,63.14346103038309,1,1,0
10,1.5,incident_ops,100,latest_state,99.47054161162482,1,1,1
10,1.5,incident_ops,100,aggregation,99.58150594451783,1,1,1
10,1.5,incident_ops,100,join,99.38124174372524,1,1,1
10,1.5,incident_ops,100,negative_evidence,99.87582562747687,1,1,1
10,1.5,incident_ops,100,threshold,63.14346103038309,1,1,0
10,1.5,incident_ops,100,provenance,63.14346103038309,1,1,0
10,1.5,incident_ops,250,lookup,99.9061357154662,1,1,1
10,1.5,incident_ops,250,rare_event,70.0178829472114,1,1,0
10,1.5,incident_ops,250,latest_state,99.88515927264714,1,1,1
10,1.5,incident_ops,250,aggregation,99.69361680488518,1,1,1
10,1.5,incident_ops,250,join,99.75040151877921,1,1,1
10,1.5,incident_ops,250,negative_evidence,99.94236775306278,1,1,1
10,1.5,incident_ops,250,threshold,70.0178829472114,1,1,0
10,1.5,incident_ops,250,provenance,70.0178829472114,1,1,0
10,1.5,incident_ops,250,lookup,99.91005610886606,1,1,1
10,1.5,incident_ops,250,rare_event,74.05818775787274,1,1,0
10,1.5,incident_ops,250,latest_state,99.86678121784877,1,1,1
10,1.5,incident_ops,250,aggregation,99.6436185445636,1,1,1
10,1.5,incident_ops,250,join,99.73038045841686,1,1,1
10,1.5,incident_ops,250,negative_evidence,99.94102735439803,1,1,1
10,1.5,incident_ops,250,threshold,74.05818775787274,1,1,0
10,1.5,incident_ops,250,provenance,74.05818775787274,1,1,0
10,1.5,incident_ops,250,lookup,99.90821370731831,1,1,1
10,1.5,incident_ops,250,rare_event,74.80328480459907,1,1,0
10,1.5,incident_ops,250,latest_state,99.78632659809898,1,1,1
10,1.5,incident_ops,250,aggregation,99.50206466164138,1,1,1
10,1.5,incident_ops,250,join,99.7697923467614,1,1,1
10,1.5,incident_ops,250,negative_evidence,99.94954933566225,1,1,1
10,1.5,incident_ops,250,threshold,74.80328480459907,1,1,0
10,1.5,incident_ops,250,provenance,74.80328480459907,1,1,0
10,1.5,incident_ops,250,lookup,99.90985462471168,1,1,1
10,1.5,incident_ops,250,rare_event,74.43193600948008,1,1,0
10,1.5,incident_ops,250,latest_state,99.84637196605793,1,1,1
10,1.5,incident_ops,250,aggregation,99.57191527181159,1,1,1
10,1.5,incident_ops,250,join,99.63307023298135,1,1,1
10,1.5,incident_ops,250,negative_evidence,99.9005438347758,1,1,1
10,1.5,incident_ops,250,threshold,74.43193600948008,1,1,0
10,1.5,incident_ops,250,provenance,74.43193600948008,1,1,0
10,1.5,incident_ops,250,lookup,72.0653477345243,1,1,0
10,1.5,incident_ops,250,rare_event,72.0653477345243,1,1,0
10,1.5,incident_ops,250,latest_state,99.80762630350128,1,1,1
10,1.5,incident_ops,250,aggregation,99.58516773376158,1,1,1
10,1.5,incident_ops,250,join,99.69300717375921,1,1,1
10,1.5,incident_ops,250,negative_evidence,99.92542341281107,1,1,1
10,1.5,incident_ops,250,threshold,72.0653477345243,1,1,0
10,1.5,incident_ops,250,provenance,72.0653477345243,1,1,0
10,1.5,incident_ops,500,lookup,99.95354648215357,1,1,1
10,1.5,incident_ops,500,rare_event,70.43519946376944,1,1,0
10,1.5,incident_ops,500,latest_state,99.90348698346976,1,1,1
10,1.5,incident_ops,500,aggregation,99.63505352760377,1,1,1
10,1.5,incident_ops,500,join,99.87432096199083,1,1,1
10,1.5,incident_ops,500,negative_evidence,99.97528842543785,1,1,1
10,1.5,incident_ops,500,threshold,70.43519946376944,1,1,0
10,1.5,incident_ops,500,provenance,70.43519946376944,1,1,0
10,1.5,incident_ops,500,lookup,73.20960057035613,1,1,0
10,1.5,incident_ops,500,rare_event,73.20960057035613,1,1,0
10,1.5,incident_ops,500,latest_state,99.90324315779534,1,1,1
10,1.5,incident_ops,500,aggregation,99.61254825906644,1,1,1
10,1.5,incident_ops,500,join,99.87512850518105,1,1,1
10,1.5,incident_ops,500,negative_evidence,99.97517423127644,1,1,1
10,1.5,incident_ops,500,threshold,73.20960057035613,1,1,0
10,1.5,incident_ops,500,provenance,73.20960057035613,1,1,0
10,1.5,incident_ops,500,lookup,99.95469890152793,1,1,1
10,1.5,incident_ops,500,rare_event,76.62028343422641,1,1,0
10,1.5,incident_ops,500,latest_state,99.90388104164943,1,1,1
10,1.5,incident_ops,500,aggregation,99.63493892308574,1,1,1
10,1.5,incident_ops,500,join,99.91417192350373,1,1,1
10,1.5,incident_ops,500,negative_evidence,99.97506848210553,1,1,1
10,1.5,incident_ops,500,threshold,76.62028343422641,1,1,0
10,1.5,incident_ops,500,provenance,76.62028343422641,1,1,0
10,1.5,incident_ops,500,lookup,99.95289494511836,1,1,1
10,1.5,incident_ops,500,rare_event,72.02012786263995,1,1,0
10,1.5,incident_ops,500,latest_state,99.91342854778512,1,1,1
10,1.5,incident_ops,500,aggregation,99.65562385552752,1,1,1
10,1.5,incident_ops,500,join,99.90430459571344,1,1,1
10,1.5,incident_ops,500,negative_evidence,99.96647478075992,1,1,1
10,1.5,incident_ops,500,threshold,72.02012786263995,1,1,0
10,1.5,incident_ops,500,provenance,72.02012786263995,1,1,0
10,1.5,incident_ops,500,lookup,99.95364703436483,1,1,1
10,1.5,incident_ops,500,rare_event,72.20604052331119,1,1,0
10,1.5,incident_ops,500,latest_state,99.88257955844823,1,1,1
10,1.5,incident_ops,500,aggregation,99.6559061315321,1,1,1
10,1.5,incident_ops,500,join,99.89467163644001,1,1,1
10,1.5,incident_ops,500,negative_evidence,99.96679982095239,1,1,1
10,1.5,incident_ops,500,threshold,72.20604052331119,1,1,0
10,1.5,incident_ops,500,provenance,72.20604052331119,1,1,0
10,1.5,identity_events,50,lookup,99.55625491738789,1,1,1
10,1.5,identity_events,50,rare_event,50.443220561237865,1,1,0
10,1.5,identity_events,50,latest_state,99.23734592184633,1,1,1
10,1.5,identity_events,50,aggregation,99.6338840807763,1,1,1
10,1.5,identity_events,50,join,99.33910306845004,1,1,1
10,1.5,identity_events,50,negative_evidence,99.70626803042224,1,1,1
10,1.5,identity_events,50,threshold,50.443220561237865,1,1,0
10,1.5,identity_events,50,provenance,50.443220561237865,1,1,0
10,1.5,identity_events,50,lookup,99.53801671939492,1,1,1
10,1.5,identity_events,50,rare_event,48.64652517337468,1,1,0
10,1.5,identity_events,50,latest_state,99.33478597917409,1,1,1
10,1.5,identity_events,50,aggregation,99.59249093842318,1,1,1
10,1.5,identity_events,50,join,99.33583356030925,1,1,1
10,1.5,identity_events,50,negative_evidence,99.75067568983218,1,1,1
10,1.5,identity_events,50,threshold,48.64652517337468,1,1,0
10,1.5,identity_events,50,provenance,48.64652517337468,1,1,0
10,1.5,identity_events,50,lookup,99.54678976080571,1,1,1
10,1.5,identity_events,50,rare_event,42.5409148132606,1,1,0
10,1.5,identity_events,50,latest_state,99.13869072597566,1,1,1
10,1.5,identity_events,50,aggregation,99.46705832983635,1,1,1
10,1.5,identity_events,50,join,99.15337809483844,1,1,1
10,1.5,identity_events,50,negative_evidence,99.79122954259337,1,1,1
10,1.5,identity_events,50,threshold,42.5409148132606,1,1,0
10,1.5,identity_events,50,provenance,42.5409148132606,1,1,0
10,1.5,identity_events,50,lookup,99.54488386691777,1,1,1
10,1.5,identity_events,50,rare_event,48.422264071981594,1,1,0
10,1.5,identity_events,50,latest_state,99.03850177861477,1,1,1
10,1.5,identity_events,50,aggregation,99.54802259887006,1,1,1
10,1.5,identity_events,50,join,98.65557648043523,1,1,1
10,1.5,identity_events,50,negative_evidence,48.422264071981594,1,1,0
10,1.5,identity_events,50,threshold,48.422264071981594,1,1,0
10,1.5,identity_events,50,provenance,48.422264071981594,1,1,0
10,1.5,identity_events,50,lookup,99.54329290009008,1,1,1
10,1.5,identity_events,50,rare_event,46.54641443026837,1,1,0
10,1.5,identity_events,50,latest_state,98.94412670479542,1,1,1
10,1.5,identity_events,50,aggregation,99.63128234135714,1,1,1
10,1.5,identity_events,50,join,99.1431504409947,1,1,1
10,1.5,identity_events,50,negative_evidence,99.58624012737519,1,1,1
10,1.5,identity_events,50,threshold,46.54641443026837,1,1,0
10,1.5,identity_events,50,provenance,46.54641443026837,1,1,0
10,1.5,identity_events,100,lookup,99.76752767527675,1,1,1
10,1.5,identity_events,100,rare_event,66.22140221402213,1,1,0
10,1.5,identity_events,100,latest_state,99.66684238270955,1,1,1
10,1.5,identity_events,100,aggregation,99.73115445440169,1,1,1
10,1.5,identity_events,100,join,99.52240379546653,1,1,1
10,1.5,identity_events,100,negative_evidence,99.85608856088561,1,1,1
10,1.5,identity_events,100,threshold,66.22140221402213,1,1,0
10,1.5,identity_events,100,provenance,66.22140221402213,1,1,0
10,1.5,identity_events,100,lookup,99.76336861676279,1,1,1
10,1.5,identity_events,100,rare_event,63.27301345840992,1,1,0
10,1.5,identity_events,100,latest_state,99.51775791764382,1,1,1
10,1.5,identity_events,100,aggregation,99.69259047981238,1,1,1
10,1.5,identity_events,100,join,99.22830702921975,1,1,1
10,1.5,identity_events,100,negative_evidence,99.83361855866134,1,1,1
10,1.5,identity_events,100,threshold,63.27301345840992,1,1,0
10,1.5,identity_events,100,provenance,63.27301345840992,1,1,0
10,1.5,identity_events,100,lookup,99.76408497163214,1,1,1
10,1.5,identity_events,100,rare_event,68.23960944715661,1,1,0
10,1.5,identity_events,100,latest_state,99.37247658002374,1,1,1
10,1.5,identity_events,100,aggregation,99.74772397413906,1,1,1
10,1.5,identity_events,100,join,99.57039187227866,1,1,1
10,1.5,identity_events,100,negative_evidence,99.812112415886,1,1,1
10,1.5,identity_events,100,threshold,68.23960944715661,1,1,0
10,1.5,identity_events,100,provenance,68.23960944715661,1,1,0
10,1.5,identity_events,100,lookup,62.215789251666244,1,1,0
10,1.5,identity_events,100,rare_event,62.215789251666244,1,1,0
10,1.5,identity_events,100,latest_state,99.51858179363875,1,1,1
10,1.5,identity_events,100,aggregation,99.55654686577238,1,1,1
10,1.5,identity_events,100,join,99.4178688939509,1,1,1
10,1.5,identity_events,100,negative_evidence,99.78750105458533,1,1,1
10,1.5,identity_events,100,threshold,62.215789251666244,1,1,0
10,1.5,identity_events,100,provenance,62.215789251666244,1,1,0
10,1.5,identity_events,100,lookup,99.77314692693221,1,1,1
10,1.5,identity_events,100,rare_event,65.22184120284885,1,1,0
10,1.5,identity_events,100,latest_state,99.66235821682933,1,1,1
10,1.5,identity_events,100,aggregation,99.45344236349248,1,1,1
10,1.5,identity_events,100,join,99.2286995515695,1,1,1
10,1.5,identity_events,100,negative_evidence,99.81324188868372,1,1,1
10,1.5,identity_events,100,threshold,65.22184120284885,1,1,0
10,1.5,identity_events,100,provenance,65.22184120284885,1,1,0
10,1.5,identity_events,250,lookup,72.82132285371875,1,1,0
10,1.5,identity_events,250,rare_event,72.82132285371875,1,1,0
10,1.5,identity_events,250,latest_state,99.78720340813328,1,1,1
10,1.5,identity_events,250,aggregation,99.60913183225276,1,1,1
10,1.5,identity_events,250,join,99.7499375373188,1,1,1
10,1.5,identity_events,250,negative_evidence,99.95087680665365,1,1,1
10,1.5,identity_events,250,threshold,72.82132285371875,1,1,0
10,1.5,identity_events,250,provenance,72.82132285371875,1,1,0
10,1.5,identity_events,250,lookup,70.44107157597526,1,1,0
10,1.5,identity_events,250,rare_event,70.44107157597526,1,1,0
10,1.5,identity_events,250,latest_state,99.7673891923812,1,1,1
10,1.5,identity_events,250,aggregation,99.63552701481386,1,1,1
10,1.5,identity_events,250,join,99.82771137634057,1,1,1
10,1.5,identity_events,250,negative_evidence,99.9242268706756,1,1,1
10,1.5,identity_events,250,threshold,70.44107157597526,1,1,0
10,1.5,identity_events,250,provenance,70.44107157597526,1,1,0
10,1.5,identity_events,250,lookup,99.90554009462934,1,1,1
10,1.5,identity_events,250,rare_event,69.24567623549744,1,1,0
10,1.5,identity_events,250,latest_state,99.78651214212192,1,1,1
10,1.5,identity_events,250,aggregation,99.62681983573295,1,1,1
10,1.5,identity_events,250,join,99.76999224835754,1,1,1
10,1.5,identity_events,250,negative_evidence,99.9324378703739,1,1,1
10,1.5,identity_events,250,threshold,69.24567623549744,1,1,0
10,1.5,identity_events,250,provenance,69.24567623549744,1,1,0
10,1.5,identity_events,250,lookup,99.9090705316625,1,1,1
10,1.5,identity_events,250,rare_event,69.63569002778635,1,1,0
10,1.5,identity_events,250,latest_state,99.78747880074604,1,1,1
10,1.5,identity_events,250,aggregation,99.61006060554797,1,1,1
10,1.5,identity_events,250,join,99.88580950487848,1,1,1
10,1.5,identity_events,250,negative_evidence,99.90589857346467,1,1,1
10,1.5,identity_events,250,threshold,69.63569002778635,1,1,0
10,1.5,identity_events,250,provenance,69.63569002778635,1,1,0
10,1.5,identity_events,250,lookup,99.9100070088659,1,1,1
10,1.5,identity_events,250,rare_event,70.41475122761027,1,1,0
10,1.5,identity_events,250,latest_state,99.84563555167821,1,1,1
10,1.5,identity_events,250,aggregation,99.63536957474605,1,1,1
10,1.5,identity_events,250,join,99.76792395698124,1,1,1
10,1.5,identity_events,250,negative_evidence,99.9584973499711,1,1,1
10,1.5,identity_events,250,threshold,70.41475122761027,1,1,0
10,1.5,identity_events,250,provenance,70.41475122761027,1,1,0
10,1.5,identity_events,500,lookup,70.8281467999928,1,1,0
10,1.5,identity_events,500,rare_event,70.8281467999928,1,1,0
10,1.5,identity_events,500,latest_state,99.92340704125532,1,1,1
10,1.5,identity_events,500,aggregation,99.6275230388018,1,1,1
10,1.5,identity_events,500,join,99.89385042232065,1,1,1
10,1.5,identity_events,500,negative_evidence,99.95773085679235,1,1,1
10,1.5,identity_events,500,threshold,70.8281467999928,1,1,0
10,1.5,identity_events,500,provenance,70.8281467999928,1,1,0
10,1.5,identity_events,500,lookup,73.42048276673484,1,1,0
10,1.5,identity_events,500,rare_event,73.42048276673484,1,1,0
10,1.5,identity_events,500,latest_state,99.91340174277667,1,1,1
10,1.5,identity_events,500,aggregation,99.63463379112754,1,1,1
10,1.5,identity_events,500,join,99.90354416882103,1,1,1
10,1.5,identity_events,500,negative_evidence,99.97509107656367,1,1,1
10,1.5,identity_events,500,threshold,73.42048276673484,1,1,0
10,1.5,identity_events,500,provenance,73.42048276673484,1,1,0
10,1.5,identity_events,500,lookup,99.95288831672602,1,1,1
10,1.5,identity_events,500,rare_event,72.01386036308816,1,1,0
10,1.5,identity_events,500,latest_state,99.92250392773809,1,1,1
10,1.5,identity_events,500,aggregation,99.68133445695581,1,1,1
10,1.5,identity_events,500,join,99.84500785547617,1,1,1
10,1.5,identity_events,500,negative_evidence,99.96696888723264,1,1,1
10,1.5,identity_events,500,threshold,72.01386036308816,1,1,0
10,1.5,identity_events,500,provenance,72.01386036308816,1,1,0
10,1.5,identity_events,500,lookup,99.95384792892581,1,1,1
10,1.5,identity_events,500,rare_event,71.0154408316688,1,1,0
10,1.5,identity_events,500,latest_state,99.9129885265528,1,1,1
10,1.5,identity_events,500,aggregation,99.6353351264895,1,1,1
10,1.5,identity_events,500,join,99.85540429108407,1,1,1
10,1.5,identity_events,500,negative_evidence,99.9624220522217,1,1,1
10,1.5,identity_events,500,threshold,71.0154408316688,1,1,0
10,1.5,identity_events,500,provenance,71.0154408316688,1,1,0
10,1.5,identity_events,500,lookup,71.82682603709208,1,1,0
10,1.5,identity_events,500,rare_event,71.82682603709208,1,1,0
10,1.5,identity_events,500,latest_state,99.87345109970465,1,1,1
10,1.5,identity_events,500,aggregation,99.56613318451042,1,1,1
10,1.5,identity_events,500,join,99.87535727560868,1,1,1
10,1.5,identity_events,500,negative_evidence,99.97892616639433,1,1,1
10,1.5,identity_events,500,threshold,71.82682603709208,1,1,0
10,1.5,identity_events,500,provenance,71.82682603709208,1,1,0
10,1.5,cloud_inventory,50,lookup,99.53654674901176,1,1,1
10,1.5,cloud_inventory,50,rare_event,42.594709083474015,1,1,0
10,1.5,cloud_inventory,50,latest_state,98.75538685764016,1,1,1
10,1.5,cloud_inventory,50,aggregation,99.5428379696134,1,1,1
10,1.5,cloud_inventory,50,join,98.56350462928982,1,1,1
10,1.5,cloud_inventory,50,negative_evidence,99.70955531555714,1,1,1
10,1.5,cloud_inventory,50,threshold,42.594709083474015,1,1,0
10,1.5,cloud_inventory,50,provenance,42.594709083474015,1,1,0
10,1.5,cloud_inventory,50,lookup,48.523697302958894,1,1,0
10,1.5,cloud_inventory,50,rare_event,48.523697302958894,1,1,0
10,1.5,cloud_inventory,50,latest_state,99.33595181984812,1,1,1
10,1.5,cloud_inventory,50,aggregation,99.63341188792879,1,1,1
10,1.5,cloud_inventory,50,join,99.05629746006808,1,1,1
10,1.5,cloud_inventory,50,negative_evidence,99.83241686305315,1,1,1
10,1.5,cloud_inventory,50,threshold,48.523697302958894,1,1,0
10,1.5,cloud_inventory,50,provenance,48.523697302958894,1,1,0
10,1.5,cloud_inventory,50,lookup,99.52992529169813,1,1,1
10,1.5,cloud_inventory,50,rare_event,48.56354402753295,1,1,0
10,1.5,cloud_inventory,50,latest_state,99.13539830437338,1,1,1
10,1.5,cloud_inventory,50,aggregation,99.5026441702342,1,1,1
10,1.5,cloud_inventory,50,join,98.85419289851423,1,1,1
10,1.5,cloud_inventory,50,negative_evidence,99.75027281121463,1,1,1
10,1.5,cloud_inventory,50,threshold,48.56354402753295,1,1,0
10,1.5,cloud_inventory,50,provenance,48.56354402753295,1,1,0
10,1.5,cloud_inventory,50,lookup,99.53998658730823,1,1,1
10,1.5,cloud_inventory,50,rare_event,40.6446474976947,1,1,0
10,1.5,cloud_inventory,50,latest_state,99.24134462234889,1,1,1
10,1.5,cloud_inventory,50,aggregation,99.59237991449409,1,1,1
10,1.5,cloud_inventory,50,join,99.15437169922039,1,1,1
10,1.5,cloud_inventory,50,negative_evidence,99.75060776259535,1,1,1
10,1.5,cloud_inventory,50,threshold,40.6446474976947,1,1,0
10,1.5,cloud_inventory,50,provenance,40.6446474976947,1,1,0
10,1.5,cloud_inventory,50,lookup,99.51462430660615,1,1,1
10,1.5,cloud_inventory,50,rare_event,46.37649184736931,1,1,0
10,1.5,cloud_inventory,50,latest_state,99.2404185577408,1,1,1
10,1.5,cloud_inventory,50,aggregation,99.54824340225248,1,1,1
10,1.5,cloud_inventory,50,join,99.43688014792403,1,1,1
10,1.5,cloud_inventory,50,negative_evidence,99.71108589678937,1,1,1
10,1.5,cloud_inventory,50,threshold,46.37649184736931,1,1,0
10,1.5,cloud_inventory,50,provenance,46.37649184736931,1,1,0
10,1.5,cloud_inventory,100,lookup,99.76916996047431,1,1,1
10,1.5,cloud_inventory,100,rare_event,60.185507246376815,1,1,0
10,1.5,cloud_inventory,100,latest_state,99.46982872200265,1,1,1
10,1.5,cloud_inventory,100,aggregation,99.67009222661397,1,1,1
10,1.5,cloud_inventory,100,join,99.3270092226614,1,1,1
10,1.5,cloud_inventory,100,negative_evidence,99.81080368906456,1,1,1
10,1.5,cloud_inventory,100,threshold,60.185507246376815,1,1,0
10,1.5,cloud_inventory,100,provenance,60.185507246376815,1,1,0
10,1.5,cloud_inventory,100,lookup,99.76363828215679,1,1,1
10,1.5,cloud_inventory,100,rare_event,65.11079455523901,1,1,0
10,1.5,cloud_inventory,100,latest_state,99.51936266751082,1,1,1
10,1.5,cloud_inventory,100,aggregation,99.72617917062362,1,1,1
10,1.5,cloud_inventory,100,join,99.23024163764904,1,1,1
10,1.5,cloud_inventory,100,negative_evidence,99.81587000105519,1,1,1
10,1.5,cloud_inventory,100,threshold,65.11079455523901,1,1,0
10,1.5,cloud_inventory,100,provenance,65.11079455523901,1,1,0
10,1.5,cloud_inventory,100,lookup,67.20129324690556,1,1,0
10,1.5,cloud_inventory,100,rare_event,67.20129324690556,1,1,0
10,1.5,cloud_inventory,100,latest_state,99.66242452097565,1,1,1
10,1.5,cloud_inventory,100,aggregation,99.56521968820493,1,1,1
10,1.5,cloud_inventory,100,join,99.32643390335515,1,1,1
10,1.5,cloud_inventory,100,negative_evidence,99.85524932511318,1,1,1
10,1.5,cloud_inventory,100,threshold,67.20129324690556,1,1,0
10,1.5,cloud_inventory,100,provenance,67.20129324690556,1,1,0
10,1.5,cloud_inventory,100,lookup,99.76704719139023,1,1,1
10,1.5,cloud_inventory,100,rare_event,64.28443432522741,1,1,0
10,1.5,cloud_inventory,100,latest_state,99.61736710622016,1,1,1
10,1.5,cloud_inventory,100,aggregation,99.5989206168506,1,1,1
10,1.5,cloud_inventory,100,join,99.42394248911657,1,1,1
10,1.5,cloud_inventory,100,negative_evidence,99.83029229780013,1,1,1
10,1.5,cloud_inventory,100,threshold,64.28443432522741,1,1,0
10,1.5,cloud_inventory,100,provenance,64.28443432522741,1,1,0
10,1.5,cloud_inventory,100,lookup,99.76552043924082,1,1,1
10,1.5,cloud_inventory,100,rare_event,65.15159498793352,1,1,0
10,1.5,cloud_inventory,100,latest_state,99.61587505664394,1,1,1
10,1.5,cloud_inventory,100,aggregation,99.69227850902614,1,1,1
10,1.5,cloud_inventory,100,join,99.57214066665964,1,1,1
10,1.5,cloud_inventory,100,negative_evidence,99.8566776617382,1,1,1
10,1.5,cloud_inventory,100,threshold,65.15159498793352,1,1,0
10,1.5,cloud_inventory,100,provenance,65.15159498793352,1,1,0
10,1.5,cloud_inventory,250,lookup,99.90948618606933,1,1,1
10,1.5,cloud_inventory,250,rare_event,72.0686636100631,1,1,0
10,1.5,cloud_inventory,250,latest_state,99.76715955808957,1,1,1
10,1.5,cloud_inventory,250,aggregation,99.65317136718154,1,1,1
10,1.5,cloud_inventory,250,join,99.72993892432368,1,1,1
10,1.5,cloud_inventory,250,negative_evidence,99.9236554046052,1,1,1
10,1.5,cloud_inventory,250,threshold,72.0686636100631,1,1,0
10,1.5,cloud_inventory,250,provenance,72.0686636100631,1,1,0
10,1.5,cloud_inventory,250,lookup,99.90882957052594,1,1,1
10,1.5,cloud_inventory,250,rare_event,71.21404743823786,1,1,0
10,1.5,cloud_inventory,250,latest_state,99.86525391281907,1,1,1
10,1.5,cloud_inventory,250,aggregation,99.58687738106067,1,1,1
10,1.5,cloud_inventory,250,join,99.77027590160363,1,1,1
10,1.5,cloud_inventory,250,negative_evidence,99.91686779864662,1,1,1
10,1.5,cloud_inventory,250,threshold,71.21404743823786,1,1,0
10,1.5,cloud_inventory,250,provenance,71.21404743823786,1,1,0
10,1.5,cloud_inventory,250,lookup,68.47940363294826,1,1,0
10,1.5,cloud_inventory,250,rare_event,68.47940363294826,1,1,0
10,1.5,cloud_inventory,250,latest_state,99.78782769832188,1,1,1
10,1.5,cloud_inventory,250,aggregation,99.67042428114205,1,1,1
10,1.5,cloud_inventory,250,join,99.82717370840376,1,1,1
10,1.5,cloud_inventory,250,negative_evidence,99.91644261299814,1,1,1
10,1.5,cloud_inventory,250,threshold,68.47940363294826,1,1,0
10,1.5,cloud_inventory,250,provenance,68.47940363294826,1,1,0
10,1.5,cloud_inventory,250,lookup,99.90565379172334,1,1,1
10,1.5,cloud_inventory,250,rare_event,74.84573548792433,1,1,0
10,1.5,cloud_inventory,250,latest_state,99.78740372350214,1,1,1
10,1.5,cloud_inventory,250,aggregation,99.62621132281423,1,1,1
10,1.5,cloud_inventory,250,join,99.84726914265526,1,1,1
10,1.5,cloud_inventory,250,negative_evidence,99.91623072090235,1,1,1
10,1.5,cloud_inventory,250,threshold,74.84573548792433,1,1,0
10,1.5,cloud_inventory,250,provenance,74.84573548792433,1,1,0
10,1.5,cloud_inventory,250,lookup,70.85286899119838,1,1,0
10,1.5,cloud_inventory,250,rare_event,70.85286899119838,1,1,0
10,1.5,cloud_inventory,250,latest_state,99.86649458361543,1,1,1
10,1.5,cloud_inventory,250,aggregation,99.63502877454299,1,1,1
10,1.5,cloud_inventory,250,join,99.86734089370344,1,1,1
10,1.5,cloud_inventory,250,negative_evidence,99.92383209207854,1,1,1
10,1.5,cloud_inventory,250,threshold,70.85286899119838,1,1,0
10,1.5,cloud_inventory,250,provenance,70.85286899119838,1,1,0
10,1.5,cloud_inventory,500,lookup,99.95406668585846,1,1,1
10,1.5,cloud_inventory,500,rare_event,71.00835266624897,1,1,0
10,1.5,cloud_inventory,500,latest_state,99.91289604253805,1,1,1
10,1.5,cloud_inventory,500,aggregation,99.60586253026942,1,1,1
10,1.5,cloud_inventory,500,join,99.88453169187001,1,1,1
10,1.5,cloud_inventory,500,negative_evidence,99.9626394933365,1,1,1
10,1.5,cloud_inventory,500,threshold,71.00835266624897,1,1,0
10,1.5,cloud_inventory,500,provenance,71.00835266624897,1,1,0
10,1.5,cloud_inventory,500,lookup,99.95286750897901,1,1,1
10,1.5,cloud_inventory,500,rare_event,72.04185365202665,1,1,0
10,1.5,cloud_inventory,500,latest_state,99.922999278714,1,1,1
10,1.5,cloud_inventory,500,aggregation,99.71423941398956,1,1,1
10,1.5,cloud_inventory,500,join,99.8646397224161,1,1,1
10,1.5,cloud_inventory,500,negative_evidence,99.97479206098203,1,1,1
10,1.5,cloud_inventory,500,threshold,72.04185365202665,1,1,0
10,1.5,cloud_inventory,500,provenance,72.04185365202665,1,1,0
10,1.5,cloud_inventory,500,lookup,99.95458347007697,1,1,1
10,1.5,cloud_inventory,500,rare_event,72.23726696238579,1,1,0
10,1.5,cloud_inventory,500,latest_state,99.87317248753428,1,1,1
10,1.5,cloud_inventory,500,aggregation,99.64725436432738,1,1,1
10,1.5,cloud_inventory,500,join,99.92398818535025,1,1,1
10,1.5,cloud_inventory,500,negative_evidence,99.96188822663801,1,1,1
10,1.5,cloud_inventory,500,threshold,72.23726696238579,1,1,0
10,1.5,cloud_inventory,500,provenance,72.23726696238579,1,1,0
10,1.5,cloud_inventory,500,lookup,99.95253573592917,1,1,1
10,1.5,cloud_inventory,500,rare_event,73.41270177609582,1,1,0
10,1.5,cloud_inventory,500,latest_state,99.93219390847025,1,1,1
10,1.5,cloud_inventory,500,aggregation,99.62537134429815,1,1,1
10,1.5,cloud_inventory,500,join,99.82561120834693,1,1,1
10,1.5,cloud_inventory,500,negative_evidence,99.96715642441528,1,1,1
10,1.5,cloud_inventory,500,threshold,73.41270177609582,1,1,0
10,1.5,cloud_inventory,500,provenance,73.41270177609582,1,1,0
10,1.5,cloud_inventory,500,lookup,99.95265908717825,1,1,1
10,1.5,cloud_inventory,500,rare_event,74.62707116493596,1,1,0
10,1.5,cloud_inventory,500,latest_state,99.90383546120322,1,1,1
10,1.5,cloud_inventory,500,aggregation,99.66893133449479,1,1,1
10,1.5,cloud_inventory,500,join,99.84600964822631,1,1,1
10,1.5,cloud_inventory,500,negative_evidence,99.96632122980465,1,1,1
10,1.5,cloud_inventory,500,threshold,74.62707116493596,1,1,0
10,1.5,cloud_inventory,500,provenance,74.62707116493596,1,1,0
10,1.5,issue_tracking,50,lookup,99.5400685182663,1,1,1
10,1.5,issue_tracking,50,rare_event,50.54950811428092,1,1,0
10,1.5,issue_tracking,50,latest_state,99.24043206319605,1,1,1
10,1.5,issue_tracking,50,aggregation,99.59350019382079,1,1,1
10,1.5,issue_tracking,50,join,99.34310469465369,1,1,1
10,1.5,issue_tracking,50,negative_evidence,50.54950811428092,1,1,0
10,1.5,issue_tracking,50,threshold,50.54950811428092,1,1,0
10,1.5,issue_tracking,50,provenance,50.54950811428092,1,1,0
10,1.5,issue_tracking,50,lookup,99.55150372000419,1,1,1
10,1.5,issue_tracking,50,rare_event,46.61846379545216,1,1,0
10,1.5,issue_tracking,50,latest_state,99.14387509169025,1,1,1
10,1.5,issue_tracking,50,aggregation,99.59341926019071,1,1,1
10,1.5,issue_tracking,50,join,99.24447238813791,1,1,1
10,1.5,issue_tracking,50,negative_evidence,99.75793775542282,1,1,1
10,1.5,issue_tracking,50,threshold,46.61846379545216,1,1,0
10,1.5,issue_tracking,50,provenance,46.61846379545216,1,1,0
10,1.5,issue_tracking,50,lookup,42.627039602611525,1,1,0
10,1.5,issue_tracking,50,rare_event,42.627039602611525,1,1,0
10,1.5,issue_tracking,50,latest_state,99.04425557779571,1,1,1
10,1.5,issue_tracking,50,aggregation,99.415235320625,1,1,1
10,1.5,issue_tracking,50,join,99.34606960586022,1,1,1
10,1.5,issue_tracking,50,negative_evidence,99.7558240675728,1,1,1
10,1.5,issue_tracking,50,threshold,42.627039602611525,1,1,0
10,1.5,issue_tracking,50,provenance,42.627039602611525,1,1,0
10,1.5,issue_tracking,50,lookup,99.54111619817914,1,1,1
10,1.5,issue_tracking,50,rare_event,46.60289788263889,1,1,0
10,1.5,issue_tracking,50,latest_state,99.23519366363188,1,1,1
10,1.5,issue_tracking,50,aggregation,99.5526406772203,1,1,1
10,1.5,issue_tracking,50,join,99.43634820689583,1,1,1
10,1.5,issue_tracking,50,negative_evidence,99.75169986065858,1,1,1
10,1.5,issue_tracking,50,threshold,46.60289788263889,1,1,0
10,1.5,issue_tracking,50,provenance,46.60289788263889,1,1,0
10,1.5,issue_tracking,50,lookup,99.53769559032717,1,1,1
10,1.5,issue_tracking,50,rare_event,44.59354865701614,1,1,0
10,1.5,issue_tracking,50,latest_state,99.24169525562715,1,1,1
10,1.5,issue_tracking,50,aggregation,99.51573090117982,1,1,1
10,1.5,issue_tracking,50,join,99.25110869383316,1,1,1
10,1.5,issue_tracking,50,negative_evidence,99.75629654422224,1,1,1
10,1.5,issue_tracking,50,threshold,44.59354865701614,1,1,0
10,1.5,issue_tracking,50,provenance,44.59354865701614,1,1,0
10,1.5,issue_tracking,100,lookup,99.77066034005536,1,1,1
10,1.5,issue_tracking,100,rare_event,64.22090417819955,1,1,0
10,1.5,issue_tracking,100,latest_state,99.51970475813893,1,1,1
10,1.5,issue_tracking,100,aggregation,99.4242783708976,1,1,1
10,1.5,issue_tracking,100,join,99.47383682614999,1,1,1
10,1.5,issue_tracking,100,negative_evidence,99.81020166073546,1,1,1
10,1.5,issue_tracking,100,threshold,64.22090417819955,1,1,0
10,1.5,issue_tracking,100,provenance,64.22090417819955,1,1,0
10,1.5,issue_tracking,100,lookup,99.77194380948862,1,1,1
10,1.5,issue_tracking,100,rare_event,67.12876200330471,1,1,0
10,1.5,issue_tracking,100,latest_state,99.42035718245023,1,1,1
10,1.5,issue_tracking,100,aggregation,99.49479218907548,1,1,1
10,1.5,issue_tracking,100,join,99.47737123007808,1,1,1
10,1.5,issue_tracking,100,negative_evidence,99.87488583992779,1,1,1
10,1.5,issue_tracking,100,threshold,67.12876200330471,1,1,0
10,1.5,issue_tracking,100,provenance,67.12876200330471,1,1,0
10,1.5,issue_tracking,100,lookup,54.18870274778056,1,1,0
10,1.5,issue_tracking,100,rare_event,54.18870274778056,1,1,0
10,1.5,issue_tracking,100,latest_state,99.56930677391772,1,1,1
10,1.5,issue_tracking,100,aggregation,99.6711741668514,1,1,1
10,1.5,issue_tracking,100,join,99.52602632717907,1,1,1
10,1.5,issue_tracking,100,negative_evidence,99.85485216032767,1,1,1
10,1.5,issue_tracking,100,threshold,54.18870274778056,1,1,0
10,1.5,issue_tracking,100,provenance,54.18870274778056,1,1,0
10,1.5,issue_tracking,100,lookup,99.77464758999584,1,1,1
10,1.5,issue_tracking,100,rare_event,64.22068703458395,1,1,0
10,1.5,issue_tracking,100,latest_state,99.420522374275,1,1,1
10,1.5,issue_tracking,100,aggregation,99.64851357128155,1,1,1
10,1.5,issue_tracking,100,join,99.62054242905621,1,1,1
10,1.5,issue_tracking,100,negative_evidence,99.83375641884939,1,1,1
10,1.5,issue_tracking,100,threshold,64.22068703458395,1,1,0
10,1.5,issue_tracking,100,provenance,64.22068703458395,1,1,0
10,1.5,issue_tracking,100,lookup,99.76530031012004,1,1,1
10,1.5,issue_tracking,100,rare_event,60.23818062910065,1,1,0
10,1.5,issue_tracking,100,latest_state,99.51899748950444,1,1,1
10,1.5,issue_tracking,100,aggregation,99.69146220543871,1,1,1
10,1.5,issue_tracking,100,join,99.42353536845215,1,1,1
10,1.5,issue_tracking,100,negative_evidence,99.8533786207042,1,1,1
10,1.5,issue_tracking,100,threshold,60.23818062910065,1,1,0
10,1.5,issue_tracking,100,provenance,60.23818062910065,1,1,0
10,1.5,issue_tracking,250,lookup,99.90925628225739,1,1,1
10,1.5,issue_tracking,250,rare_event,70.47233268466029,1,1,0
10,1.5,issue_tracking,250,latest_state,99.84579913698283,1,1,1
10,1.5,issue_tracking,250,aggregation,99.64358236737456,1,1,1
10,1.5,issue_tracking,250,join,99.84664523225315,1,1,1
10,1.5,issue_tracking,250,negative_evidence,99.9405618072595,1,1,1
10,1.5,issue_tracking,250,threshold,70.47233268466029,1,1,0
10,1.5,issue_tracking,250,provenance,70.47233268466029,1,1,0
10,1.5,issue_tracking,250,lookup,69.2977825269313,1,1,0
10,1.5,issue_tracking,250,rare_event,69.2977825269313,1,1,0
10,1.5,issue_tracking,250,latest_state,99.8248749636923,1,1,1
10,1.5,issue_tracking,250,aggregation,99.68536857883701,1,1,1
10,1.5,issue_tracking,250,join,99.72925584580517,1,1,1
10,1.5,issue_tracking,250,negative_evidence,99.95780885929149,1,1,1
10,1.5,issue_tracking,250,threshold,69.2977825269313,1,1,0
10,1.5,issue_tracking,250,provenance,69.2977825269313,1,1,0
10,1.5,issue_tracking,250,lookup,99.9063963880018,1,1,1
10,1.5,issue_tracking,250,rare_event,70.51337981042091,1,1,0
10,1.5,issue_tracking,250,latest_state,99.82634624018432,1,1,1
10,1.5,issue_tracking,250,aggregation,99.5851369323428,1,1,1
10,1.5,issue_tracking,250,join,99.76980288180532,1,1,1
10,1.5,issue_tracking,250,negative_evidence,99.95785719731303,1,1,1
10,1.5,issue_tracking,250,threshold,70.51337981042091,1,1,0
10,1.5,issue_tracking,250,provenance,70.51337981042091,1,1,0
10,1.5,issue_tracking,250,lookup,99.90571594438724,1,1,1
10,1.5,issue_tracking,250,rare_event,70.84122565034812,1,1,0
10,1.5,issue_tracking,250,latest_state,99.80740627741123,1,1,1
10,1.5,issue_tracking,250,aggregation,99.66926424536737,1,1,1
10,1.5,issue_tracking,250,join,99.88643538470014,1,1,1
10,1.5,issue_tracking,250,negative_evidence,99.95020954366517,1,1,1
10,1.5,issue_tracking,250,threshold,70.84122565034812,1,1,0
10,1.5,issue_tracking,250,provenance,70.84122565034812,1,1,0
10,1.5,issue_tracking,250,lookup,99.90828525192961,1,1,1
10,1.5,issue_tracking,250,rare_event,72.40085063840243,1,1,0
10,1.5,issue_tracking,250,latest_state,99.84664785772988,1,1,1
10,1.5,issue_tracking,250,aggregation,99.58442416694201,1,1,1
10,1.5,issue_tracking,250,join,99.80852163451355,1,1,1
10,1.5,issue_tracking,250,negative_evidence,99.95848477916445,1,1,1
10,1.5,issue_tracking,250,threshold,72.40085063840243,1,1,0
10,1.5,issue_tracking,250,provenance,72.40085063840243,1,1,0
10,1.5,issue_tracking,500,lookup,99.95348704153216,1,1,1
10,1.5,issue_tracking,500,rare_event,73.63350967289418,1,1,0
10,1.5,issue_tracking,500,latest_state,99.92318474968293,1,1,1
10,1.5,issue_tracking,500,aggregation,99.66434384413179,1,1,1
10,1.5,issue_tracking,500,join,99.88398248400388,1,1,1
10,1.5,issue_tracking,500,negative_evidence,99.9663072419299,1,1,1
10,1.5,issue_tracking,500,threshold,73.63350967289418,1,1,0
10,1.5,issue_tracking,500,provenance,73.63350967289418,1,1,0
10,1.5,issue_tracking,500,lookup,99.95281018027572,1,1,1
10,1.5,issue_tracking,500,rare_event,69.99554612937433,1,1,0
10,1.5,issue_tracking,500,latest_state,99.88356309650052,1,1,1
10,1.5,issue_tracking,500,aggregation,99.61367974549312,1,1,1
10,1.5,issue_tracking,500,join,99.91389183457052,1,1,1
10,1.5,issue_tracking,500,negative_evidence,99.95344644750796,1,1,1
10,1.5,issue_tracking,500,threshold,69.99554612937433,1,1,0
10,1.5,issue_tracking,500,provenance,69.99554612937433,1,1,0
10,1.5,issue_tracking,500,lookup,99.95368422391398,1,1,1
10,1.5,issue_tracking,500,rare_event,72.64051856711495,1,1,0
10,1.5,issue_tracking,500,latest_state,99.92252441116962,1,1,1
10,1.5,issue_tracking,500,aggregation,99.66826457860593,1,1,1
10,1.5,issue_tracking,500,join,99.87461884871911,1,1,1
10,1.5,issue_tracking,500,negative_evidence,99.97053595937778,1,1,1
10,1.5,issue_tracking,500,threshold,72.64051856711495,1,1,0
10,1.5,issue_tracking,500,provenance,72.64051856711495,1,1,0
10,1.5,issue_tracking,500,lookup,72.02708842821238,1,1,0
10,1.5,issue_tracking,500,rare_event,72.02708842821238,1,1,0
10,1.5,issue_tracking,500,latest_state,99.90361874541263,1,1,1
10,1.5,issue_tracking,500,aggregation,99.64773181015647,1,1,1
10,1.5,issue_tracking,500,join,99.92363639059616,1,1,1
10,1.5,issue_tracking,500,negative_evidence,99.97479259495408,1,1,1
10,1.5,issue_tracking,500,threshold,72.02708842821238,1,1,0
10,1.5,issue_tracking,500,provenance,72.02708842821238,1,1,0
10,1.5,issue_tracking,500,lookup,99.95400071860628,1,1,1
10,1.5,issue_tracking,500,rare_event,67.22265030053217,1,1,0
10,1.5,issue_tracking,500,latest_state,99.90301994821371,1,1,1
10,1.5,issue_tracking,500,aggregation,99.6476921397403,1,1,1
10,1.5,issue_tracking,500,join,99.89401087236472,1,1,1
10,1.5,issue_tracking,500,negative_evidence,99.96194990317893,1,1,1
10,1.5,issue_tracking,500,threshold,67.22265030053217,1,1,0
10,1.5,issue_tracking,500,provenance,67.22265030053217,1,1,0
10,1.5,commerce_orders,50,lookup,99.53336199574258,1,1,1
10,1.5,commerce_orders,50,rare_event,52.5665090234158,1,1,0
10,1.5,commerce_orders,50,latest_state,98.93879177458763,1,1,1
10,1.5,commerce_orders,50,aggregation,99.38445728427168,1,1,1
10,1.5,commerce_orders,50,join,99.34356091985362,1,1,1
10,1.5,commerce_orders,50,negative_evidence,99.66444008682612,1,1,1
10,1.5,commerce_orders,50,threshold,52.5665090234158,1,1,0
10,1.5,commerce_orders,50,provenance,52.5665090234158,1,1,0
10,1.5,commerce_orders,50,lookup,46.58919123204838,1,1,0
10,1.5,commerce_orders,50,rare_event,46.58919123204838,1,1,0
10,1.5,commerce_orders,50,latest_state,98.94809775762157,1,1,1
10,1.5,commerce_orders,50,aggregation,99.46984966826237,1,1,1
10,1.5,commerce_orders,50,join,98.85886453346771,1,1,1
10,1.5,commerce_orders,50,negative_evidence,99.50449315528681,1,1,1
10,1.5,commerce_orders,50,threshold,46.58919123204838,1,1,0
10,1.5,commerce_orders,50,provenance,46.58919123204838,1,1,0
10,1.5,commerce_orders,50,lookup,99.52892050402359,1,1,1
10,1.5,commerce_orders,50,rare_event,48.59672867289877,1,1,0
10,1.5,commerce_orders,50,latest_state,99.04315256051116,1,1,1
10,1.5,commerce_orders,50,aggregation,99.79646008414382,1,1,1
10,1.5,commerce_orders,50,join,99.4344947698635,1,1,1
10,1.5,commerce_orders,50,negative_evidence,99.5436089515596,1,1,1
10,1.5,commerce_orders,50,threshold,48.59672867289877,1,1,0
10,1.5,commerce_orders,50,provenance,48.59672867289877,1,1,0
10,1.5,commerce_orders,50,lookup,99.55011037989516,1,1,1
10,1.5,commerce_orders,50,rare_event,52.50630368595613,1,1,0
10,1.5,commerce_orders,50,latest_state,99.14102470207891,1,1,1
10,1.5,commerce_orders,50,aggregation,99.54069408552087,1,1,1
10,1.5,commerce_orders,50,join,98.86167463564172,1,1,1
10,1.5,commerce_orders,50,negative_evidence,99.71332614904948,1,1,1
10,1.5,commerce_orders,50,threshold,52.50630368595613,1,1,0
10,1.5,commerce_orders,50,provenance,52.50630368595613,1,1,0
10,1.5,commerce_orders,50,lookup,99.53637660485022,1,1,1
10,1.5,commerce_orders,50,rare_event,54.45686833934715,1,1,0
10,1.5,commerce_orders,50,latest_state,99.13988419904338,1,1,1
10,1.5,commerce_orders,50,aggregation,99.50805571872115,1,1,1
10,1.5,commerce_orders,50,join,99.14198204246036,1,1,1
10,1.5,commerce_orders,50,negative_evidence,99.75350339850634,1,1,1
10,1.5,commerce_orders,50,threshold,54.45686833934715,1,1,0
10,1.5,commerce_orders,50,provenance,54.45686833934715,1,1,0
10,1.5,commerce_orders,100,lookup,59.27419778925338,1,1,0
10,1.5,commerce_orders,100,rare_event,59.27419778925338,1,1,0
10,1.5,commerce_orders,100,latest_state,99.61506504979964,1,1,1
10,1.5,commerce_orders,100,aggregation,99.6108581104532,1,1,1
10,1.5,commerce_orders,100,join,99.66922939388522,1,1,1
10,1.5,commerce_orders,100,negative_evidence,59.27419778925338,1,1,0
10,1.5,commerce_orders,100,threshold,59.27419778925338,1,1,0
10,1.5,commerce_orders,100,provenance,59.27419778925338,1,1,0
10,1.5,commerce_orders,100,lookup,99.77300258071313,1,1,1
10,1.5,commerce_orders,100,rare_event,61.25085584873862,1,1,0
10,1.5,commerce_orders,100,latest_state,99.5681255595934,1,1,1
10,1.5,commerce_orders,100,aggregation,99.624479907305,1,1,1
10,1.5,commerce_orders,100,join,99.57181229262126,1,1,1
10,1.5,commerce_orders,100,negative_evidence,99.89519144677938,1,1,1
10,1.5,commerce_orders,100,threshold,61.25085584873862,1,1,0
10,1.5,commerce_orders,100,provenance,61.25085584873862,1,1,0
10,1.5,commerce_orders,100,lookup,99.7732151239142,1,1,1
10,1.5,commerce_orders,100,rare_event,61.2282246963456,1,1,0
10,1.5,commerce_orders,100,latest_state,99.51900510002268,1,1,1
10,1.5,commerce_orders,100,aggregation,99.5559235682227,1,1,1
10,1.5,commerce_orders,100,join,99.22945882799685,1,1,1
10,1.5,commerce_orders,100,negative_evidence,99.91666974320569,1,1,1
10,1.5,commerce_orders,100,threshold,61.2282246963456,1,1,0
10,1.5,commerce_orders,100,provenance,61.2282246963456,1,1,0
10,1.5,commerce_orders,100,lookup,99.76361329451467,1,1,1
10,1.5,commerce_orders,100,rare_event,67.2164807336938,1,1,0
10,1.5,commerce_orders,100,latest_state,99.61830654459496,1,1,1
10,1.5,commerce_orders,100,aggregation,99.48616163796508,1,1,1
10,1.5,commerce_orders,100,join,99.52459422037137,1,1,1
10,1.5,commerce_orders,100,negative_evidence,99.83363430081657,1,1,1
10,1.5,commerce_orders,100,threshold,67.2164807336938,1,1,0
10,1.5,commerce_orders,100,provenance,67.2164807336938,1,1,0
10,1.5,commerce_orders,100,lookup,99.76638717502505,1,1,1
10,1.5,commerce_orders,100,rare_event,65.24073195169541,1,1,0
10,1.5,commerce_orders,100,latest_state,99.41834097980278,1,1,1
10,1.5,commerce_orders,100,aggregation,99.64298897853715,1,1,1
10,1.5,commerce_orders,100,join,99.37984496124031,1,1,1
10,1.5,commerce_orders,100,negative_evidence,99.81068396350788,1,1,1
10,1.5,commerce_orders,100,threshold,65.24073195169541,1,1,0
10,1.5,commerce_orders,100,provenance,65.24073195169541,1,1,0
10,1.5,commerce_orders,250,lookup,69.26425229742786,1,1,0
10,1.5,commerce_orders,250,rare_event,69.26425229742786,1,1,0
10,1.5,commerce_orders,250,latest_state,99.84673244135138,1,1,1
10,1.5,commerce_orders,250,aggregation,99.64441926393519,1,1,1
10,1.5,commerce_orders,250,join,99.80889120962986,1,1,1
10,1.5,commerce_orders,250,negative_evidence,99.94165262594893,1,1,1
10,1.5,commerce_orders,250,threshold,69.26425229742786,1,1,0
10,1.5,commerce_orders,250,provenance,69.26425229742786,1,1,0
10,1.5,commerce_orders,250,lookup,99.90523712927728,1,1,1
10,1.5,commerce_orders,250,rare_event,72.44473399766053,1,1,0
10,1.5,commerce_orders,250,latest_state,99.86547056745614,1,1,1
10,1.5,commerce_orders,250,aggregation,99.62814034211934,1,1,1
10,1.5,commerce_orders,250,join,99.80962816149454,1,1,1
10,1.5,commerce_orders,250,negative_evidence,99.93273528372806,1,1,1
10,1.5,commerce_orders,250,threshold,72.44473399766053,1,1,0
10,1.5,commerce_orders,250,provenance,72.44473399766053,1,1,0
10,1.5,commerce_orders,250,lookup,99.91007137159144,1,1,1
10,1.5,commerce_orders,250,rare_event,66.00888283251905,1,1,0
10,1.5,commerce_orders,250,latest_state,99.90541624259147,1,1,1
10,1.5,commerce_orders,250,aggregation,99.63563035736578,1,1,1
10,1.5,commerce_orders,250,join,99.7113820020017,1,1,1
10,1.5,commerce_orders,250,negative_evidence,99.91599608122776,1,1,1
10,1.5,commerce_orders,250,threshold,66.00888283251905,1,1,0
10,1.5,commerce_orders,250,provenance,66.00888283251905,1,1,0
10,1.5,commerce_orders,250,lookup,71.22386999828811,1,1,0
10,1.5,commerce_orders,250,rare_event,71.22386999828811,1,1,0
10,1.5,commerce_orders,250,latest_state,99.74744432679647,1,1,1
10,1.5,commerce_orders,250,aggregation,99.5859777708739,1,1,1
10,1.5,commerce_orders,250,join,99.76921272373367,1,1,1
10,1.5,commerce_orders,250,negative_evidence,99.91630791080452,1,1,1
10,1.5,commerce_orders,250,threshold,71.22386999828811,1,1,0
10,1.5,commerce_orders,250,provenance,71.22386999828811,1,1,0
10,1.5,commerce_orders,250,lookup,99.90712336302283,1,1,1
10,1.5,commerce_orders,250,rare_event,72.03461188567076,1,1,0
10,1.5,commerce_orders,250,latest_state,99.74781560073625,1,1,1
10,1.5,commerce_orders,250,aggregation,99.5846996847695,1,1,1
10,1.5,commerce_orders,250,join,99.78843590665792,1,1,1
10,1.5,commerce_orders,250,negative_evidence,99.93229949013053,1,1,1
10,1.5,commerce_orders,250,threshold,72.03461188567076,1,1,0
10,1.5,commerce_orders,250,provenance,72.03461188567076,1,1,0
10,1.5,commerce_orders,500,lookup,99.9537261562637,1,1,1
10,1.5,commerce_orders,500,rare_event,71.2250814822031,1,1,0
10,1.5,commerce_orders,500,latest_state,99.91285269246,1,1,1
10,1.5,commerce_orders,500,aggregation,99.65310500668164,1,1,1
10,1.5,commerce_orders,500,join,99.91391159048601,1,1,1
10,1.5,commerce_orders,500,negative_evidence,99.98369297039956,1,1,1
10,1.5,commerce_orders,500,threshold,71.2250814822031,1,1,0
10,1.5,commerce_orders,500,provenance,71.2250814822031,1,1,0
10,1.5,commerce_orders,500,lookup,99.95393588722658,1,1,1
10,1.5,commerce_orders,500,rare_event,69.02532573151929,1,1,0
10,1.5,commerce_orders,500,latest_state,99.92312058419884,1,1,1
10,1.5,commerce_orders,500,aggregation,99.668020704495,1,1,1
10,1.5,commerce_orders,500,join,99.90437725555311,1,1,1
10,1.5,commerce_orders,500,negative_evidence,99.9624074481964,1,1,1
10,1.5,commerce_orders,500,threshold,69.02532573151929,1,1,0
10,1.5,commerce_orders,500,provenance,69.02532573151929,1,1,0
10,1.5,commerce_orders,500,lookup,99.95254694727521,1,1,1
10,1.5,commerce_orders,500,rare_event,70.65007504573182,1,1,0
10,1.5,commerce_orders,500,latest_state,99.93316322261308,1,1,1
10,1.5,commerce_orders,500,aggregation,99.61486763458184,1,1,1
10,1.5,commerce_orders,500,join,99.88433318398332,1,1,1
10,1.5,commerce_orders,500,negative_evidence,99.970341842047,1,1,1
10,1.5,commerce_orders,500,threshold,70.65007504573182,1,1,0
10,1.5,commerce_orders,500,provenance,70.65007504573182,1,1,0
10,1.5,commerce_orders,500,lookup,69.84227530321488,1,1,0
10,1.5,commerce_orders,500,rare_event,69.84227530321488,1,1,0
10,1.5,commerce_orders,500,latest_state,99.9331603198983,1,1,1
10,1.5,commerce_orders,500,aggregation,99.63487103437319,1,1,1
10,1.5,commerce_orders,500,join,99.89407340712886,1,1,1
10,1.5,commerce_orders,500,negative_evidence,99.962184206345,1,1,1
10,1.5,commerce_orders,500,threshold,69.84227530321488,1,1,0
10,1.5,commerce_orders,500,provenance,69.84227530321488,1,1,0
10,1.5,commerce_orders,500,lookup,99.95287474637082,1,1,1
10,1.5,commerce_orders,500,rare_event,73.23910400596425,1,1,0
10,1.5,commerce_orders,500,latest_state,99.94228480173506,1,1,1
10,1.5,commerce_orders,500,aggregation,99.6172794008633,1,1,1
10,1.5,commerce_orders,500,join,99.88393420679196,1,1,1
10,1.5,commerce_orders,500,negative_evidence,99.95795791979599,1,1,1
10,1.5,commerce_orders,500,threshold,73.23910400596425,1,1,0
10,1.5,commerce_orders,500,provenance,73.23910400596425,1,1,0
10,1.5,security_findings,50,lookup,99.52540246707088,1,1,1
10,1.5,security_findings,50,rare_event,50.61363161195902,1,1,0
10,1.5,security_findings,50,latest_state,99.13547982437801,1,1,1
10,1.5,security_findings,50,aggregation,99.63098473761238,1,1,1
10,1.5,security_findings,50,join,99.53376541919297,1,1,1
10,1.5,security_findings,50,negative_evidence,99.66548191511603,1,1,1
10,1.5,security_findings,50,threshold,50.61363161195902,1,1,0
10,1.5,security_findings,50,provenance,50.61363161195902,1,1,0
10,1.5,security_findings,50,lookup,99.5418553811073,1,1,1
10,1.5,security_findings,50,rare_event,50.4816794452057,1,1,0
10,1.5,security_findings,50,latest_state,98.94563978117841,1,1,1
10,1.5,security_findings,50,aggregation,99.63494869407864,1,1,1
10,1.5,security_findings,50,join,98.95923768082592,1,1,1
10,1.5,security_findings,50,negative_evidence,99.74896185266154,1,1,1
10,1.5,security_findings,50,threshold,50.4816794452057,1,1,0
10,1.5,security_findings,50,provenance,50.4816794452057,1,1,0
10,1.5,security_findings,50,lookup,99.54008297364119,1,1,1
10,1.5,security_findings,50,rare_event,40.636131249214266,1,1,0
10,1.5,security_findings,50,latest_state,99.03826006788753,1,1,1
10,1.5,security_findings,50,aggregation,99.46465239073042,1,1,1
10,1.5,security_findings,50,join,99.05502241964548,1,1,1
10,1.5,security_findings,50,negative_evidence,99.53798767967146,1,1,1
10,1.5,security_findings,50,threshold,40.636131249214266,1,1,0
10,1.5,security_findings,50,provenance,40.636131249214266,1,1,0
10,1.5,security_findings,50,lookup,44.55874958095877,1,1,0
10,1.5,security_findings,50,rare_event,44.55874958095877,1,1,0
10,1.5,security_findings,50,latest_state,98.84554140127389,1,1,1
10,1.5,security_findings,50,aggregation,99.59038719409989,1,1,1
10,1.5,security_findings,50,join,98.95030170968823,1,1,1
10,1.5,security_findings,50,negative_evidence,99.75067046597385,1,1,1
10,1.5,security_findings,50,threshold,44.55874958095877,1,1,0
10,1.5,security_findings,50,provenance,44.55874958095877,1,1,0
10,1.5,security_findings,50,lookup,99.5378454396219,1,1,1
10,1.5,security_findings,50,rare_event,56.62752642750342,1,1,0
10,1.5,security_findings,50,latest_state,99.14470038373467,1,1,1
10,1.5,security_findings,50,aggregation,99.50961427869383,1,1,1
10,1.5,security_findings,50,join,99.14470038373467,1,1,1
10,1.5,security_findings,50,negative_evidence,99.66436286452179,1,1,1
10,1.5,security_findings,50,threshold,56.62752642750342,1,1,0
10,1.5,security_findings,50,provenance,56.62752642750342,1,1,0
10,1.5,security_findings,100,lookup,99.76762159121378,1,1,1
10,1.5,security_findings,100,rare_event,61.269564211622075,1,1,0
10,1.5,security_findings,100,latest_state,99.4689995636333,1,1,1
10,1.5,security_findings,100,aggregation,99.59885808619032,1,1,1
10,1.5,security_findings,100,join,99.61883632042985,1,1,1
10,1.5,security_findings,100,negative_evidence,99.87382167848712,1,1,1
10,1.5,security_findings,100,threshold,61.269564211622075,1,1,0
10,1.5,security_findings,100,provenance,61.269564211622075,1,1,0
10,1.5,security_findings,100,lookup,58.270664812942364,1,1,0
10,1.5,security_findings,100,rare_event,58.270664812942364,1,1,0
10,1.5,security_findings,100,latest_state,99.51813700707785,1,1,1
10,1.5,security_findings,100,aggregation,99.71140883046849,1,1,1
10,1.5,security_findings,100,join,99.27852207617121,1,1,1
10,1.5,security_findings,100,negative_evidence,99.8119944388271,1,1,1
10,1.5,security_findings,100,threshold,58.270664812942364,1,1,0
10,1.5,security_findings,100,provenance,58.270664812942364,1,1,0
10,1.5,security_findings,100,lookup,99.76523592470667,1,1,1
10,1.5,security_findings,100,rare_event,63.15153625390394,1,1,0
10,1.5,security_findings,100,latest_state,99.42021186798345,1,1,1
10,1.5,security_findings,100,aggregation,99.56529079091753,1,1,1
10,1.5,security_findings,100,join,99.37642441124336,1,1,1
10,1.5,security_findings,100,negative_evidence,99.89554317548746,1,1,1
10,1.5,security_findings,100,threshold,63.15153625390394,1,1,0
10,1.5,security_findings,100,provenance,63.15153625390394,1,1,0
10,1.5,security_findings,100,lookup,99.76795091714638,1,1,1
10,1.5,security_findings,100,rare_event,65.15738294939119,1,1,0
10,1.5,security_findings,100,latest_state,99.61588247055975,1,1,1
10,1.5,security_findings,100,aggregation,99.56799932647885,1,1,1
10,1.5,security_findings,100,join,99.47328541511003,1,1,1
10,1.5,security_findings,100,negative_evidence,99.83425065510455,1,1,1
10,1.5,security_findings,100,threshold,65.15738294939119,1,1,0
10,1.5,security_findings,100,provenance,65.15738294939119,1,1,0
10,1.5,security_findings,100,lookup,61.24545091192124,1,1,0
10,1.5,security_findings,100,rare_event,61.24545091192124,1,1,0
10,1.5,security_findings,100,latest_state,99.325262427162,1,1,1
10,1.5,security_findings,100,aggregation,99.68971537959905,1,1,1
10,1.5,security_findings,100,join,99.42728821759891,1,1,1
10,1.5,security_findings,100,negative_evidence,99.8085701663967,1,1,1
10,1.5,security_findings,100,threshold,61.24545091192124,1,1,0
10,1.5,security_findings,100,provenance,61.24545091192124,1,1,0
10,1.5,security_findings,250,lookup,99.90617095061084,1,1,1
10,1.5,security_findings,250,rare_event,69.27140897842565,1,1,0
10,1.5,security_findings,250,latest_state,99.74725328137515,1,1,1
10,1.5,security_findings,250,aggregation,99.62785370276056,1,1,1
10,1.5,security_findings,250,join,99.71048243769562,1,1,1
10,1.5,security_findings,250,negative_evidence,99.88017776800979,1,1,1
10,1.5,security_findings,250,threshold,69.27140897842565,1,1,0
10,1.5,security_findings,250,provenance,69.27140897842565,1,1,0
10,1.5,security_findings,250,lookup,99.90598426028627,1,1,1
10,1.5,security_findings,250,rare_event,68.91142449691016,1,1,0
10,1.5,security_findings,250,latest_state,99.8265462420113,1,1,1
10,1.5,security_findings,250,aggregation,99.61823271536471,1,1,1
10,1.5,security_findings,250,join,99.92457613690382,1,1,1
10,1.5,security_findings,250,negative_evidence,99.9659853166429,1,1,1
10,1.5,security_findings,250,threshold,68.91142449691016,1,1,0
10,1.5,security_findings,250,provenance,68.91142449691016,1,1,0
10,1.5,security_findings,250,lookup,72.39400620368922,1,1,0
10,1.5,security_findings,250,rare_event,72.39400620368922,1,1,0
10,1.5,security_findings,250,latest_state,99.74800157419672,1,1,1
10,1.5,security_findings,250,aggregation,99.66886856726941,1,1,1
10,1.5,security_findings,250,join,99.84660045448582,1,1,1
10,1.5,security_findings,250,negative_evidence,99.95810605515612,1,1,1
10,1.5,security_findings,250,threshold,72.39400620368922,1,1,0
10,1.5,security_findings,250,provenance,72.39400620368922,1,1,0
10,1.5,security_findings,250,lookup,99.90837502902865,1,1,1
10,1.5,security_findings,250,rare_event,70.84151413431292,1,1,0
10,1.5,security_findings,250,latest_state,99.82625034306585,1,1,1
10,1.5,security_findings,250,aggregation,99.58747651318428,1,1,1
10,1.5,security_findings,250,join,99.76861528068063,1,1,1
10,1.5,security_findings,250,negative_evidence,99.94933181328773,1,1,1
10,1.5,security_findings,250,threshold,70.84151413431292,1,1,0
10,1.5,security_findings,250,provenance,70.84151413431292,1,1,0
10,1.5,security_findings,250,lookup,99.90379044501677,1,1,1
10,1.5,security_findings,250,rare_event,71.66385438736715,1,1,0
10,1.5,security_findings,250,latest_state,99.80546639431962,1,1,1
10,1.5,security_findings,250,aggregation,99.5942282724993,1,1,1
10,1.5,security_findings,250,join,99.71221713333587,1,1,1
10,1.5,security_findings,250,negative_evidence,99.93149033886908,1,1,1
10,1.5,security_findings,250,threshold,71.66385438736715,1,1,0
10,1.5,security_findings,250,provenance,71.66385438736715,1,1,0
10,1.5,security_findings,500,lookup,99.95341899298215,1,1,1
10,1.5,security_findings,500,rare_event,71.63311951945339,1,1,0
10,1.5,security_findings,500,latest_state,99.88259468913,1,1,1
10,1.5,security_findings,500,aggregation,99.61390697137703,1,1,1
10,1.5,security_findings,500,join,99.90281508081276,1,1,1
10,1.5,security_findings,500,negative_evidence,99.96601703806198,1,1,1
10,1.5,security_findings,500,threshold,71.63311951945339,1,1,0
10,1.5,security_findings,500,provenance,71.63311951945339,1,1,0
10,1.5,security_findings,500,lookup,99.9542077087568,1,1,1
10,1.5,security_findings,500,rare_event,72.0095941724286,1,1,0
10,1.5,security_findings,500,latest_state,99.92332699503159,1,1,1
10,1.5,security_findings,500,aggregation,99.62298032729326,1,1,1
10,1.5,security_findings,500,join,99.92322123916266,1,1,1
10,1.5,security_findings,500,negative_evidence,99.9792718496913,1,1,1
10,1.5,security_findings,500,threshold,72.0095941724286,1,1,0
10,1.5,security_findings,500,provenance,72.0095941724286,1,1,0
10,1.5,security_findings,500,lookup,99.95314410461874,1,1,1
10,1.5,security_findings,500,rare_event,70.38665104098357,1,1,0
10,1.5,security_findings,500,latest_state,99.89380740640456,1,1,1
10,1.5,security_findings,500,aggregation,99.6307586212732,1,1,1
10,1.5,security_findings,500,join,99.89412471495116,1,1,1
10,1.5,security_findings,500,negative_evidence,99.95779796330221,1,1,1
10,1.5,security_findings,500,threshold,70.38665104098357,1,1,0
10,1.5,security_findings,500,provenance,70.38665104098357,1,1,0
10,1.5,security_findings,500,lookup,99.95208483839475,1,1,1
10,1.5,security_findings,500,rare_event,72.60627804967311,1,1,0
10,1.5,security_findings,500,latest_state,99.90290040098539,1,1,1
10,1.5,security_findings,500,aggregation,99.60737068459449,1,1,1
10,1.5,security_findings,500,join,99.88322662602164,1,1,1
10,1.5,security_findings,500,negative_evidence,99.96604687223999,1,1,1
10,1.5,security_findings,500,threshold,72.60627804967311,1,1,0
10,1.5,security_findings,500,provenance,72.60627804967311,1,1,0
10,1.5,security_findings,500,lookup,99.95239384886212,1,1,1
10,1.5,security_findings,500,rare_event,70.01352014692317,1,1,0
10,1.5,security_findings,500,latest_state,99.91325101348207,1,1,1
10,1.5,security_findings,500,aggregation,99.58942339429741,1,1,1
10,1.5,security_findings,500,join,99.91282784769417,1,1,1
10,1.5,security_findings,500,negative_evidence,99.97450426127948,1,1,1
10,1.5,security_findings,500,threshold,70.01352014692317,1,1,0
10,1.5,security_findings,500,provenance,70.01352014692317,1,1,0
10,2.5,incident_ops,50,lookup,99.5561850802644,1,1,1
10,2.5,incident_ops,50,rare_event,50.52460392403735,1,1,0
10,2.5,incident_ops,50,latest_state,99.23302906305739,1,1,1
10,2.5,incident_ops,50,aggregation,99.47224845241843,1,1,1
10,2.5,incident_ops,50,join,98.95393977546952,1,1,1
10,2.5,incident_ops,50,negative_evidence,99.6222851746931,1,1,1
10,2.5,incident_ops,50,threshold,50.52460392403735,1,1,0
10,2.5,incident_ops,50,provenance,50.52460392403735,1,1,0
10,2.5,incident_ops,50,lookup,99.5290786092611,1,1,1
10,2.5,incident_ops,50,rare_event,56.51476217945357,1,1,0
10,2.5,incident_ops,50,latest_state,98.94278672190467,1,1,1
10,2.5,incident_ops,50,aggregation,99.38958519062354,1,1,1
10,2.5,incident_ops,50,join,99.53851801352981,1,1,1
10,2.5,incident_ops,50,negative_evidence,99.71472022654571,1,1,1
10,2.5,incident_ops,50,threshold,56.51476217945357,1,1,0
10,2.5,incident_ops,50,provenance,56.51476217945357,1,1,0
10,2.5,incident_ops,50,lookup,99.5384308747784,1,1,1
10,2.5,incident_ops,50,rare_event,48.503571915616774,1,1,0
10,2.5,incident_ops,50,latest_state,99.04644014812173,1,1,1
10,2.5,incident_ops,50,aggregation,99.47339158895171,1,1,1
10,2.5,incident_ops,50,join,99.34121497582007,1,1,1
10,2.5,incident_ops,50,negative_evidence,48.503571915616774,1,1,0
10,2.5,incident_ops,50,threshold,48.503571915616774,1,1,0
10,2.5,incident_ops,50,provenance,48.503571915616774,1,1,0
10,2.5,incident_ops,50,lookup,46.56046419070362,1,1,0
10,2.5,incident_ops,50,rare_event,46.56046419070362,1,1,0
10,2.5,incident_ops,50,latest_state,99.14535285615534,1,1,1
10,2.5,incident_ops,50,aggregation,99.50040847106139,1,1,1
10,2.5,incident_ops,50,join,99.34644630176585,1,1,1
10,2.5,incident_ops,50,negative_evidence,99.70673872515134,1,1,1
10,2.5,incident_ops,50,threshold,46.56046419070362,1,1,0
10,2.5,incident_ops,50,provenance,46.56046419070362,1,1,0
10,2.5,incident_ops,50,lookup,99.55134387186045,1,1,1
10,2.5,incident_ops,50,rare_event,44.6140299383622,1,1,0
10,2.5,incident_ops,50,latest_state,99.33540190364376,1,1,1
10,2.5,incident_ops,50,aggregation,99.80187848547108,1,1,1
10,2.5,incident_ops,50,join,99.24944442114973,1,1,1
10,2.5,incident_ops,50,negative_evidence,99.67084573776678,1,1,1
10,2.5,incident_ops,50,threshold,44.6140299383622,1,1,0
10,2.5,incident_ops,50,provenance,44.6140299383622,1,1,0
10,2.5,incident_ops,100,lookup,99.76806111774465,1,1,1
10,2.5,incident_ops,100,rare_event,64.16887686634192,1,1,0
10,2.5,incident_ops,100,latest_state,99.51710219047519,1,1,1
10,2.5,incident_ops,100,aggregation,99.57997400593848,1,1,1
10,2.5,incident_ops,100,join,99.42622864207445,1,1,1
10,2.5,incident_ops,100,negative_evidence,64.16887686634192,1,1,0
10,2.5,incident_ops,100,threshold,64.16887686634192,1,1,0
10,2.5,incident_ops,100,provenance,64.16887686634192,1,1,0
10,2.5,incident_ops,100,lookup,99.76548635172821,1,1,1
10,2.5,incident_ops,100,rare_event,68.18854052226824,1,1,0
10,2.5,incident_ops,100,latest_state,99.4205822699231,1,1,1
10,2.5,incident_ops,100,aggregation,99.6307994591397,1,1,1
10,2.5,incident_ops,100,join,99.27955717062453,1,1,1
10,2.5,incident_ops,100,negative_evidence,99.89700414096173,1,1,1
10,2.5,incident_ops,100,threshold,68.18854052226824,1,1,0
10,2.5,incident_ops,100,provenance,68.18854052226824,1,1,0
10,2.5,incident_ops,100,lookup,99.76551855255235,1,1,1
10,2.5,incident_ops,100,rare_event,69.10390063056498,1,1,0
10,2.5,incident_ops,100,latest_state,99.61711925810916,1,1,1
10,2.5,incident_ops,100,aggregation,99.58067957370851,1,1,1
10,2.5,incident_ops,100,join,99.37735669698026,1,1,1
10,2.5,incident_ops,100,negative_evidence,99.83364491904054,1,1,1
10,2.5,incident_ops,100,threshold,69.10390063056498,1,1,0
10,2.5,incident_ops,100,provenance,69.10390063056498,1,1,0
10,2.5,incident_ops,100,lookup,99.76578696108582,1,1,1
10,2.5,incident_ops,100,rare_event,62.252137721486946,1,1,0
10,2.5,incident_ops,100,latest_state,99.61861255149785,1,1,1
10,2.5,incident_ops,100,aggregation,99.63127271576349,1,1,1
10,2.5,incident_ops,100,join,99.42660006013578,1,1,1
10,2.5,incident_ops,100,negative_evidence,99.89819117903055,1,1,1
10,2.5,incident_ops,100,threshold,62.252137721486946,1,1,0
10,2.5,incident_ops,100,provenance,62.252137721486946,1,1,0
10,2.5,incident_ops,100,lookup,99.77490092470276,1,1,1
10,2.5,incident_ops,100,rare_event,65.13130779392338,1,1,0
10,2.5,incident_ops,100,latest_state,99.47054161162482,1,1,1
10,2.5,incident_ops,100,aggregation,99.58150594451783,1,1,1
10,2.5,incident_ops,100,join,99.38124174372524,1,1,1
10,2.5,incident_ops,100,negative_evidence,99.87582562747687,1,1,1
10,2.5,incident_ops,100,threshold,65.13130779392338,1,1,0
10,2.5,incident_ops,100,provenance,65.13130779392338,1,1,0
10,2.5,incident_ops,250,lookup,99.9061357154662,1,1,1
10,2.5,incident_ops,250,rare_event,77.20220867111055,1,1,0
10,2.5,incident_ops,250,latest_state,99.88515927264714,1,1,1
10,2.5,incident_ops,250,aggregation,99.69361680488518,1,1,1
10,2.5,incident_ops,250,join,99.75040151877921,1,1,1
10,2.5,incident_ops,250,negative_evidence,99.94236775306278,1,1,1
10,2.5,incident_ops,250,threshold,77.20220867111055,1,1,0
10,2.5,incident_ops,250,provenance,77.20220867111055,1,1,0
10,2.5,incident_ops,250,lookup,99.91005610886606,1,1,1
10,2.5,incident_ops,250,rare_event,80.02948632280099,1,1,0
10,2.5,incident_ops,250,latest_state,99.86678121784877,1,1,1
10,2.5,incident_ops,250,aggregation,99.6436185445636,1,1,1
10,2.5,incident_ops,250,join,99.73038045841686,1,1,1
10,2.5,incident_ops,250,negative_evidence,99.94102735439803,1,1,1
10,2.5,incident_ops,250,threshold,80.02948632280099,1,1,0
10,2.5,incident_ops,250,provenance,80.02948632280099,1,1,0
10,2.5,incident_ops,250,lookup,99.90821370731831,1,1,1
10,2.5,incident_ops,250,rare_event,80.40394447883192,1,1,0
10,2.5,incident_ops,250,latest_state,99.78632659809898,1,1,1
10,2.5,incident_ops,250,aggregation,99.50206466164138,1,1,1
10,2.5,incident_ops,250,join,99.7697923467614,1,1,1
10,2.5,incident_ops,250,negative_evidence,99.94954933566225,1,1,1
10,2.5,incident_ops,250,threshold,80.40394447883192,1,1,0
10,2.5,incident_ops,250,provenance,80.40394447883192,1,1,0
10,2.5,incident_ops,250,lookup,99.90985462471168,1,1,1
10,2.5,incident_ops,250,rare_event,80.43485621177815,1,1,0
10,2.5,incident_ops,250,latest_state,99.84637196605793,1,1,1
10,2.5,incident_ops,250,aggregation,99.57191527181159,1,1,1
10,2.5,incident_ops,250,join,99.63307023298135,1,1,1
10,2.5,incident_ops,250,negative_evidence,99.9005438347758,1,1,1
10,2.5,incident_ops,250,threshold,80.43485621177815,1,1,0
10,2.5,incident_ops,250,provenance,80.43485621177815,1,1,0
10,2.5,incident_ops,250,lookup,99.91144030271315,1,1,1
10,2.5,incident_ops,250,rare_event,78.03316963207472,1,1,0
10,2.5,incident_ops,250,latest_state,99.80762630350128,1,1,1
10,2.5,incident_ops,250,aggregation,99.58516773376158,1,1,1
10,2.5,incident_ops,250,join,99.69300717375921,1,1,1
10,2.5,incident_ops,250,negative_evidence,99.92542341281107,1,1,1
10,2.5,incident_ops,250,threshold,78.03316963207472,1,1,0
10,2.5,incident_ops,250,provenance,78.03316963207472,1,1,0
10,2.5,incident_ops,500,lookup,99.95354648215357,1,1,1
10,2.5,incident_ops,500,rare_event,78.61791239163497,1,1,0
10,2.5,incident_ops,500,latest_state,99.90348698346976,1,1,1
10,2.5,incident_ops,500,aggregation,99.63505352760377,1,1,1
10,2.5,incident_ops,500,join,99.87432096199083,1,1,1
10,2.5,incident_ops,500,negative_evidence,99.97528842543785,1,1,1
10,2.5,incident_ops,500,threshold,78.61791239163497,1,1,0
10,2.5,incident_ops,500,provenance,78.61791239163497,1,1,0
10,2.5,incident_ops,500,lookup,80.1862781398497,1,1,0
10,2.5,incident_ops,500,rare_event,80.1862781398497,1,1,0
10,2.5,incident_ops,500,latest_state,99.90324315779534,1,1,1
10,2.5,incident_ops,500,aggregation,99.61254825906644,1,1,1
10,2.5,incident_ops,500,join,99.87512850518105,1,1,1
10,2.5,incident_ops,500,negative_evidence,99.97517423127644,1,1,1
10,2.5,incident_ops,500,threshold,80.1862781398497,1,1,0
10,2.5,incident_ops,500,provenance,80.1862781398497,1,1,0
10,2.5,incident_ops,500,lookup,99.95469890152793,1,1,1
10,2.5,incident_ops,500,rare_event,85.17296107924828,1,1,0
10,2.5,incident_ops,500,latest_state,99.90388104164943,1,1,1
10,2.5,incident_ops,500,aggregation,99.63493892308574,1,1,1
10,2.5,incident_ops,500,join,99.91417192350373,1,1,1
10,2.5,incident_ops,500,negative_evidence,99.97506848210553,1,1,1
10,2.5,incident_ops,500,threshold,85.17296107924828,1,1,0
10,2.5,incident_ops,500,provenance,85.17296107924828,1,1,0
10,2.5,incident_ops,500,lookup,99.95289494511836,1,1,1
10,2.5,incident_ops,500,rare_event,79.61443876024587,1,1,0
10,2.5,incident_ops,500,latest_state,99.91342854778512,1,1,1
10,2.5,incident_ops,500,aggregation,99.65562385552752,1,1,1
10,2.5,incident_ops,500,join,99.90430459571344,1,1,1
10,2.5,incident_ops,500,negative_evidence,99.96647478075992,1,1,1
10,2.5,incident_ops,500,threshold,79.61443876024587,1,1,0
10,2.5,incident_ops,500,provenance,79.61443876024587,1,1,0
10,2.5,incident_ops,500,lookup,99.95364703436483,1,1,1
10,2.5,incident_ops,500,rare_event,79.19260983107155,1,1,0
10,2.5,incident_ops,500,latest_state,99.88257955844823,1,1,1
10,2.5,incident_ops,500,aggregation,99.6559061315321,1,1,1
10,2.5,incident_ops,500,join,99.89467163644001,1,1,1
10,2.5,incident_ops,500,negative_evidence,99.96679982095239,1,1,1
10,2.5,incident_ops,500,threshold,79.19260983107155,1,1,0
10,2.5,incident_ops,500,provenance,79.19260983107155,1,1,0
10,2.5,identity_events,50,lookup,99.55625491738789,1,1,1
10,2.5,identity_events,50,rare_event,54.41174927878312,1,1,0
10,2.5,identity_events,50,latest_state,99.23734592184633,1,1,1
10,2.5,identity_events,50,aggregation,99.6338840807763,1,1,1
10,2.5,identity_events,50,join,99.33910306845004,1,1,1
10,2.5,identity_events,50,negative_evidence,99.70626803042224,1,1,1
10,2.5,identity_events,50,threshold,54.41174927878312,1,1,0
10,2.5,identity_events,50,provenance,54.41174927878312,1,1,0
10,2.5,identity_events,50,lookup,99.53801671939492,1,1,1
10,2.5,identity_events,50,rare_event,52.61895283789729,1,1,0
10,2.5,identity_events,50,latest_state,99.33478597917409,1,1,1
10,2.5,identity_events,50,aggregation,99.59249093842318,1,1,1
10,2.5,identity_events,50,join,99.33583356030925,1,1,1
10,2.5,identity_events,50,negative_evidence,99.75067568983218,1,1,1
10,2.5,identity_events,50,threshold,52.61895283789729,1,1,0
10,2.5,identity_events,50,provenance,52.61895283789729,1,1,0
10,2.5,identity_events,50,lookup,99.54678976080571,1,1,1
10,2.5,identity_events,50,rare_event,44.579311791859,1,1,0
10,2.5,identity_events,50,latest_state,99.13869072597566,1,1,1
10,2.5,identity_events,50,aggregation,99.46705832983635,1,1,1
10,2.5,identity_events,50,join,99.15337809483844,1,1,1
10,2.5,identity_events,50,negative_evidence,99.79122954259337,1,1,1
10,2.5,identity_events,50,threshold,44.579311791859,1,1,0
10,2.5,identity_events,50,provenance,44.579311791859,1,1,0
10,2.5,identity_events,50,lookup,99.54488386691777,1,1,1
10,2.5,identity_events,50,rare_event,50.36827788240217,1,1,0
10,2.5,identity_events,50,latest_state,99.03850177861477,1,1,1
10,2.5,identity_events,50,aggregation,99.54802259887006,1,1,1
10,2.5,identity_events,50,join,98.65557648043523,1,1,1
10,2.5,identity_events,50,negative_evidence,50.36827788240217,1,1,0
10,2.5,identity_events,50,threshold,50.36827788240217,1,1,0
10,2.5,identity_events,50,provenance,50.36827788240217,1,1,0
10,2.5,identity_events,50,lookup,99.54329290009008,1,1,1
10,2.5,identity_events,50,rare_event,48.5115119518991,1,1,0
10,2.5,identity_events,50,latest_state,98.94412670479542,1,1,1
10,2.5,identity_events,50,aggregation,99.63128234135714,1,1,1
10,2.5,identity_events,50,join,99.1431504409947,1,1,1
10,2.5,identity_events,50,negative_evidence,99.58624012737519,1,1,1
10,2.5,identity_events,50,threshold,48.5115119518991,1,1,0
10,2.5,identity_events,50,provenance,48.5115119518991,1,1,0
10,2.5,identity_events,100,lookup,99.76752767527675,1,1,1
10,2.5,identity_events,100,rare_event,70.14918292040063,1,1,0
10,2.5,identity_events,100,latest_state,99.66684238270955,1,1,1
10,2.5,identity_events,100,aggregation,99.73115445440169,1,1,1
10,2.5,identity_events,100,join,99.52240379546653,1,1,1
10,2.5,identity_events,100,negative_evidence,99.85608856088561,1,1,1
10,2.5,identity_events,100,threshold,70.14918292040063,1,1,0
10,2.5,identity_events,100,provenance,70.14918292040063,1,1,0
10,2.5,identity_events,100,lookup,99.76336861676279,1,1,1
10,2.5,identity_events,100,rare_event,65.24687836724345,1,1,0
10,2.5,identity_events,100,latest_state,99.51775791764382,1,1,1
10,2.5,identity_events,100,aggregation,99.69259047981238,1,1,1
10,2.5,identity_events,100,join,99.22830702921975,1,1,1
10,2.5,identity_events,100,negative_evidence,99.83361855866134,1,1,1
10,2.5,identity_events,100,threshold,65.24687836724345,1,1,0
10,2.5,identity_events,100,provenance,65.24687836724345,1,1,0
10,2.5,identity_events,100,lookup,99.76408497163214,1,1,1
10,2.5,identity_events,100,rare_event,73.20385275102257,1,1,0
10,2.5,identity_events,100,latest_state,99.37247658002374,1,1,1
10,2.5,identity_events,100,aggregation,99.74772397413906,1,1,1
10,2.5,identity_events,100,join,99.57039187227866,1,1,1
10,2.5,identity_events,100,negative_evidence,99.812112415886,1,1,1
10,2.5,identity_events,100,threshold,73.20385275102257,1,1,0
10,2.5,identity_events,100,provenance,73.20385275102257,1,1,0
10,2.5,identity_events,100,lookup,99.7727368598667,1,1,1
10,2.5,identity_events,100,rare_event,67.16495823842065,1,1,0
10,2.5,identity_events,100,latest_state,99.51858179363875,1,1,1
10,2.5,identity_events,100,aggregation,99.55654686577238,1,1,1
10,2.5,identity_events,100,join,99.4178688939509,1,1,1
10,2.5,identity_events,100,negative_evidence,99.78750105458533,1,1,1
10,2.5,identity_events,100,threshold,67.16495823842065,1,1,0
10,2.5,identity_events,100,provenance,67.16495823842065,1,1,0
10,2.5,identity_events,100,lookup,99.77314692693221,1,1,1
10,2.5,identity_events,100,rare_event,72.18253758902664,1,1,0
10,2.5,identity_events,100,latest_state,99.66235821682933,1,1,1
10,2.5,identity_events,100,aggregation,99.45344236349248,1,1,1
10,2.5,identity_events,100,join,99.2286995515695,1,1,1
10,2.5,identity_events,100,negative_evidence,99.81324188868372,1,1,1
10,2.5,identity_events,100,threshold,72.18253758902664,1,1,0
10,2.5,identity_events,100,provenance,72.18253758902664,1,1,0
10,2.5,identity_events,250,lookup,78.80821204280494,1,1,0
10,2.5,identity_events,250,rare_event,78.80821204280494,1,1,0
10,2.5,identity_events,250,latest_state,99.78720340813328,1,1,1
10,2.5,identity_events,250,aggregation,99.60913183225276,1,1,1
10,2.5,identity_events,250,join,99.7499375373188,1,1,1
10,2.5,identity_events,250,negative_evidence,99.95087680665365,1,1,1
10,2.5,identity_events,250,threshold,78.80821204280494,1,1,0
10,2.5,identity_events,250,provenance,78.80821204280494,1,1,0
10,2.5,identity_events,250,lookup,78.4332318086284,1,1,0
10,2.5,identity_events,250,rare_event,78.4332318086284,1,1,0
10,2.5,identity_events,250,latest_state,99.7673891923812,1,1,1
10,2.5,identity_events,250,aggregation,99.63552701481386,1,1,1
10,2.5,identity_events,250,join,99.82771137634057,1,1,1
10,2.5,identity_events,250,negative_evidence,99.9242268706756,1,1,1
10,2.5,identity_events,250,threshold,78.4332318086284,1,1,0
10,2.5,identity_events,250,provenance,78.4332318086284,1,1,0
10,2.5,identity_events,250,lookup,99.90554009462934,1,1,1
10,2.5,identity_events,250,rare_event,78.02091672702782,1,1,0
10,2.5,identity_events,250,latest_state,99.78651214212192,1,1,1
10,2.5,identity_events,250,aggregation,99.62681983573295,1,1,1
10,2.5,identity_events,250,join,99.76999224835754,1,1,1
10,2.5,identity_events,250,negative_evidence,99.9324378703739,1,1,1
10,2.5,identity_events,250,threshold,78.02091672702782,1,1,0
10,2.5,identity_events,250,provenance,78.02091672702782,1,1,0
10,2.5,identity_events,250,lookup,99.9090705316625,1,1,1
10,2.5,identity_events,250,rare_event,79.62905006195892,1,1,0
10,2.5,identity_events,250,latest_state,99.78747880074604,1,1,1
10,2.5,identity_events,250,aggregation,99.61006060554797,1,1,1
10,2.5,identity_events,250,join,99.88580950487848,1,1,1
10,2.5,identity_events,250,negative_evidence,99.90589857346467,1,1,1
10,2.5,identity_events,250,threshold,79.62905006195892,1,1,0
10,2.5,identity_events,250,provenance,79.62905006195892,1,1,0
10,2.5,identity_events,250,lookup,99.9100070088659,1,1,1
10,2.5,identity_events,250,rare_event,76.4262830353683,1,1,0
10,2.5,identity_events,250,latest_state,99.84563555167821,1,1,1
10,2.5,identity_events,250,aggregation,99.63536957474605,1,1,1
10,2.5,identity_events,250,join,99.76792395698124,1,1,1
10,2.5,identity_events,250,negative_evidence,99.9584973499711,1,1,1
10,2.5,identity_events,250,threshold,76.4262830353683,1,1,0
10,2.5,identity_events,250,provenance,76.4262830353683,1,1,0
10,2.5,identity_events,500,lookup,80.40120726605512,1,1,0
10,2.5,identity_events,500,rare_event,80.40120726605512,1,1,0
10,2.5,identity_events,500,latest_state,99.92340704125532,1,1,1
10,2.5,identity_events,500,aggregation,99.6275230388018,1,1,1
10,2.5,identity_events,500,join,99.89385042232065,1,1,1
10,2.5,identity_events,500,negative_evidence,99.95773085679235,1,1,1
10,2.5,identity_events,500,threshold,80.40120726605512,1,1,0
10,2.5,identity_events,500,provenance,80.40120726605512,1,1,0
10,2.5,identity_events,500,lookup,99.95177208441052,1,1,1
10,2.5,identity_events,500,rare_event,80.81705508687914,1,1,0
10,2.5,identity_events,500,latest_state,99.91340174277667,1,1,1
10,2.5,identity_events,500,aggregation,99.63463379112754,1,1,1
10,2.5,identity_events,500,join,99.90354416882103,1,1,1
10,2.5,identity_events,500,negative_evidence,99.97509107656367,1,1,1
10,2.5,identity_events,500,threshold,80.81705508687914,1,1,0
10,2.5,identity_events,500,provenance,80.81705508687914,1,1,0
10,2.5,identity_events,500,lookup,99.95288831672602,1,1,1
10,2.5,identity_events,500,rare_event,81.1992623051482,1,1,0
10,2.5,identity_events,500,latest_state,99.92250392773809,1,1,1
10,2.5,identity_events,500,aggregation,99.68133445695581,1,1,1
10,2.5,identity_events,500,join,99.84500785547617,1,1,1
10,2.5,identity_events,500,negative_evidence,99.96696888723264,1,1,1
10,2.5,identity_events,500,threshold,81.1992623051482,1,1,0
10,2.5,identity_events,500,provenance,81.1992623051482,1,1,0
10,2.5,identity_events,500,lookup,99.95384792892581,1,1,1
10,2.5,identity_events,500,rare_event,80.99751985544663,1,1,0
10,2.5,identity_events,500,latest_state,99.9129885265528,1,1,1
10,2.5,identity_events,500,aggregation,99.6353351264895,1,1,1
10,2.5,identity_events,500,join,99.85540429108407,1,1,1
10,2.5,identity_events,500,negative_evidence,99.9624220522217,1,1,1
10,2.5,identity_events,500,threshold,80.99751985544663,1,1,0
10,2.5,identity_events,500,provenance,80.99751985544663,1,1,0
10,2.5,identity_events,500,lookup,81.02126551018269,1,1,0
10,2.5,identity_events,500,rare_event,81.02126551018269,1,1,0
10,2.5,identity_events,500,latest_state,99.87345109970465,1,1,1
10,2.5,identity_events,500,aggregation,99.56613318451042,1,1,1
10,2.5,identity_events,500,join,99.87535727560868,1,1,1
10,2.5,identity_events,500,negative_evidence,99.97892616639433,1,1,1
10,2.5,identity_events,500,threshold,81.02126551018269,1,1,0
10,2.5,identity_events,500,provenance,81.02126551018269,1,1,0
10,2.5,cloud_inventory,50,lookup,99.53654674901176,1,1,1
10,2.5,cloud_inventory,50,rare_event,44.57958918329471,1,1,0
10,2.5,cloud_inventory,50,latest_state,98.75538685764016,1,1,1
10,2.5,cloud_inventory,50,aggregation,99.5428379696134,1,1,1
10,2.5,cloud_inventory,50,join,98.56350462928982,1,1,1
10,2.5,cloud_inventory,50,negative_evidence,99.70955531555714,1,1,1
10,2.5,cloud_inventory,50,threshold,44.57958918329471,1,1,0
10,2.5,cloud_inventory,50,provenance,44.57958918329471,1,1,0
10,2.5,cloud_inventory,50,lookup,48.523697302958894,1,1,0
10,2.5,cloud_inventory,50,rare_event,48.523697302958894,1,1,0
10,2.5,cloud_inventory,50,latest_state,99.33595181984812,1,1,1
10,2.5,cloud_inventory,50,aggregation,99.63341188792879,1,1,1
10,2.5,cloud_inventory,50,join,99.05629746006808,1,1,1
10,2.5,cloud_inventory,50,negative_evidence,99.83241686305315,1,1,1
10,2.5,cloud_inventory,50,threshold,48.523697302958894,1,1,0
10,2.5,cloud_inventory,50,provenance,48.523697302958894,1,1,0
10,2.5,cloud_inventory,50,lookup,99.52992529169813,1,1,1
10,2.5,cloud_inventory,50,rare_event,48.56354402753295,1,1,0
10,2.5,cloud_inventory,50,latest_state,99.13539830437338,1,1,1
10,2.5,cloud_inventory,50,aggregation,99.5026441702342,1,1,1
10,2.5,cloud_inventory,50,join,98.85419289851423,1,1,1
10,2.5,cloud_inventory,50,negative_evidence,99.75027281121463,1,1,1
10,2.5,cloud_inventory,50,threshold,48.56354402753295,1,1,0
10,2.5,cloud_inventory,50,provenance,48.56354402753295,1,1,0
10,2.5,cloud_inventory,50,lookup,99.53998658730823,1,1,1
10,2.5,cloud_inventory,50,rare_event,40.6446474976947,1,1,0
10,2.5,cloud_inventory,50,latest_state,99.24134462234889,1,1,1
10,2.5,cloud_inventory,50,aggregation,99.59237991449409,1,1,1
10,2.5,cloud_inventory,50,join,99.15437169922039,1,1,1
10,2.5,cloud_inventory,50,negative_evidence,99.75060776259535,1,1,1
10,2.5,cloud_inventory,50,threshold,40.6446474976947,1,1,0
10,2.5,cloud_inventory,50,provenance,40.6446474976947,1,1,0
10,2.5,cloud_inventory,50,lookup,99.51462430660615,1,1,1
10,2.5,cloud_inventory,50,rare_event,50.34984871406959,1,1,0
10,2.5,cloud_inventory,50,latest_state,99.2404185577408,1,1,1
10,2.5,cloud_inventory,50,aggregation,99.54824340225248,1,1,1
10,2.5,cloud_inventory,50,join,99.43688014792403,1,1,1
10,2.5,cloud_inventory,50,negative_evidence,99.71108589678937,1,1,1
10,2.5,cloud_inventory,50,threshold,50.34984871406959,1,1,0
10,2.5,cloud_inventory,50,provenance,50.34984871406959,1,1,0
10,2.5,cloud_inventory,100,lookup,99.76916996047431,1,1,1
10,2.5,cloud_inventory,100,rare_event,65.19736495388669,1,1,0
10,2.5,cloud_inventory,100,latest_state,99.46982872200265,1,1,1
10,2.5,cloud_inventory,100,aggregation,99.67009222661397,1,1,1
10,2.5,cloud_inventory,100,join,99.3270092226614,1,1,1
10,2.5,cloud_inventory,100,negative_evidence,99.81080368906456,1,1,1
10,2.5,cloud_inventory,100,threshold,65.19736495388669,1,1,0
10,2.5,cloud_inventory,100,provenance,65.19736495388669,1,1,0
10,2.5,cloud_inventory,100,lookup,99.76363828215679,1,1,1
10,2.5,cloud_inventory,100,rare_event,70.03587633217263,1,1,0
10,2.5,cloud_inventory,100,latest_state,99.51936266751082,1,1,1
10,2.5,cloud_inventory,100,aggregation,99.72617917062362,1,1,1
10,2.5,cloud_inventory,100,join,99.23024163764904,1,1,1
10,2.5,cloud_inventory,100,negative_evidence,99.81587000105519,1,1,1
10,2.5,cloud_inventory,100,threshold,70.03587633217263,1,1,0
10,2.5,cloud_inventory,100,provenance,70.03587633217263,1,1,0
10,2.5,cloud_inventory,100,lookup,69.16810624910852,1,1,0
10,2.5,cloud_inventory,100,rare_event,69.16810624910852,1,1,0
10,2.5,cloud_inventory,100,latest_state,99.66242452097565,1,1,1
10,2.5,cloud_inventory,100,aggregation,99.56521968820493,1,1,1
10,2.5,cloud_inventory,100,join,99.32643390335515,1,1,1
10,2.5,cloud_inventory,100,negative_evidence,99.85524932511318,1,1,1
10,2.5,cloud_inventory,100,threshold,69.16810624910852,1,1,0
10,2.5,cloud_inventory,100,provenance,69.16810624910852,1,1,0
10,2.5,cloud_inventory,100,lookup,99.76704719139023,1,1,1
10,2.5,cloud_inventory,100,rare_event,70.23158249797088,1,1,0
10,2.5,cloud_inventory,100,latest_state,99.61736710622016,1,1,1
10,2.5,cloud_inventory,100,aggregation,99.5989206168506,1,1,1
10,2.5,cloud_inventory,100,join,99.42394248911657,1,1,1
10,2.5,cloud_inventory,100,negative_evidence,99.83029229780013,1,1,1
10,2.5,cloud_inventory,100,threshold,70.23158249797088,1,1,0
10,2.5,cloud_inventory,100,provenance,70.23158249797088,1,1,0
10,2.5,cloud_inventory,100,lookup,99.76552043924082,1,1,1
10,2.5,cloud_inventory,100,rare_event,68.16083717106997,1,1,0
10,2.5,cloud_inventory,100,latest_state,99.61587505664394,1,1,1
10,2.5,cloud_inventory,100,aggregation,99.69227850902614,1,1,1
10,2.5,cloud_inventory,100,join,99.57214066665964,1,1,1
10,2.5,cloud_inventory,100,negative_evidence,99.8566776617382,1,1,1
10,2.5,cloud_inventory,100,threshold,68.16083717106997,1,1,0
10,2.5,cloud_inventory,100,provenance,68.16083717106997,1,1,0
10,2.5,cloud_inventory,250,lookup,99.90948618606933,1,1,1
10,2.5,cloud_inventory,250,rare_event,76.46535097365795,1,1,0
10,2.5,cloud_inventory,250,latest_state,99.76715955808957,1,1,1
10,2.5,cloud_inventory,250,aggregation,99.65317136718154,1,1,1
10,2.5,cloud_inventory,250,join,99.72993892432368,1,1,1
10,2.5,cloud_inventory,250,negative_evidence,99.9236554046052,1,1,1
10,2.5,cloud_inventory,250,threshold,76.46535097365795,1,1,0
10,2.5,cloud_inventory,250,provenance,76.46535097365795,1,1,0
10,2.5,cloud_inventory,250,lookup,99.90882957052594,1,1,1
10,2.5,cloud_inventory,250,rare_event,78.41735749596502,1,1,0
10,2.5,cloud_inventory,250,latest_state,99.86525391281907,1,1,1
10,2.5,cloud_inventory,250,aggregation,99.58687738106067,1,1,1
10,2.5,cloud_inventory,250,join,99.77027590160363,1,1,1
10,2.5,cloud_inventory,250,negative_evidence,99.91686779864662,1,1,1
10,2.5,cloud_inventory,250,threshold,78.41735749596502,1,1,0
10,2.5,cloud_inventory,250,provenance,78.41735749596502,1,1,0
10,2.5,cloud_inventory,250,lookup,74.44878566789852,1,1,0
10,2.5,cloud_inventory,250,rare_event,74.44878566789852,1,1,0
10,2.5,cloud_inventory,250,latest_state,99.78782769832188,1,1,1
10,2.5,cloud_inventory,250,aggregation,99.67042428114205,1,1,1
10,2.5,cloud_inventory,250,join,99.82717370840376,1,1,1
10,2.5,cloud_inventory,250,negative_evidence,99.91644261299814,1,1,1
10,2.5,cloud_inventory,250,threshold,74.44878566789852,1,1,0
10,2.5,cloud_inventory,250,provenance,74.44878566789852,1,1,0
10,2.5,cloud_inventory,250,lookup,99.90565379172334,1,1,1
10,2.5,cloud_inventory,250,rare_event,80.81958508822217,1,1,0
10,2.5,cloud_inventory,250,latest_state,99.78740372350214,1,1,1
10,2.5,cloud_inventory,250,aggregation,99.62621132281423,1,1,1
10,2.5,cloud_inventory,250,join,99.84726914265526,1,1,1
10,2.5,cloud_inventory,250,negative_evidence,99.91623072090235,1,1,1
10,2.5,cloud_inventory,250,threshold,80.81958508822217,1,1,0
10,2.5,cloud_inventory,250,provenance,80.81958508822217,1,1,0
10,2.5,cloud_inventory,250,lookup,79.22985781990522,1,1,0
10,2.5,cloud_inventory,250,rare_event,79.22985781990522,1,1,0
10,2.5,cloud_inventory,250,latest_state,99.86649458361543,1,1,1
10,2.5,cloud_inventory,250,aggregation,99.63502877454299,1,1,1
10,2.5,cloud_inventory,250,join,99.86734089370344,1,1,1
10,2.5,cloud_inventory,250,negative_evidence,99.92383209207854,1,1,1
10,2.5,cloud_inventory,250,threshold,79.22985781990522,1,1,0
10,2.5,cloud_inventory,250,provenance,79.22985781990522,1,1,0
10,2.5,cloud_inventory,500,lookup,99.95406668585846,1,1,1
10,2.5,cloud_inventory,500,rare_event,78.00746786784752,1,1,0
10,2.5,cloud_inventory,500,latest_state,99.91289604253805,1,1,1
10,2.5,cloud_inventory,500,aggregation,99.60586253026942,1,1,1
10,2.5,cloud_inventory,500,join,99.88453169187001,1,1,1
10,2.5,cloud_inventory,500,negative_evidence,99.9626394933365,1,1,1
10,2.5,cloud_inventory,500,threshold,78.00746786784752,1,1,0
10,2.5,cloud_inventory,500,provenance,78.00746786784752,1,1,0
10,2.5,cloud_inventory,500,lookup,99.95286750897901,1,1,1
10,2.5,cloud_inventory,500,rare_event,79.6436360015972,1,1,0
10,2.5,cloud_inventory,500,latest_state,99.922999278714,1,1,1
10,2.5,cloud_inventory,500,aggregation,99.71423941398956,1,1,1
10,2.5,cloud_inventory,500,join,99.8646397224161,1,1,1
10,2.5,cloud_inventory,500,negative_evidence,99.97479206098203,1,1,1
10,2.5,cloud_inventory,500,threshold,79.6436360015972,1,1,0
10,2.5,cloud_inventory,500,provenance,79.6436360015972,1,1,0
10,2.5,cloud_inventory,500,lookup,99.95458347007697,1,1,1
10,2.5,cloud_inventory,500,rare_event,81.01991340158163,1,1,0
10,2.5,cloud_inventory,500,latest_state,99.87317248753428,1,1,1
10,2.5,cloud_inventory,500,aggregation,99.64725436432738,1,1,1
10,2.5,cloud_inventory,500,join,99.92398818535025,1,1,1
10,2.5,cloud_inventory,500,negative_evidence,99.96188822663801,1,1,1
10,2.5,cloud_inventory,500,threshold,81.01991340158163,1,1,0
10,2.5,cloud_inventory,500,provenance,81.01991340158163,1,1,0
10,2.5,cloud_inventory,500,lookup,99.95253573592917,1,1,1
10,2.5,cloud_inventory,500,rare_event,82.41671504913823,1,1,0
10,2.5,cloud_inventory,500,latest_state,99.93219390847025,1,1,1
10,2.5,cloud_inventory,500,aggregation,99.62537134429815,1,1,1
10,2.5,cloud_inventory,500,join,99.82561120834693,1,1,1
10,2.5,cloud_inventory,500,negative_evidence,99.96715642441528,1,1,1
10,2.5,cloud_inventory,500,threshold,82.41671504913823,1,1,0
10,2.5,cloud_inventory,500,provenance,82.41671504913823,1,1,0
10,2.5,cloud_inventory,500,lookup,99.95265908717825,1,1,1
10,2.5,cloud_inventory,500,rare_event,81.6070492419629,1,1,0
10,2.5,cloud_inventory,500,latest_state,99.90383546120322,1,1,1
10,2.5,cloud_inventory,500,aggregation,99.66893133449479,1,1,1
10,2.5,cloud_inventory,500,join,99.84600964822631,1,1,1
10,2.5,cloud_inventory,500,negative_evidence,99.96632122980465,1,1,1
10,2.5,cloud_inventory,500,threshold,81.6070492419629,1,1,0
10,2.5,cloud_inventory,500,provenance,81.6070492419629,1,1,0
10,2.5,issue_tracking,50,lookup,99.5400685182663,1,1,1
10,2.5,issue_tracking,50,rare_event,50.54950811428092,1,1,0
10,2.5,issue_tracking,50,latest_state,99.24043206319605,1,1,1
10,2.5,issue_tracking,50,aggregation,99.59350019382079,1,1,1
10,2.5,issue_tracking,50,join,99.34310469465369,1,1,1
10,2.5,issue_tracking,50,negative_evidence,50.54950811428092,1,1,0
10,2.5,issue_tracking,50,threshold,50.54950811428092,1,1,0
10,2.5,issue_tracking,50,provenance,50.54950811428092,1,1,0
10,2.5,issue_tracking,50,lookup,99.55150372000419,1,1,1
10,2.5,issue_tracking,50,rare_event,50.5679555695274,1,1,0
10,2.5,issue_tracking,50,latest_state,99.14387509169025,1,1,1
10,2.5,issue_tracking,50,aggregation,99.59341926019071,1,1,1
10,2.5,issue_tracking,50,join,99.24447238813791,1,1,1
10,2.5,issue_tracking,50,negative_evidence,99.75793775542282,1,1,1
10,2.5,issue_tracking,50,threshold,50.5679555695274,1,1,0
10,2.5,issue_tracking,50,provenance,50.5679555695274,1,1,0
10,2.5,issue_tracking,50,lookup,99.54937488865367,1,1,1
10,2.5,issue_tracking,50,rare_event,44.60664619640967,1,1,0
10,2.5,issue_tracking,50,latest_state,99.04425557779571,1,1,1
10,2.5,issue_tracking,50,aggregation,99.415235320625,1,1,1
10,2.5,issue_tracking,50,join,99.34606960586022,1,1,1
10,2.5,issue_tracking,50,negative_evidence,99.7558240675728,1,1,1
10,2.5,issue_tracking,50,threshold,44.60664619640967,1,1,0
10,2.5,issue_tracking,50,provenance,44.60664619640967,1,1,0
10,2.5,issue_tracking,50,lookup,99.54111619817914,1,1,1
10,2.5,issue_tracking,50,rare_event,46.60289788263889,1,1,0
10,2.5,issue_tracking,50,latest_state,99.23519366363188,1,1,1
10,2.5,issue_tracking,50,aggregation,99.5526406772203,1,1,1
10,2.5,issue_tracking,50,join,99.43634820689583,1,1,1
10,2.5,issue_tracking,50,negative_evidence,99.75169986065858,1,1,1
10,2.5,issue_tracking,50,threshold,46.60289788263889,1,1,0
10,2.5,issue_tracking,50,provenance,46.60289788263889,1,1,0
10,2.5,issue_tracking,50,lookup,99.53769559032717,1,1,1
10,2.5,issue_tracking,50,rare_event,44.59354865701614,1,1,0
10,2.5,issue_tracking,50,latest_state,99.24169525562715,1,1,1
10,2.5,issue_tracking,50,aggregation,99.51573090117982,1,1,1
10,2.5,issue_tracking,50,join,99.25110869383316,1,1,1
10,2.5,issue_tracking,50,negative_evidence,99.75629654422224,1,1,1
10,2.5,issue_tracking,50,threshold,44.59354865701614,1,1,0
10,2.5,issue_tracking,50,provenance,44.59354865701614,1,1,0
10,2.5,issue_tracking,100,lookup,99.77066034005536,1,1,1
10,2.5,issue_tracking,100,rare_event,67.19493871095294,1,1,0
10,2.5,issue_tracking,100,latest_state,99.51970475813893,1,1,1
10,2.5,issue_tracking,100,aggregation,99.4242783708976,1,1,1
10,2.5,issue_tracking,100,join,99.47383682614999,1,1,1
10,2.5,issue_tracking,100,negative_evidence,99.81020166073546,1,1,1
10,2.5,issue_tracking,100,threshold,67.19493871095294,1,1,0
10,2.5,issue_tracking,100,provenance,67.19493871095294,1,1,0
10,2.5,issue_tracking,100,lookup,99.77194380948862,1,1,1
10,2.5,issue_tracking,100,rare_event,70.1188320566762,1,1,0
10,2.5,issue_tracking,100,latest_state,99.42035718245023,1,1,1
10,2.5,issue_tracking,100,aggregation,99.49479218907548,1,1,1
10,2.5,issue_tracking,100,join,99.47737123007808,1,1,1
10,2.5,issue_tracking,100,negative_evidence,99.87488583992779,1,1,1
10,2.5,issue_tracking,100,threshold,70.1188320566762,1,1,0
10,2.5,issue_tracking,100,provenance,70.1188320566762,1,1,0
10,2.5,issue_tracking,100,lookup,58.17050384773728,1,1,0
10,2.5,issue_tracking,100,rare_event,58.17050384773728,1,1,0
10,2.5,issue_tracking,100,latest_state,99.56930677391772,1,1,1
10,2.5,issue_tracking,100,aggregation,99.6711741668514,1,1,1
10,2.5,issue_tracking,100,join,99.52602632717907,1,1,1
10,2.5,issue_tracking,100,negative_evidence,99.85485216032767,1,1,1
10,2.5,issue_tracking,100,threshold,58.17050384773728,1,1,0
10,2.5,issue_tracking,100,provenance,58.17050384773728,1,1,0
10,2.5,issue_tracking,100,lookup,99.77464758999584,1,1,1
10,2.5,issue_tracking,100,rare_event,69.18530090088188,1,1,0
10,2.5,issue_tracking,100,latest_state,99.420522374275,1,1,1
10,2.5,issue_tracking,100,aggregation,99.64851357128155,1,1,1
10,2.5,issue_tracking,100,join,99.62054242905621,1,1,1
10,2.5,issue_tracking,100,negative_evidence,99.83375641884939,1,1,1
10,2.5,issue_tracking,100,threshold,69.18530090088188,1,1,0
10,2.5,issue_tracking,100,provenance,69.18530090088188,1,1,0
10,2.5,issue_tracking,100,lookup,99.76530031012004,1,1,1
10,2.5,issue_tracking,100,rare_event,63.18695808105315,1,1,0
10,2.5,issue_tracking,100,latest_state,99.51899748950444,1,1,1
10,2.5,issue_tracking,100,aggregation,99.69146220543871,1,1,1
10,2.5,issue_tracking,100,join,99.42353536845215,1,1,1
10,2.5,issue_tracking,100,negative_evidence,99.8533786207042,1,1,1
10,2.5,issue_tracking,100,threshold,63.18695808105315,1,1,0
10,2.5,issue_tracking,100,provenance,63.18695808105315,1,1,0
10,2.5,issue_tracking,250,lookup,99.90925628225739,1,1,1
10,2.5,issue_tracking,250,rare_event,79.23576444707675,1,1,0
10,2.5,issue_tracking,250,latest_state,99.84579913698283,1,1,1
10,2.5,issue_tracking,250,aggregation,99.64358236737456,1,1,1
10,2.5,issue_tracking,250,join,99.84664523225315,1,1,1
10,2.5,issue_tracking,250,negative_evidence,99.9405618072595,1,1,1
10,2.5,issue_tracking,250,threshold,79.23576444707675,1,1,0
10,2.5,issue_tracking,250,provenance,79.23576444707675,1,1,0
10,2.5,issue_tracking,250,lookup,99.90968127667423,1,1,1
10,2.5,issue_tracking,250,rare_event,76.47812103132956,1,1,0
10,2.5,issue_tracking,250,latest_state,99.8248749636923,1,1,1
10,2.5,issue_tracking,250,aggregation,99.68536857883701,1,1,1
10,2.5,issue_tracking,250,join,99.72925584580517,1,1,1
10,2.5,issue_tracking,250,negative_evidence,99.95780885929149,1,1,1
10,2.5,issue_tracking,250,threshold,76.47812103132956,1,1,0
10,2.5,issue_tracking,250,provenance,76.47812103132956,1,1,0
10,2.5,issue_tracking,250,lookup,99.9063963880018,1,1,1
10,2.5,issue_tracking,250,rare_event,75.30389407967742,1,1,0
10,2.5,issue_tracking,250,latest_state,99.82634624018432,1,1,1
10,2.5,issue_tracking,250,aggregation,99.5851369323428,1,1,1
10,2.5,issue_tracking,250,join,99.76980288180532,1,1,1
10,2.5,issue_tracking,250,negative_evidence,99.95785719731303,1,1,1
10,2.5,issue_tracking,250,threshold,75.30389407967742,1,1,0
10,2.5,issue_tracking,250,provenance,75.30389407967742,1,1,0
10,2.5,issue_tracking,250,lookup,99.90571594438724,1,1,1
10,2.5,issue_tracking,250,rare_event,77.59874400925467,1,1,0
10,2.5,issue_tracking,250,latest_state,99.80740627741123,1,1,1
10,2.5,issue_tracking,250,aggregation,99.66926424536737,1,1,1
10,2.5,issue_tracking,250,join,99.88643538470014,1,1,1
10,2.5,issue_tracking,250,negative_evidence,99.95020954366517,1,1,1
10,2.5,issue_tracking,250,threshold,77.59874400925467,1,1,0
10,2.5,issue_tracking,250,provenance,77.59874400925467,1,1,0
10,2.5,issue_tracking,250,lookup,99.90828525192961,1,1,1
10,2.5,issue_tracking,250,rare_event,79.6238636267358,1,1,0
10,2.5,issue_tracking,250,latest_state,99.84664785772988,1,1,1
10,2.5,issue_tracking,250,aggregation,99.58442416694201,1,1,1
10,2.5,issue_tracking,250,join,99.80852163451355,1,1,1
10,2.5,issue_tracking,250,negative_evidence,99.95848477916445,1,1,1
10,2.5,issue_tracking,250,threshold,79.6238636267358,1,1,0
10,2.5,issue_tracking,250,provenance,79.6238636267358,1,1,0
10,2.5,issue_tracking,500,lookup,99.95348704153216,1,1,1
10,2.5,issue_tracking,500,rare_event,83.80427262315074,1,1,0
10,2.5,issue_tracking,500,latest_state,99.92318474968293,1,1,1
10,2.5,issue_tracking,500,aggregation,99.66434384413179,1,1,1
10,2.5,issue_tracking,500,join,99.88398248400388,1,1,1
10,2.5,issue_tracking,500,negative_evidence,99.9663072419299,1,1,1
10,2.5,issue_tracking,500,threshold,83.80427262315074,1,1,0
10,2.5,issue_tracking,500,provenance,83.80427262315074,1,1,0
10,2.5,issue_tracking,500,lookup,99.95281018027572,1,1,1
10,2.5,issue_tracking,500,rare_event,77.79310710498409,1,1,0
10,2.5,issue_tracking,500,latest_state,99.88356309650052,1,1,1
10,2.5,issue_tracking,500,aggregation,99.61367974549312,1,1,1
10,2.5,issue_tracking,500,join,99.91389183457052,1,1,1
10,2.5,issue_tracking,500,negative_evidence,99.95344644750796,1,1,1
10,2.5,issue_tracking,500,threshold,77.79310710498409,1,1,0
10,2.5,issue_tracking,500,provenance,77.79310710498409,1,1,0
10,2.5,issue_tracking,500,lookup,99.95368422391398,1,1,1
10,2.5,issue_tracking,500,rare_event,81.61973793961567,1,1,0
10,2.5,issue_tracking,500,latest_state,99.92252441116962,1,1,1
10,2.5,issue_tracking,500,aggregation,99.66826457860593,1,1,1
10,2.5,issue_tracking,500,join,99.87461884871911,1,1,1
10,2.5,issue_tracking,500,negative_evidence,99.97053595937778,1,1,1
10,2.5,issue_tracking,500,threshold,81.61973793961567,1,1,0
10,2.5,issue_tracking,500,provenance,81.61973793961567,1,1,0
10,2.5,issue_tracking,500,lookup,81.40900921129419,1,1,0
10,2.5,issue_tracking,500,rare_event,81.40900921129419,1,1,0
10,2.5,issue_tracking,500,latest_state,99.90361874541263,1,1,1
10,2.5,issue_tracking,500,aggregation,99.64773181015647,1,1,1
10,2.5,issue_tracking,500,join,99.92363639059616,1,1,1
10,2.5,issue_tracking,500,negative_evidence,99.97479259495408,1,1,1
10,2.5,issue_tracking,500,threshold,81.40900921129419,1,1,0
10,2.5,issue_tracking,500,provenance,81.40900921129419,1,1,0
10,2.5,issue_tracking,500,lookup,99.95400071860628,1,1,1
10,2.5,issue_tracking,500,rare_event,77.38774956464965,1,1,0
10,2.5,issue_tracking,500,latest_state,99.90301994821371,1,1,1
10,2.5,issue_tracking,500,aggregation,99.6476921397403,1,1,1
10,2.5,issue_tracking,500,join,99.89401087236472,1,1,1
10,2.5,issue_tracking,500,negative_evidence,99.96194990317893,1,1,1
10,2.5,issue_tracking,500,threshold,77.38774956464965,1,1,0
10,2.5,issue_tracking,500,provenance,77.38774956464965,1,1,0
10,2.5,commerce_orders,50,lookup,99.53336199574258,1,1,1
10,2.5,commerce_orders,50,rare_event,52.5665090234158,1,1,0
10,2.5,commerce_orders,50,latest_state,98.93879177458763,1,1,1
10,2.5,commerce_orders,50,aggregation,99.38445728427168,1,1,1
10,2.5,commerce_orders,50,join,99.34356091985362,1,1,1
10,2.5,commerce_orders,50,negative_evidence,99.66444008682612,1,1,1
10,2.5,commerce_orders,50,threshold,52.5665090234158,1,1,0
10,2.5,commerce_orders,50,provenance,52.5665090234158,1,1,0
10,2.5,commerce_orders,50,lookup,48.549172755521965,1,1,0
10,2.5,commerce_orders,50,rare_event,48.549172755521965,1,1,0
10,2.5,commerce_orders,50,latest_state,98.94809775762157,1,1,1
10,2.5,commerce_orders,50,aggregation,99.46984966826237,1,1,1
10,2.5,commerce_orders,50,join,98.85886453346771,1,1,1
10,2.5,commerce_orders,50,negative_evidence,99.50449315528681,1,1,1
10,2.5,commerce_orders,50,threshold,48.549172755521965,1,1,0
10,2.5,commerce_orders,50,provenance,48.549172755521965,1,1,0
10,2.5,commerce_orders,50,lookup,99.52892050402359,1,1,1
10,2.5,commerce_orders,50,rare_event,50.53455457282847,1,1,0
10,2.5,commerce_orders,50,latest_state,99.04315256051116,1,1,1
10,2.5,commerce_orders,50,aggregation,99.79646008414382,1,1,1
10,2.5,commerce_orders,50,join,99.4344947698635,1,1,1
10,2.5,commerce_orders,50,negative_evidence,99.5436089515596,1,1,1
10,2.5,commerce_orders,50,threshold,50.53455457282847,1,1,0
10,2.5,commerce_orders,50,provenance,50.53455457282847,1,1,0
10,2.5,commerce_orders,50,lookup,99.55011037989516,1,1,1
10,2.5,commerce_orders,50,rare_event,52.50630368595613,1,1,0
10,2.5,commerce_orders,50,latest_state,99.14102470207891,1,1,1
10,2.5,commerce_orders,50,aggregation,99.54069408552087,1,1,1
10,2.5,commerce_orders,50,join,98.86167463564172,1,1,1
10,2.5,commerce_orders,50,negative_evidence,99.71332614904948,1,1,1
10,2.5,commerce_orders,50,threshold,52.50630368595613,1,1,0
10,2.5,commerce_orders,50,provenance,52.50630368595613,1,1,0
10,2.5,commerce_orders,50,lookup,99.53637660485022,1,1,1
10,2.5,commerce_orders,50,rare_event,56.44562389863221,1,1,0
10,2.5,commerce_orders,50,latest_state,99.13988419904338,1,1,1
10,2.5,commerce_orders,50,aggregation,99.50805571872115,1,1,1
10,2.5,commerce_orders,50,join,99.14198204246036,1,1,1
10,2.5,commerce_orders,50,negative_evidence,99.75350339850634,1,1,1
10,2.5,commerce_orders,50,threshold,56.44562389863221,1,1,0
10,2.5,commerce_orders,50,provenance,56.44562389863221,1,1,0
10,2.5,commerce_orders,100,lookup,99.77229940787329,1,1,1
10,2.5,commerce_orders,100,rare_event,64.19526508976557,1,1,0
10,2.5,commerce_orders,100,latest_state,99.61506504979964,1,1,1
10,2.5,commerce_orders,100,aggregation,99.6108581104532,1,1,1
10,2.5,commerce_orders,100,join,99.66922939388522,1,1,1
10,2.5,commerce_orders,100,negative_evidence,64.19526508976557,1,1,0
10,2.5,commerce_orders,100,threshold,64.19526508976557,1,1,0
10,2.5,commerce_orders,100,provenance,64.19526508976557,1,1,0
10,2.5,commerce_orders,100,lookup,99.77300258071313,1,1,1
10,2.5,commerce_orders,100,rare_event,62.24522041396745,1,1,0
10,2.5,commerce_orders,100,latest_state,99.5681255595934,1,1,1
10,2.5,commerce_orders,100,aggregation,99.624479907305,1,1,1
10,2.5,commerce_orders,100,join,99.57181229262126,1,1,1
10,2.5,commerce_orders,100,negative_evidence,99.89519144677938,1,1,1
10,2.5,commerce_orders,100,threshold,62.24522041396745,1,1,0
10,2.5,commerce_orders,100,provenance,62.24522041396745,1,1,0
10,2.5,commerce_orders,100,lookup,99.7732151239142,1,1,1
10,2.5,commerce_orders,100,rare_event,64.22494950080957,1,1,0
10,2.5,commerce_orders,100,latest_state,99.51900510002268,1,1,1
10,2.5,commerce_orders,100,aggregation,99.5559235682227,1,1,1
10,2.5,commerce_orders,100,join,99.22945882799685,1,1,1
10,2.5,commerce_orders,100,negative_evidence,99.91666974320569,1,1,1
10,2.5,commerce_orders,100,threshold,64.22494950080957,1,1,0
10,2.5,commerce_orders,100,provenance,64.22494950080957,1,1,0
10,2.5,commerce_orders,100,lookup,99.76361329451467,1,1,1
10,2.5,commerce_orders,100,rare_event,69.20023375433682,1,1,0
10,2.5,commerce_orders,100,latest_state,99.61830654459496,1,1,1
10,2.5,commerce_orders,100,aggregation,99.48616163796508,1,1,1
10,2.5,commerce_orders,100,join,99.52459422037137,1,1,1
10,2.5,commerce_orders,100,negative_evidence,99.83363430081657,1,1,1
10,2.5,commerce_orders,100,threshold,69.20023375433682,1,1,0
10,2.5,commerce_orders,100,provenance,69.20023375433682,1,1,0
10,2.5,commerce_orders,100,lookup,99.76638717502505,1,1,1
10,2.5,commerce_orders,100,rare_event,68.21494489268576,1,1,0
10,2.5,commerce_orders,100,latest_state,99.41834097980278,1,1,1
10,2.5,commerce_orders,100,aggregation,99.64298897853715,1,1,1
10,2.5,commerce_orders,100,join,99.37984496124031,1,1,1
10,2.5,commerce_orders,100,negative_evidence,99.81068396350788,1,1,1
10,2.5,commerce_orders,100,threshold,68.21494489268576,1,1,0
10,2.5,commerce_orders,100,provenance,68.21494489268576,1,1,0
10,2.5,commerce_orders,250,lookup,78.481023362204,1,1,0
10,2.5,commerce_orders,250,rare_event,78.481023362204,1,1,0
10,2.5,commerce_orders,250,latest_state,99.84673244135138,1,1,1
10,2.5,commerce_orders,250,aggregation,99.64441926393519,1,1,1
10,2.5,commerce_orders,250,join,99.80889120962986,1,1,1
10,2.5,commerce_orders,250,negative_evidence,99.94165262594893,1,1,1
10,2.5,commerce_orders,250,threshold,78.481023362204,1,1,0
10,2.5,commerce_orders,250,provenance,78.481023362204,1,1,0
10,2.5,commerce_orders,250,lookup,99.90523712927728,1,1,1
10,2.5,commerce_orders,250,rare_event,78.00147643936974,1,1,0
10,2.5,commerce_orders,250,latest_state,99.86547056745614,1,1,1
10,2.5,commerce_orders,250,aggregation,99.62814034211934,1,1,1
10,2.5,commerce_orders,250,join,99.80962816149454,1,1,1
10,2.5,commerce_orders,250,negative_evidence,99.93273528372806,1,1,1
10,2.5,commerce_orders,250,threshold,78.00147643936974,1,1,0
10,2.5,commerce_orders,250,provenance,78.00147643936974,1,1,0
10,2.5,commerce_orders,250,lookup,99.91007137159144,1,1,1
10,2.5,commerce_orders,250,rare_event,72.78992460806988,1,1,0
10,2.5,commerce_orders,250,latest_state,99.90541624259147,1,1,1
10,2.5,commerce_orders,250,aggregation,99.63563035736578,1,1,1
10,2.5,commerce_orders,250,join,99.7113820020017,1,1,1
10,2.5,commerce_orders,250,negative_evidence,99.91599608122776,1,1,1
10,2.5,commerce_orders,250,threshold,72.78992460806988,1,1,0
10,2.5,commerce_orders,250,provenance,72.78992460806988,1,1,0
10,2.5,commerce_orders,250,lookup,99.90531804050613,1,1,1
10,2.5,commerce_orders,250,rare_event,77.62990766395512,1,1,0
10,2.5,commerce_orders,250,latest_state,99.74744432679647,1,1,1
10,2.5,commerce_orders,250,aggregation,99.5859777708739,1,1,1
10,2.5,commerce_orders,250,join,99.76921272373367,1,1,1
10,2.5,commerce_orders,250,negative_evidence,99.91630791080452,1,1,1
10,2.5,commerce_orders,250,threshold,77.62990766395512,1,1,0
10,2.5,commerce_orders,250,provenance,77.62990766395512,1,1,0
10,2.5,commerce_orders,250,lookup,99.90712336302283,1,1,1
10,2.5,commerce_orders,250,rare_event,78.0356273933188,1,1,0
10,2.5,commerce_orders,250,latest_state,99.74781560073625,1,1,1
10,2.5,commerce_orders,250,aggregation,99.5846996847695,1,1,1
10,2.5,commerce_orders,250,join,99.78843590665792,1,1,1
10,2.5,commerce_orders,250,negative_evidence,99.93229949013053,1,1,1
10,2.5,commerce_orders,250,threshold,78.0356273933188,1,1,0
10,2.5,commerce_orders,250,provenance,78.0356273933188,1,1,0
10,2.5,commerce_orders,500,lookup,99.9537261562637,1,1,1
10,2.5,commerce_orders,500,rare_event,79.61271863596993,1,1,0
10,2.5,commerce_orders,500,latest_state,99.91285269246,1,1,1
10,2.5,commerce_orders,500,aggregation,99.65310500668164,1,1,1
10,2.5,commerce_orders,500,join,99.91391159048601,1,1,1
10,2.5,commerce_orders,500,negative_evidence,99.98369297039956,1,1,1
10,2.5,commerce_orders,500,threshold,79.61271863596993,1,1,0
10,2.5,commerce_orders,500,provenance,79.61271863596993,1,1,0
10,2.5,commerce_orders,500,lookup,99.95393588722658,1,1,1
10,2.5,commerce_orders,500,rare_event,77.40677047152708,1,1,0
10,2.5,commerce_orders,500,latest_state,99.92312058419884,1,1,1
10,2.5,commerce_orders,500,aggregation,99.668020704495,1,1,1
10,2.5,commerce_orders,500,join,99.90437725555311,1,1,1
10,2.5,commerce_orders,500,negative_evidence,99.9624074481964,1,1,1
10,2.5,commerce_orders,500,threshold,77.40677047152708,1,1,0
10,2.5,commerce_orders,500,provenance,77.40677047152708,1,1,0
10,2.5,commerce_orders,500,lookup,99.95254694727521,1,1,1
10,2.5,commerce_orders,500,rare_event,79.2436322346045,1,1,0
10,2.5,commerce_orders,500,latest_state,99.93316322261308,1,1,1
10,2.5,commerce_orders,500,aggregation,99.61486763458184,1,1,1
10,2.5,commerce_orders,500,join,99.88433318398332,1,1,1
10,2.5,commerce_orders,500,negative_evidence,99.970341842047,1,1,1
10,2.5,commerce_orders,500,threshold,79.2436322346045,1,1,0
10,2.5,commerce_orders,500,provenance,79.2436322346045,1,1,0
10,2.5,commerce_orders,500,lookup,79.41073036385784,1,1,0
10,2.5,commerce_orders,500,rare_event,79.41073036385784,1,1,0
10,2.5,commerce_orders,500,latest_state,99.9331603198983,1,1,1
10,2.5,commerce_orders,500,aggregation,99.63487103437319,1,1,1
10,2.5,commerce_orders,500,join,99.89407340712886,1,1,1
10,2.5,commerce_orders,500,negative_evidence,99.962184206345,1,1,1
10,2.5,commerce_orders,500,threshold,79.41073036385784,1,1,0
10,2.5,commerce_orders,500,provenance,79.41073036385784,1,1,0
10,2.5,commerce_orders,500,lookup,99.95287474637082,1,1,1
10,2.5,commerce_orders,500,rare_event,81.62231597853207,1,1,0
10,2.5,commerce_orders,500,latest_state,99.94228480173506,1,1,1
10,2.5,commerce_orders,500,aggregation,99.6172794008633,1,1,1
10,2.5,commerce_orders,500,join,99.88393420679196,1,1,1
10,2.5,commerce_orders,500,negative_evidence,99.95795791979599,1,1,1
10,2.5,commerce_orders,500,threshold,81.62231597853207,1,1,0
10,2.5,commerce_orders,500,provenance,81.62231597853207,1,1,0
10,2.5,security_findings,50,lookup,99.52540246707088,1,1,1
10,2.5,security_findings,50,rare_event,50.61363161195902,1,1,0
10,2.5,security_findings,50,latest_state,99.13547982437801,1,1,1
10,2.5,security_findings,50,aggregation,99.63098473761238,1,1,1
10,2.5,security_findings,50,join,99.53376541919297,1,1,1
10,2.5,security_findings,50,negative_evidence,99.66548191511603,1,1,1
10,2.5,security_findings,50,threshold,50.61363161195902,1,1,0
10,2.5,security_findings,50,provenance,50.61363161195902,1,1,0
10,2.5,security_findings,50,lookup,99.5418553811073,1,1,1
10,2.5,security_findings,50,rare_event,50.4816794452057,1,1,0
10,2.5,security_findings,50,latest_state,98.94563978117841,1,1,1
10,2.5,security_findings,50,aggregation,99.63494869407864,1,1,1
10,2.5,security_findings,50,join,98.95923768082592,1,1,1
10,2.5,security_findings,50,negative_evidence,99.74896185266154,1,1,1
10,2.5,security_findings,50,threshold,50.4816794452057,1,1,0
10,2.5,security_findings,50,provenance,50.4816794452057,1,1,0
10,2.5,security_findings,50,lookup,99.54008297364119,1,1,1
10,2.5,security_findings,50,rare_event,44.58680802916649,1,1,0
10,2.5,security_findings,50,latest_state,99.03826006788753,1,1,1
10,2.5,security_findings,50,aggregation,99.46465239073042,1,1,1
10,2.5,security_findings,50,join,99.05502241964548,1,1,1
10,2.5,security_findings,50,negative_evidence,99.53798767967146,1,1,1
10,2.5,security_findings,50,threshold,44.58680802916649,1,1,0
10,2.5,security_findings,50,provenance,44.58680802916649,1,1,0
10,2.5,security_findings,50,lookup,46.587956754944685,1,1,0
10,2.5,security_findings,50,rare_event,46.587956754944685,1,1,0
10,2.5,security_findings,50,latest_state,98.84554140127389,1,1,1
10,2.5,security_findings,50,aggregation,99.59038719409989,1,1,1
10,2.5,security_findings,50,join,98.95030170968823,1,1,1
10,2.5,security_findings,50,negative_evidence,99.75067046597385,1,1,1
10,2.5,security_findings,50,threshold,46.587956754944685,1,1,0
10,2.5,security_findings,50,provenance,46.587956754944685,1,1,0
10,2.5,security_findings,50,lookup,99.5378454396219,1,1,1
10,2.5,security_findings,50,rare_event,56.62752642750342,1,1,0
10,2.5,security_findings,50,latest_state,99.14470038373467,1,1,1
10,2.5,security_findings,50,aggregation,99.50961427869383,1,1,1
10,2.5,security_findings,50,join,99.14470038373467,1,1,1
10,2.5,security_findings,50,negative_evidence,99.66436286452179,1,1,1
10,2.5,security_findings,50,threshold,56.62752642750342,1,1,0
10,2.5,security_findings,50,provenance,56.62752642750342,1,1,0
10,2.5,security_findings,100,lookup,99.76762159121378,1,1,1
10,2.5,security_findings,100,rare_event,64.29311224087442,1,1,0
10,2.5,security_findings,100,latest_state,99.4689995636333,1,1,1
10,2.5,security_findings,100,aggregation,99.59885808619032,1,1,1
10,2.5,security_findings,100,join,99.61883632042985,1,1,1
10,2.5,security_findings,100,negative_evidence,99.87382167848712,1,1,1
10,2.5,security_findings,100,threshold,64.29311224087442,1,1,0
10,2.5,security_findings,100,provenance,64.29311224087442,1,1,0
10,2.5,security_findings,100,lookup,60.23234748904618,1,1,0
10,2.5,security_findings,100,rare_event,60.23234748904618,1,1,0
10,2.5,security_findings,100,latest_state,99.51813700707785,1,1,1
10,2.5,security_findings,100,aggregation,99.71140883046849,1,1,1
10,2.5,security_findings,100,join,99.27852207617121,1,1,1
10,2.5,security_findings,100,negative_evidence,99.8119944388271,1,1,1
10,2.5,security_findings,100,threshold,60.23234748904618,1,1,0
10,2.5,security_findings,100,provenance,60.23234748904618,1,1,0
10,2.5,security_findings,100,lookup,99.76523592470667,1,1,1
10,2.5,security_findings,100,rare_event,67.1641554824006,1,1,0
10,2.5,security_findings,100,latest_state,99.42021186798345,1,1,1
10,2.5,security_findings,100,aggregation,99.56529079091753,1,1,1
10,2.5,security_findings,100,join,99.37642441124336,1,1,1
10,2.5,security_findings,100,negative_evidence,99.89554317548746,1,1,1
10,2.5,security_findings,100,threshold,67.1641554824006,1,1,0
10,2.5,security_findings,100,provenance,67.1641554824006,1,1,0
10,2.5,security_findings,100,lookup,99.76795091714638,1,1,1
10,2.5,security_findings,100,rare_event,68.15034254864611,1,1,0
10,2.5,security_findings,100,latest_state,99.61588247055975,1,1,1
10,2.5,security_findings,100,aggregation,99.56799932647885,1,1,1
10,2.5,security_findings,100,join,99.47328541511003,1,1,1
10,2.5,security_findings,100,negative_evidence,99.83425065510455,1,1,1
10,2.5,security_findings,100,threshold,68.15034254864611,1,1,0
10,2.5,security_findings,100,provenance,68.15034254864611,1,1,0
10,2.5,security_findings,100,lookup,66.20842711992763,1,1,0
10,2.5,security_findings,100,rare_event,66.20842711992763,1,1,0
10,2.5,security_findings,100,latest_state,99.325262427162,1,1,1
10,2.5,security_findings,100,aggregation,99.68971537959905,1,1,1
10,2.5,security_findings,100,join,99.42728821759891,1,1,1
10,2.5,security_findings,100,negative_evidence,99.8085701663967,1,1,1
10,2.5,security_findings,100,threshold,66.20842711992763,1,1,0
10,2.5,security_findings,100,provenance,66.20842711992763,1,1,0
10,2.5,security_findings,250,lookup,99.90617095061084,1,1,1
10,2.5,security_findings,250,rare_event,74.85296945695382,1,1,0
10,2.5,security_findings,250,latest_state,99.74725328137515,1,1,1
10,2.5,security_findings,250,aggregation,99.62785370276056,1,1,1
10,2.5,security_findings,250,join,99.71048243769562,1,1,1
10,2.5,security_findings,250,negative_evidence,99.88017776800979,1,1,1
10,2.5,security_findings,250,threshold,74.85296945695382,1,1,0
10,2.5,security_findings,250,provenance,74.85296945695382,1,1,0
10,2.5,security_findings,250,lookup,99.90598426028627,1,1,1
10,2.5,security_findings,250,rare_event,76.11303015898167,1,1,0
10,2.5,security_findings,250,latest_state,99.8265462420113,1,1,1
10,2.5,security_findings,250,aggregation,99.61823271536471,1,1,1
10,2.5,security_findings,250,join,99.92457613690382,1,1,1
10,2.5,security_findings,250,negative_evidence,99.9659853166429,1,1,1
10,2.5,security_findings,250,threshold,76.11303015898167,1,1,0
10,2.5,security_findings,250,provenance,76.11303015898167,1,1,0
10,2.5,security_findings,250,lookup,99.90774868711148,1,1,1
10,2.5,security_findings,250,rare_event,79.18971186275712,1,1,0
10,2.5,security_findings,250,latest_state,99.74800157419672,1,1,1
10,2.5,security_findings,250,aggregation,99.66886856726941,1,1,1
10,2.5,security_findings,250,join,99.84660045448582,1,1,1
10,2.5,security_findings,250,negative_evidence,99.95810605515612,1,1,1
10,2.5,security_findings,250,threshold,79.18971186275712,1,1,0
10,2.5,security_findings,250,provenance,79.18971186275712,1,1,0
10,2.5,security_findings,250,lookup,99.90837502902865,1,1,1
10,2.5,security_findings,250,rare_event,76.0252918698672,1,1,0
10,2.5,security_findings,250,latest_state,99.82625034306585,1,1,1
10,2.5,security_findings,250,aggregation,99.58747651318428,1,1,1
10,2.5,security_findings,250,join,99.76861528068063,1,1,1
10,2.5,security_findings,250,negative_evidence,99.94933181328773,1,1,1
10,2.5,security_findings,250,threshold,76.0252918698672,1,1,0
10,2.5,security_findings,250,provenance,76.0252918698672,1,1,0
10,2.5,security_findings,250,lookup,99.90379044501677,1,1,1
10,2.5,security_findings,250,rare_event,77.24358567725183,1,1,0
10,2.5,security_findings,250,latest_state,99.80546639431962,1,1,1
10,2.5,security_findings,250,aggregation,99.5942282724993,1,1,1
10,2.5,security_findings,250,join,99.71221713333587,1,1,1
10,2.5,security_findings,250,negative_evidence,99.93149033886908,1,1,1
10,2.5,security_findings,250,threshold,77.24358567725183,1,1,0
10,2.5,security_findings,250,provenance,77.24358567725183,1,1,0
10,2.5,security_findings,500,lookup,99.95341899298215,1,1,1
10,2.5,security_findings,500,rare_event,79.02584293096166,1,1,0
10,2.5,security_findings,500,latest_state,99.88259468913,1,1,1
10,2.5,security_findings,500,aggregation,99.61390697137703,1,1,1
10,2.5,security_findings,500,join,99.90281508081276,1,1,1
10,2.5,security_findings,500,negative_evidence,99.96601703806198,1,1,1
10,2.5,security_findings,500,threshold,79.02584293096166,1,1,0
10,2.5,security_findings,500,provenance,79.02584293096166,1,1,0
10,2.5,security_findings,500,lookup,99.9542077087568,1,1,1
10,2.5,security_findings,500,rare_event,80.60395061623944,1,1,0
10,2.5,security_findings,500,latest_state,99.92332699503159,1,1,1
10,2.5,security_findings,500,aggregation,99.62298032729326,1,1,1
10,2.5,security_findings,500,join,99.92322123916266,1,1,1
10,2.5,security_findings,500,negative_evidence,99.9792718496913,1,1,1
10,2.5,security_findings,500,threshold,80.60395061623944,1,1,0
10,2.5,security_findings,500,provenance,80.60395061623944,1,1,0
10,2.5,security_findings,500,lookup,99.95314410461874,1,1,1
10,2.5,security_findings,500,rare_event,78.3764802443699,1,1,0
10,2.5,security_findings,500,latest_state,99.89380740640456,1,1,1
10,2.5,security_findings,500,aggregation,99.6307586212732,1,1,1
10,2.5,security_findings,500,join,99.89412471495116,1,1,1
10,2.5,security_findings,500,negative_evidence,99.95779796330221,1,1,1
10,2.5,security_findings,500,threshold,78.3764802443699,1,1,0
10,2.5,security_findings,500,provenance,78.3764802443699,1,1,0
10,2.5,security_findings,500,lookup,99.95208483839475,1,1,1
10,2.5,security_findings,500,rare_event,80.20998052719371,1,1,0
10,2.5,security_findings,500,latest_state,99.90290040098539,1,1,1
10,2.5,security_findings,500,aggregation,99.60737068459449,1,1,1
10,2.5,security_findings,500,join,99.88322662602164,1,1,1
10,2.5,security_findings,500,negative_evidence,99.96604687223999,1,1,1
10,2.5,security_findings,500,threshold,80.20998052719371,1,1,0
10,2.5,security_findings,500,provenance,80.20998052719371,1,1,0
10,2.5,security_findings,500,lookup,99.95239384886212,1,1,1
10,2.5,security_findings,500,rare_event,78.81748436402414,1,1,0
10,2.5,security_findings,500,latest_state,99.91325101348207,1,1,1
10,2.5,security_findings,500,aggregation,99.58942339429741,1,1,1
10,2.5,security_findings,500,join,99.91282784769417,1,1,1
10,2.5,security_findings,500,negative_evidence,99.97450426127948,1,1,1
10,2.5,security_findings,500,threshold,78.81748436402414,1,1,0
10,2.5,security_findings,500,provenance,78.81748436402414,1,1,0
10,3.5,incident_ops,50,lookup,99.5561850802644,1,1,1
10,3.5,incident_ops,50,rare_event,50.52460392403735,1,1,0
10,3.5,incident_ops,50,latest_state,99.23302906305739,1,1,1
10,3.5,incident_ops,50,aggregation,99.47224845241843,1,1,1
10,3.5,incident_ops,50,join,98.95393977546952,1,1,1
10,3.5,incident_ops,50,negative_evidence,99.6222851746931,1,1,1
10,3.5,incident_ops,50,threshold,50.52460392403735,1,1,0
10,3.5,incident_ops,50,provenance,50.52460392403735,1,1,0
10,3.5,incident_ops,50,lookup,99.5290786092611,1,1,1
10,3.5,incident_ops,50,rare_event,56.51476217945357,1,1,0
10,3.5,incident_ops,50,latest_state,98.94278672190467,1,1,1
10,3.5,incident_ops,50,aggregation,99.38958519062354,1,1,1
10,3.5,incident_ops,50,join,99.53851801352981,1,1,1
10,3.5,incident_ops,50,negative_evidence,99.71472022654571,1,1,1
10,3.5,incident_ops,50,threshold,56.51476217945357,1,1,0
10,3.5,incident_ops,50,provenance,56.51476217945357,1,1,0
10,3.5,incident_ops,50,lookup,99.5384308747784,1,1,1
10,3.5,incident_ops,50,rare_event,48.503571915616774,1,1,0
10,3.5,incident_ops,50,latest_state,99.04644014812173,1,1,1
10,3.5,incident_ops,50,aggregation,99.47339158895171,1,1,1
10,3.5,incident_ops,50,join,99.34121497582007,1,1,1
10,3.5,incident_ops,50,negative_evidence,48.503571915616774,1,1,0
10,3.5,incident_ops,50,threshold,48.503571915616774,1,1,0
10,3.5,incident_ops,50,provenance,48.503571915616774,1,1,0
10,3.5,incident_ops,50,lookup,46.56046419070362,1,1,0
10,3.5,incident_ops,50,rare_event,46.56046419070362,1,1,0
10,3.5,incident_ops,50,latest_state,99.14535285615534,1,1,1
10,3.5,incident_ops,50,aggregation,99.50040847106139,1,1,1
10,3.5,incident_ops,50,join,99.34644630176585,1,1,1
10,3.5,incident_ops,50,negative_evidence,99.70673872515134,1,1,1
10,3.5,incident_ops,50,threshold,46.56046419070362,1,1,0
10,3.5,incident_ops,50,provenance,46.56046419070362,1,1,0
10,3.5,incident_ops,50,lookup,99.55134387186045,1,1,1
10,3.5,incident_ops,50,rare_event,44.6140299383622,1,1,0
10,3.5,incident_ops,50,latest_state,99.33540190364376,1,1,1
10,3.5,incident_ops,50,aggregation,99.80187848547108,1,1,1
10,3.5,incident_ops,50,join,99.24944442114973,1,1,1
10,3.5,incident_ops,50,negative_evidence,99.67084573776678,1,1,1
10,3.5,incident_ops,50,threshold,44.6140299383622,1,1,0
10,3.5,incident_ops,50,provenance,44.6140299383622,1,1,0
10,3.5,incident_ops,100,lookup,99.76806111774465,1,1,1
10,3.5,incident_ops,100,rare_event,64.16887686634192,1,1,0
10,3.5,incident_ops,100,latest_state,99.51710219047519,1,1,1
10,3.5,incident_ops,100,aggregation,99.57997400593848,1,1,1
10,3.5,incident_ops,100,join,99.42622864207445,1,1,1
10,3.5,incident_ops,100,negative_evidence,64.16887686634192,1,1,0
10,3.5,incident_ops,100,threshold,64.16887686634192,1,1,0
10,3.5,incident_ops,100,provenance,64.16887686634192,1,1,0
10,3.5,incident_ops,100,lookup,99.76548635172821,1,1,1
10,3.5,incident_ops,100,rare_event,68.18854052226824,1,1,0
10,3.5,incident_ops,100,latest_state,99.4205822699231,1,1,1
10,3.5,incident_ops,100,aggregation,99.6307994591397,1,1,1
10,3.5,incident_ops,100,join,99.27955717062453,1,1,1
10,3.5,incident_ops,100,negative_evidence,99.89700414096173,1,1,1
10,3.5,incident_ops,100,threshold,68.18854052226824,1,1,0
10,3.5,incident_ops,100,provenance,68.18854052226824,1,1,0
10,3.5,incident_ops,100,lookup,99.76551855255235,1,1,1
10,3.5,incident_ops,100,rare_event,69.10390063056498,1,1,0
10,3.5,incident_ops,100,latest_state,99.61711925810916,1,1,1
10,3.5,incident_ops,100,aggregation,99.58067957370851,1,1,1
10,3.5,incident_ops,100,join,99.37735669698026,1,1,1
10,3.5,incident_ops,100,negative_evidence,99.83364491904054,1,1,1
10,3.5,incident_ops,100,threshold,69.10390063056498,1,1,0
10,3.5,incident_ops,100,provenance,69.10390063056498,1,1,0
10,3.5,incident_ops,100,lookup,99.76578696108582,1,1,1
10,3.5,incident_ops,100,rare_event,62.252137721486946,1,1,0
10,3.5,incident_ops,100,latest_state,99.61861255149785,1,1,1
10,3.5,incident_ops,100,aggregation,99.63127271576349,1,1,1
10,3.5,incident_ops,100,join,99.42660006013578,1,1,1
10,3.5,incident_ops,100,negative_evidence,99.89819117903055,1,1,1
10,3.5,incident_ops,100,threshold,62.252137721486946,1,1,0
10,3.5,incident_ops,100,provenance,62.252137721486946,1,1,0
10,3.5,incident_ops,100,lookup,99.77490092470276,1,1,1
10,3.5,incident_ops,100,rare_event,65.13130779392338,1,1,0
10,3.5,incident_ops,100,latest_state,99.47054161162482,1,1,1
10,3.5,incident_ops,100,aggregation,99.58150594451783,1,1,1
10,3.5,incident_ops,100,join,99.38124174372524,1,1,1
10,3.5,incident_ops,100,negative_evidence,99.87582562747687,1,1,1
10,3.5,incident_ops,100,threshold,65.13130779392338,1,1,0
10,3.5,incident_ops,100,provenance,65.13130779392338,1,1,0
10,3.5,incident_ops,250,lookup,99.9061357154662,1,1,1
10,3.5,incident_ops,250,rare_event,77.20220867111055,1,1,0
10,3.5,incident_ops,250,latest_state,99.88515927264714,1,1,1
10,3.5,incident_ops,250,aggregation,99.69361680488518,1,1,1
10,3.5,incident_ops,250,join,99.75040151877921,1,1,1
10,3.5,incident_ops,250,negative_evidence,99.94236775306278,1,1,1
10,3.5,incident_ops,250,threshold,77.20220867111055,1,1,0
10,3.5,incident_ops,250,provenance,77.20220867111055,1,1,0
10,3.5,incident_ops,250,lookup,99.91005610886606,1,1,1
10,3.5,incident_ops,250,rare_event,80.4312639874418,1,1,0
10,3.5,incident_ops,250,latest_state,99.86678121784877,1,1,1
10,3.5,incident_ops,250,aggregation,99.6436185445636,1,1,1
10,3.5,incident_ops,250,join,99.73038045841686,1,1,1
10,3.5,incident_ops,250,negative_evidence,99.94102735439803,1,1,1
10,3.5,incident_ops,250,threshold,80.4312639874418,1,1,0
10,3.5,incident_ops,250,provenance,80.4312639874418,1,1,0
10,3.5,incident_ops,250,lookup,99.90821370731831,1,1,1
10,3.5,incident_ops,250,rare_event,80.40394447883192,1,1,0
10,3.5,incident_ops,250,latest_state,99.78632659809898,1,1,1
10,3.5,incident_ops,250,aggregation,99.50206466164138,1,1,1
10,3.5,incident_ops,250,join,99.7697923467614,1,1,1
10,3.5,incident_ops,250,negative_evidence,99.94954933566225,1,1,1
10,3.5,incident_ops,250,threshold,80.40394447883192,1,1,0
10,3.5,incident_ops,250,provenance,80.40394447883192,1,1,0
10,3.5,incident_ops,250,lookup,99.90985462471168,1,1,1
10,3.5,incident_ops,250,rare_event,80.43485621177815,1,1,0
10,3.5,incident_ops,250,latest_state,99.84637196605793,1,1,1
10,3.5,incident_ops,250,aggregation,99.57191527181159,1,1,1
10,3.5,incident_ops,250,join,99.63307023298135,1,1,1
10,3.5,incident_ops,250,negative_evidence,99.9005438347758,1,1,1
10,3.5,incident_ops,250,threshold,80.43485621177815,1,1,0
10,3.5,incident_ops,250,provenance,80.43485621177815,1,1,0
10,3.5,incident_ops,250,lookup,99.91144030271315,1,1,1
10,3.5,incident_ops,250,rare_event,78.03316963207472,1,1,0
10,3.5,incident_ops,250,latest_state,99.80762630350128,1,1,1
10,3.5,incident_ops,250,aggregation,99.58516773376158,1,1,1
10,3.5,incident_ops,250,join,99.69300717375921,1,1,1
10,3.5,incident_ops,250,negative_evidence,99.92542341281107,1,1,1
10,3.5,incident_ops,250,threshold,78.03316963207472,1,1,0
10,3.5,incident_ops,250,provenance,78.03316963207472,1,1,0
10,3.5,incident_ops,500,lookup,99.95354648215357,1,1,1
10,3.5,incident_ops,500,rare_event,79.01679750720666,1,1,0
10,3.5,incident_ops,500,latest_state,99.90348698346976,1,1,1
10,3.5,incident_ops,500,aggregation,99.63505352760377,1,1,1
10,3.5,incident_ops,500,join,99.87432096199083,1,1,1
10,3.5,incident_ops,500,negative_evidence,99.97528842543785,1,1,1
10,3.5,incident_ops,500,threshold,79.01679750720666,1,1,0
10,3.5,incident_ops,500,provenance,79.01679750720666,1,1,0
10,3.5,incident_ops,500,lookup,80.78506719401975,1,1,0
10,3.5,incident_ops,500,rare_event,80.78506719401975,1,1,0
10,3.5,incident_ops,500,latest_state,99.90324315779534,1,1,1
10,3.5,incident_ops,500,aggregation,99.61254825906644,1,1,1
10,3.5,incident_ops,500,join,99.87512850518105,1,1,1
10,3.5,incident_ops,500,negative_evidence,99.97517423127644,1,1,1
10,3.5,incident_ops,500,threshold,80.78506719401975,1,1,0
10,3.5,incident_ops,500,provenance,80.78506719401975,1,1,0
10,3.5,incident_ops,500,lookup,99.95469890152793,1,1,1
10,3.5,incident_ops,500,rare_event,85.7736515231566,1,1,0
10,3.5,incident_ops,500,latest_state,99.90388104164943,1,1,1
10,3.5,incident_ops,500,aggregation,99.63493892308574,1,1,1
10,3.5,incident_ops,500,join,99.91417192350373,1,1,1
10,3.5,incident_ops,500,negative_evidence,99.97506848210553,1,1,1
10,3.5,incident_ops,500,threshold,85.7736515231566,1,1,0
10,3.5,incident_ops,500,provenance,85.7736515231566,1,1,0
10,3.5,incident_ops,500,lookup,99.95289494511836,1,1,1
10,3.5,incident_ops,500,rare_event,80.21470993258885,1,1,0
10,3.5,incident_ops,500,latest_state,99.91342854778512,1,1,1
10,3.5,incident_ops,500,aggregation,99.65562385552752,1,1,1
10,3.5,incident_ops,500,join,99.90430459571344,1,1,1
10,3.5,incident_ops,500,negative_evidence,99.96647478075992,1,1,1
10,3.5,incident_ops,500,threshold,80.21470993258885,1,1,0
10,3.5,incident_ops,500,provenance,80.21470993258885,1,1,0
10,3.5,incident_ops,500,lookup,99.95364703436483,1,1,1
10,3.5,incident_ops,500,rare_event,80.18903948593818,1,1,0
10,3.5,incident_ops,500,latest_state,99.88257955844823,1,1,1
10,3.5,incident_ops,500,aggregation,99.6559061315321,1,1,1
10,3.5,incident_ops,500,join,99.89467163644001,1,1,1
10,3.5,incident_ops,500,negative_evidence,99.96679982095239,1,1,1
10,3.5,incident_ops,500,threshold,80.18903948593818,1,1,0
10,3.5,incident_ops,500,provenance,80.18903948593818,1,1,0
10,3.5,identity_events,50,lookup,99.55625491738789,1,1,1
10,3.5,identity_events,50,rare_event,54.41174927878312,1,1,0
10,3.5,identity_events,50,latest_state,99.23734592184633,1,1,1
10,3.5,identity_events,50,aggregation,99.6338840807763,1,1,1
10,3.5,identity_events,50,join,99.33910306845004,1,1,1
10,3.5,identity_events,50,negative_evidence,99.70626803042224,1,1,1
10,3.5,identity_events,50,threshold,54.41174927878312,1,1,0
10,3.5,identity_events,50,provenance,54.41174927878312,1,1,0
10,3.5,identity_events,50,lookup,99.53801671939492,1,1,1
10,3.5,identity_events,50,rare_event,52.61895283789729,1,1,0
10,3.5,identity_events,50,latest_state,99.33478597917409,1,1,1
10,3.5,identity_events,50,aggregation,99.59249093842318,1,1,1
10,3.5,identity_events,50,join,99.33583356030925,1,1,1
10,3.5,identity_events,50,negative_evidence,99.75067568983218,1,1,1
10,3.5,identity_events,50,threshold,52.61895283789729,1,1,0
10,3.5,identity_events,50,provenance,52.61895283789729,1,1,0
10,3.5,identity_events,50,lookup,99.54678976080571,1,1,1
10,3.5,identity_events,50,rare_event,44.579311791859,1,1,0
10,3.5,identity_events,50,latest_state,99.13869072597566,1,1,1
10,3.5,identity_events,50,aggregation,99.46705832983635,1,1,1
10,3.5,identity_events,50,join,99.15337809483844,1,1,1
10,3.5,identity_events,50,negative_evidence,99.79122954259337,1,1,1
10,3.5,identity_events,50,threshold,44.579311791859,1,1,0
10,3.5,identity_events,50,provenance,44.579311791859,1,1,0
10,3.5,identity_events,50,lookup,99.54488386691777,1,1,1
10,3.5,identity_events,50,rare_event,50.36827788240217,1,1,0
10,3.5,identity_events,50,latest_state,99.03850177861477,1,1,1
10,3.5,identity_events,50,aggregation,99.54802259887006,1,1,1
10,3.5,identity_events,50,join,98.65557648043523,1,1,1
10,3.5,identity_events,50,negative_evidence,50.36827788240217,1,1,0
10,3.5,identity_events,50,threshold,50.36827788240217,1,1,0
10,3.5,identity_events,50,provenance,50.36827788240217,1,1,0
10,3.5,identity_events,50,lookup,99.54329290009008,1,1,1
10,3.5,identity_events,50,rare_event,48.5115119518991,1,1,0
10,3.5,identity_events,50,latest_state,98.94412670479542,1,1,1
10,3.5,identity_events,50,aggregation,99.63128234135714,1,1,1
10,3.5,identity_events,50,join,99.1431504409947,1,1,1
10,3.5,identity_events,50,negative_evidence,99.58624012737519,1,1,1
10,3.5,identity_events,50,threshold,48.5115119518991,1,1,0
10,3.5,identity_events,50,provenance,48.5115119518991,1,1,0
10,3.5,identity_events,100,lookup,99.76752767527675,1,1,1
10,3.5,identity_events,100,rare_event,70.14918292040063,1,1,0
10,3.5,identity_events,100,latest_state,99.66684238270955,1,1,1
10,3.5,identity_events,100,aggregation,99.73115445440169,1,1,1
10,3.5,identity_events,100,join,99.52240379546653,1,1,1
10,3.5,identity_events,100,negative_evidence,99.85608856088561,1,1,1
10,3.5,identity_events,100,threshold,70.14918292040063,1,1,0
10,3.5,identity_events,100,provenance,70.14918292040063,1,1,0
10,3.5,identity_events,100,lookup,99.76336861676279,1,1,1
10,3.5,identity_events,100,rare_event,65.24687836724345,1,1,0
10,3.5,identity_events,100,latest_state,99.51775791764382,1,1,1
10,3.5,identity_events,100,aggregation,99.69259047981238,1,1,1
10,3.5,identity_events,100,join,99.22830702921975,1,1,1
10,3.5,identity_events,100,negative_evidence,99.83361855866134,1,1,1
10,3.5,identity_events,100,threshold,65.24687836724345,1,1,0
10,3.5,identity_events,100,provenance,65.24687836724345,1,1,0
10,3.5,identity_events,100,lookup,99.76408497163214,1,1,1
10,3.5,identity_events,100,rare_event,73.20385275102257,1,1,0
10,3.5,identity_events,100,latest_state,99.37247658002374,1,1,1
10,3.5,identity_events,100,aggregation,99.74772397413906,1,1,1
10,3.5,identity_events,100,join,99.57039187227866,1,1,1
10,3.5,identity_events,100,negative_evidence,99.812112415886,1,1,1
10,3.5,identity_events,100,threshold,73.20385275102257,1,1,0
10,3.5,identity_events,100,provenance,73.20385275102257,1,1,0
10,3.5,identity_events,100,lookup,99.7727368598667,1,1,1
10,3.5,identity_events,100,rare_event,67.16495823842065,1,1,0
10,3.5,identity_events,100,latest_state,99.51858179363875,1,1,1
10,3.5,identity_events,100,aggregation,99.55654686577238,1,1,1
10,3.5,identity_events,100,join,99.4178688939509,1,1,1
10,3.5,identity_events,100,negative_evidence,99.78750105458533,1,1,1
10,3.5,identity_events,100,threshold,67.16495823842065,1,1,0
10,3.5,identity_events,100,provenance,67.16495823842065,1,1,0
10,3.5,identity_events,100,lookup,99.77314692693221,1,1,1
10,3.5,identity_events,100,rare_event,72.18253758902664,1,1,0
10,3.5,identity_events,100,latest_state,99.66235821682933,1,1,1
10,3.5,identity_events,100,aggregation,99.45344236349248,1,1,1
10,3.5,identity_events,100,join,99.2286995515695,1,1,1
10,3.5,identity_events,100,negative_evidence,99.81324188868372,1,1,1
10,3.5,identity_events,100,threshold,72.18253758902664,1,1,0
10,3.5,identity_events,100,provenance,72.18253758902664,1,1,0
10,3.5,identity_events,250,lookup,79.2069145129393,1,1,0
10,3.5,identity_events,250,rare_event,79.2069145129393,1,1,0
10,3.5,identity_events,250,latest_state,99.78720340813328,1,1,1
10,3.5,identity_events,250,aggregation,99.60913183225276,1,1,1
10,3.5,identity_events,250,join,99.7499375373188,1,1,1
10,3.5,identity_events,250,negative_evidence,99.95087680665365,1,1,1
10,3.5,identity_events,250,threshold,79.2069145129393,1,1,0
10,3.5,identity_events,250,provenance,79.2069145129393,1,1,0
10,3.5,identity_events,250,lookup,78.4332318086284,1,1,0
10,3.5,identity_events,250,rare_event,78.4332318086284,1,1,0
10,3.5,identity_events,250,latest_state,99.7673891923812,1,1,1
10,3.5,identity_events,250,aggregation,99.63552701481386,1,1,1
10,3.5,identity_events,250,join,99.82771137634057,1,1,1
10,3.5,identity_events,250,negative_evidence,99.9242268706756,1,1,1
10,3.5,identity_events,250,threshold,78.4332318086284,1,1,0
10,3.5,identity_events,250,provenance,78.4332318086284,1,1,0
10,3.5,identity_events,250,lookup,99.90554009462934,1,1,1
10,3.5,identity_events,250,rare_event,78.02091672702782,1,1,0
10,3.5,identity_events,250,latest_state,99.78651214212192,1,1,1
10,3.5,identity_events,250,aggregation,99.62681983573295,1,1,1
10,3.5,identity_events,250,join,99.76999224835754,1,1,1
10,3.5,identity_events,250,negative_evidence,99.9324378703739,1,1,1
10,3.5,identity_events,250,threshold,78.02091672702782,1,1,0
10,3.5,identity_events,250,provenance,78.02091672702782,1,1,0
10,3.5,identity_events,250,lookup,99.9090705316625,1,1,1
10,3.5,identity_events,250,rare_event,79.62905006195892,1,1,0
10,3.5,identity_events,250,latest_state,99.78747880074604,1,1,1
10,3.5,identity_events,250,aggregation,99.61006060554797,1,1,1
10,3.5,identity_events,250,join,99.88580950487848,1,1,1
10,3.5,identity_events,250,negative_evidence,99.90589857346467,1,1,1
10,3.5,identity_events,250,threshold,79.62905006195892,1,1,0
10,3.5,identity_events,250,provenance,79.62905006195892,1,1,0
10,3.5,identity_events,250,lookup,99.9100070088659,1,1,1
10,3.5,identity_events,250,rare_event,76.4262830353683,1,1,0
10,3.5,identity_events,250,latest_state,99.84563555167821,1,1,1
10,3.5,identity_events,250,aggregation,99.63536957474605,1,1,1
10,3.5,identity_events,250,join,99.76792395698124,1,1,1
10,3.5,identity_events,250,negative_evidence,99.9584973499711,1,1,1
10,3.5,identity_events,250,threshold,76.4262830353683,1,1,0
10,3.5,identity_events,250,provenance,76.4262830353683,1,1,0
10,3.5,identity_events,500,lookup,81.40284824106337,1,1,0
10,3.5,identity_events,500,rare_event,81.40284824106337,1,1,0
10,3.5,identity_events,500,latest_state,99.92340704125532,1,1,1
10,3.5,identity_events,500,aggregation,99.6275230388018,1,1,1
10,3.5,identity_events,500,join,99.89385042232065,1,1,1
10,3.5,identity_events,500,negative_evidence,99.95773085679235,1,1,1
10,3.5,identity_events,500,threshold,81.40284824106337,1,1,0
10,3.5,identity_events,500,provenance,81.40284824106337,1,1,0
10,3.5,identity_events,500,lookup,99.95177208441052,1,1,1
10,3.5,identity_events,500,rare_event,81.62156031616313,1,1,0
10,3.5,identity_events,500,latest_state,99.91340174277667,1,1,1
10,3.5,identity_events,500,aggregation,99.63463379112754,1,1,1
10,3.5,identity_events,500,join,99.90354416882103,1,1,1
10,3.5,identity_events,500,negative_evidence,99.97509107656367,1,1,1
10,3.5,identity_events,500,threshold,81.62156031616313,1,1,0
10,3.5,identity_events,500,provenance,81.62156031616313,1,1,0
10,3.5,identity_events,500,lookup,99.95288831672602,1,1,1
10,3.5,identity_events,500,rare_event,81.5982823821361,1,1,0
10,3.5,identity_events,500,latest_state,99.92250392773809,1,1,1
10,3.5,identity_events,500,aggregation,99.68133445695581,1,1,1
10,3.5,identity_events,500,join,99.84500785547617,1,1,1
10,3.5,identity_events,500,negative_evidence,99.96696888723264,1,1,1
10,3.5,identity_events,500,threshold,81.5982823821361,1,1,0
10,3.5,identity_events,500,provenance,81.5982823821361,1,1,0
10,3.5,identity_events,500,lookup,99.95384792892581,1,1,1
10,3.5,identity_events,500,rare_event,81.39902170311728,1,1,0
10,3.5,identity_events,500,latest_state,99.9129885265528,1,1,1
10,3.5,identity_events,500,aggregation,99.6353351264895,1,1,1
10,3.5,identity_events,500,join,99.85540429108407,1,1,1
10,3.5,identity_events,500,negative_evidence,99.9624220522217,1,1,1
10,3.5,identity_events,500,threshold,81.39902170311728,1,1,0
10,3.5,identity_events,500,provenance,81.39902170311728,1,1,0
10,3.5,identity_events,500,lookup,81.82164759255278,1,1,0
10,3.5,identity_events,500,rare_event,81.82164759255278,1,1,0
10,3.5,identity_events,500,latest_state,99.87345109970465,1,1,1
10,3.5,identity_events,500,aggregation,99.56613318451042,1,1,1
10,3.5,identity_events,500,join,99.87535727560868,1,1,1
10,3.5,identity_events,500,negative_evidence,99.97892616639433,1,1,1
10,3.5,identity_events,500,threshold,81.82164759255278,1,1,0
10,3.5,identity_events,500,provenance,81.82164759255278,1,1,0
10,3.5,cloud_inventory,50,lookup,99.53654674901176,1,1,1
10,3.5,cloud_inventory,50,rare_event,44.57958918329471,1,1,0
10,3.5,cloud_inventory,50,latest_state,98.75538685764016,1,1,1
10,3.5,cloud_inventory,50,aggregation,99.5428379696134,1,1,1
10,3.5,cloud_inventory,50,join,98.56350462928982,1,1,1
10,3.5,cloud_inventory,50,negative_evidence,99.70955531555714,1,1,1
10,3.5,cloud_inventory,50,threshold,44.57958918329471,1,1,0
10,3.5,cloud_inventory,50,provenance,44.57958918329471,1,1,0
10,3.5,cloud_inventory,50,lookup,48.523697302958894,1,1,0
10,3.5,cloud_inventory,50,rare_event,48.523697302958894,1,1,0
10,3.5,cloud_inventory,50,latest_state,99.33595181984812,1,1,1
10,3.5,cloud_inventory,50,aggregation,99.63341188792879,1,1,1
10,3.5,cloud_inventory,50,join,99.05629746006808,1,1,1
10,3.5,cloud_inventory,50,negative_evidence,99.83241686305315,1,1,1
10,3.5,cloud_inventory,50,threshold,48.523697302958894,1,1,0
10,3.5,cloud_inventory,50,provenance,48.523697302958894,1,1,0
10,3.5,cloud_inventory,50,lookup,99.52992529169813,1,1,1
10,3.5,cloud_inventory,50,rare_event,48.56354402753295,1,1,0
10,3.5,cloud_inventory,50,latest_state,99.13539830437338,1,1,1
10,3.5,cloud_inventory,50,aggregation,99.5026441702342,1,1,1
10,3.5,cloud_inventory,50,join,98.85419289851423,1,1,1
10,3.5,cloud_inventory,50,negative_evidence,99.75027281121463,1,1,1
10,3.5,cloud_inventory,50,threshold,48.56354402753295,1,1,0
10,3.5,cloud_inventory,50,provenance,48.56354402753295,1,1,0
10,3.5,cloud_inventory,50,lookup,99.53998658730823,1,1,1
10,3.5,cloud_inventory,50,rare_event,40.6446474976947,1,1,0
10,3.5,cloud_inventory,50,latest_state,99.24134462234889,1,1,1
10,3.5,cloud_inventory,50,aggregation,99.59237991449409,1,1,1
10,3.5,cloud_inventory,50,join,99.15437169922039,1,1,1
10,3.5,cloud_inventory,50,negative_evidence,99.75060776259535,1,1,1
10,3.5,cloud_inventory,50,threshold,40.6446474976947,1,1,0
10,3.5,cloud_inventory,50,provenance,40.6446474976947,1,1,0
10,3.5,cloud_inventory,50,lookup,99.51462430660615,1,1,1
10,3.5,cloud_inventory,50,rare_event,50.34984871406959,1,1,0
10,3.5,cloud_inventory,50,latest_state,99.2404185577408,1,1,1
10,3.5,cloud_inventory,50,aggregation,99.54824340225248,1,1,1
10,3.5,cloud_inventory,50,join,99.43688014792403,1,1,1
10,3.5,cloud_inventory,50,negative_evidence,99.71108589678937,1,1,1
10,3.5,cloud_inventory,50,threshold,50.34984871406959,1,1,0
10,3.5,cloud_inventory,50,provenance,50.34984871406959,1,1,0
10,3.5,cloud_inventory,100,lookup,99.76916996047431,1,1,1
10,3.5,cloud_inventory,100,rare_event,65.19736495388669,1,1,0
10,3.5,cloud_inventory,100,latest_state,99.46982872200265,1,1,1
10,3.5,cloud_inventory,100,aggregation,99.67009222661397,1,1,1
10,3.5,cloud_inventory,100,join,99.3270092226614,1,1,1
10,3.5,cloud_inventory,100,negative_evidence,99.81080368906456,1,1,1
10,3.5,cloud_inventory,100,threshold,65.19736495388669,1,1,0
10,3.5,cloud_inventory,100,provenance,65.19736495388669,1,1,0
10,3.5,cloud_inventory,100,lookup,99.76363828215679,1,1,1
10,3.5,cloud_inventory,100,rare_event,70.03587633217263,1,1,0
10,3.5,cloud_inventory,100,latest_state,99.51936266751082,1,1,1
10,3.5,cloud_inventory,100,aggregation,99.72617917062362,1,1,1
10,3.5,cloud_inventory,100,join,99.23024163764904,1,1,1
10,3.5,cloud_inventory,100,negative_evidence,99.81587000105519,1,1,1
10,3.5,cloud_inventory,100,threshold,70.03587633217263,1,1,0
10,3.5,cloud_inventory,100,provenance,70.03587633217263,1,1,0
10,3.5,cloud_inventory,100,lookup,69.16810624910852,1,1,0
10,3.5,cloud_inventory,100,rare_event,69.16810624910852,1,1,0
10,3.5,cloud_inventory,100,latest_state,99.66242452097565,1,1,1
10,3.5,cloud_inventory,100,aggregation,99.56521968820493,1,1,1
10,3.5,cloud_inventory,100,join,99.32643390335515,1,1,1
10,3.5,cloud_inventory,100,negative_evidence,99.85524932511318,1,1,1
10,3.5,cloud_inventory,100,threshold,69.16810624910852,1,1,0
10,3.5,cloud_inventory,100,provenance,69.16810624910852,1,1,0
10,3.5,cloud_inventory,100,lookup,99.76704719139023,1,1,1
10,3.5,cloud_inventory,100,rare_event,70.23158249797088,1,1,0
10,3.5,cloud_inventory,100,latest_state,99.61736710622016,1,1,1
10,3.5,cloud_inventory,100,aggregation,99.5989206168506,1,1,1
10,3.5,cloud_inventory,100,join,99.42394248911657,1,1,1
10,3.5,cloud_inventory,100,negative_evidence,99.83029229780013,1,1,1
10,3.5,cloud_inventory,100,threshold,70.23158249797088,1,1,0
10,3.5,cloud_inventory,100,provenance,70.23158249797088,1,1,0
10,3.5,cloud_inventory,100,lookup,99.76552043924082,1,1,1
10,3.5,cloud_inventory,100,rare_event,68.16083717106997,1,1,0
10,3.5,cloud_inventory,100,latest_state,99.61587505664394,1,1,1
10,3.5,cloud_inventory,100,aggregation,99.69227850902614,1,1,1
10,3.5,cloud_inventory,100,join,99.57214066665964,1,1,1
10,3.5,cloud_inventory,100,negative_evidence,99.8566776617382,1,1,1
10,3.5,cloud_inventory,100,threshold,68.16083717106997,1,1,0
10,3.5,cloud_inventory,100,provenance,68.16083717106997,1,1,0
10,3.5,cloud_inventory,250,lookup,99.90948618606933,1,1,1
10,3.5,cloud_inventory,250,rare_event,76.8667416718832,1,1,0
10,3.5,cloud_inventory,250,latest_state,99.76715955808957,1,1,1
10,3.5,cloud_inventory,250,aggregation,99.65317136718154,1,1,1
10,3.5,cloud_inventory,250,join,99.72993892432368,1,1,1
10,3.5,cloud_inventory,250,negative_evidence,99.9236554046052,1,1,1
10,3.5,cloud_inventory,250,threshold,76.8667416718832,1,1,0
10,3.5,cloud_inventory,250,provenance,76.8667416718832,1,1,0
10,3.5,cloud_inventory,250,lookup,99.90882957052594,1,1,1
10,3.5,cloud_inventory,250,rare_event,78.81778817576644,1,1,0
10,3.5,cloud_inventory,250,latest_state,99.86525391281907,1,1,1
10,3.5,cloud_inventory,250,aggregation,99.58687738106067,1,1,1
10,3.5,cloud_inventory,250,join,99.77027590160363,1,1,1
10,3.5,cloud_inventory,250,negative_evidence,99.91686779864662,1,1,1
10,3.5,cloud_inventory,250,threshold,78.81778817576644,1,1,0
10,3.5,cloud_inventory,250,provenance,78.81778817576644,1,1,0
10,3.5,cloud_inventory,250,lookup,74.44878566789852,1,1,0
10,3.5,cloud_inventory,250,rare_event,74.44878566789852,1,1,0
10,3.5,cloud_inventory,250,latest_state,99.78782769832188,1,1,1
10,3.5,cloud_inventory,250,aggregation,99.67042428114205,1,1,1
10,3.5,cloud_inventory,250,join,99.82717370840376,1,1,1
10,3.5,cloud_inventory,250,negative_evidence,99.91644261299814,1,1,1
10,3.5,cloud_inventory,250,threshold,74.44878566789852,1,1,0
10,3.5,cloud_inventory,250,provenance,74.44878566789852,1,1,0
10,3.5,cloud_inventory,250,lookup,99.90565379172334,1,1,1
10,3.5,cloud_inventory,250,rare_event,81.62047016565587,1,1,0
10,3.5,cloud_inventory,250,latest_state,99.78740372350214,1,1,1
10,3.5,cloud_inventory,250,aggregation,99.62621132281423,1,1,1
10,3.5,cloud_inventory,250,join,99.84726914265526,1,1,1
10,3.5,cloud_inventory,250,negative_evidence,99.91623072090235,1,1,1
10,3.5,cloud_inventory,250,threshold,81.62047016565587,1,1,0
10,3.5,cloud_inventory,250,provenance,81.62047016565587,1,1,0
10,3.5,cloud_inventory,250,lookup,79.22985781990522,1,1,0
10,3.5,cloud_inventory,250,rare_event,79.22985781990522,1,1,0
10,3.5,cloud_inventory,250,latest_state,99.86649458361543,1,1,1
10,3.5,cloud_inventory,250,aggregation,99.63502877454299,1,1,1
10,3.5,cloud_inventory,250,join,99.86734089370344,1,1,1
10,3.5,cloud_inventory,250,negative_evidence,99.92383209207854,1,1,1
10,3.5,cloud_inventory,250,threshold,79.22985781990522,1,1,0
10,3.5,cloud_inventory,250,provenance,79.22985781990522,1,1,0
10,3.5,cloud_inventory,500,lookup,99.95406668585846,1,1,1
10,3.5,cloud_inventory,500,rare_event,78.80897244847849,1,1,0
10,3.5,cloud_inventory,500,latest_state,99.91289604253805,1,1,1
10,3.5,cloud_inventory,500,aggregation,99.60586253026942,1,1,1
10,3.5,cloud_inventory,500,join,99.88453169187001,1,1,1
10,3.5,cloud_inventory,500,negative_evidence,99.9626394933365,1,1,1
10,3.5,cloud_inventory,500,threshold,78.80897244847849,1,1,0
10,3.5,cloud_inventory,500,provenance,78.80897244847849,1,1,0
10,3.5,cloud_inventory,500,lookup,99.95286750897901,1,1,1
10,3.5,cloud_inventory,500,rare_event,80.43863932205473,1,1,0
10,3.5,cloud_inventory,500,latest_state,99.922999278714,1,1,1
10,3.5,cloud_inventory,500,aggregation,99.71423941398956,1,1,1
10,3.5,cloud_inventory,500,join,99.8646397224161,1,1,1
10,3.5,cloud_inventory,500,negative_evidence,99.97479206098203,1,1,1
10,3.5,cloud_inventory,500,threshold,80.43863932205473,1,1,0
10,3.5,cloud_inventory,500,provenance,80.43863932205473,1,1,0
10,3.5,cloud_inventory,500,lookup,99.95458347007697,1,1,1
10,3.5,cloud_inventory,500,rare_event,81.61011655850686,1,1,0
10,3.5,cloud_inventory,500,latest_state,99.87317248753428,1,1,1
10,3.5,cloud_inventory,500,aggregation,99.64725436432738,1,1,1
10,3.5,cloud_inventory,500,join,99.92398818535025,1,1,1
10,3.5,cloud_inventory,500,negative_evidence,99.96188822663801,1,1,1
10,3.5,cloud_inventory,500,threshold,81.61011655850686,1,1,0
10,3.5,cloud_inventory,500,provenance,81.61011655850686,1,1,0
10,3.5,cloud_inventory,500,lookup,99.95253573592917,1,1,1
10,3.5,cloud_inventory,500,rare_event,82.81793640636191,1,1,0
10,3.5,cloud_inventory,500,latest_state,99.93219390847025,1,1,1
10,3.5,cloud_inventory,500,aggregation,99.62537134429815,1,1,1
10,3.5,cloud_inventory,500,join,99.82561120834693,1,1,1
10,3.5,cloud_inventory,500,negative_evidence,99.96715642441528,1,1,1
10,3.5,cloud_inventory,500,threshold,82.81793640636191,1,1,0
10,3.5,cloud_inventory,500,provenance,82.81793640636191,1,1,0
10,3.5,cloud_inventory,500,lookup,99.95265908717825,1,1,1
10,3.5,cloud_inventory,500,rare_event,82.0071699771768,1,1,0
10,3.5,cloud_inventory,500,latest_state,99.90383546120322,1,1,1
10,3.5,cloud_inventory,500,aggregation,99.66893133449479,1,1,1
10,3.5,cloud_inventory,500,join,99.84600964822631,1,1,1
10,3.5,cloud_inventory,500,negative_evidence,99.96632122980465,1,1,1
10,3.5,cloud_inventory,500,threshold,82.0071699771768,1,1,0
10,3.5,cloud_inventory,500,provenance,82.0071699771768,1,1,0
10,3.5,issue_tracking,50,lookup,99.5400685182663,1,1,1
10,3.5,issue_tracking,50,rare_event,50.54950811428092,1,1,0
10,3.5,issue_tracking,50,latest_state,99.24043206319605,1,1,1
10,3.5,issue_tracking,50,aggregation,99.59350019382079,1,1,1
10,3.5,issue_tracking,50,join,99.34310469465369,1,1,1
10,3.5,issue_tracking,50,negative_evidence,50.54950811428092,1,1,0
10,3.5,issue_tracking,50,threshold,50.54950811428092,1,1,0
10,3.5,issue_tracking,50,provenance,50.54950811428092,1,1,0
10,3.5,issue_tracking,50,lookup,99.55150372000419,1,1,1
10,3.5,issue_tracking,50,rare_event,50.5679555695274,1,1,0
10,3.5,issue_tracking,50,latest_state,99.14387509169025,1,1,1
10,3.5,issue_tracking,50,aggregation,99.59341926019071,1,1,1
10,3.5,issue_tracking,50,join,99.24447238813791,1,1,1
10,3.5,issue_tracking,50,negative_evidence,99.75793775542282,1,1,1
10,3.5,issue_tracking,50,threshold,50.5679555695274,1,1,0
10,3.5,issue_tracking,50,provenance,50.5679555695274,1,1,0
10,3.5,issue_tracking,50,lookup,99.54937488865367,1,1,1
10,3.5,issue_tracking,50,rare_event,44.60664619640967,1,1,0
10,3.5,issue_tracking,50,latest_state,99.04425557779571,1,1,1
10,3.5,issue_tracking,50,aggregation,99.415235320625,1,1,1
10,3.5,issue_tracking,50,join,99.34606960586022,1,1,1
10,3.5,issue_tracking,50,negative_evidence,99.7558240675728,1,1,1
10,3.5,issue_tracking,50,threshold,44.60664619640967,1,1,0
10,3.5,issue_tracking,50,provenance,44.60664619640967,1,1,0
10,3.5,issue_tracking,50,lookup,99.54111619817914,1,1,1
10,3.5,issue_tracking,50,rare_event,46.60289788263889,1,1,0
10,3.5,issue_tracking,50,latest_state,99.23519366363188,1,1,1
10,3.5,issue_tracking,50,aggregation,99.5526406772203,1,1,1
10,3.5,issue_tracking,50,join,99.43634820689583,1,1,1
10,3.5,issue_tracking,50,negative_evidence,99.75169986065858,1,1,1
10,3.5,issue_tracking,50,threshold,46.60289788263889,1,1,0
10,3.5,issue_tracking,50,provenance,46.60289788263889,1,1,0
10,3.5,issue_tracking,50,lookup,99.53769559032717,1,1,1
10,3.5,issue_tracking,50,rare_event,44.59354865701614,1,1,0
10,3.5,issue_tracking,50,latest_state,99.24169525562715,1,1,1
10,3.5,issue_tracking,50,aggregation,99.51573090117982,1,1,1
10,3.5,issue_tracking,50,join,99.25110869383316,1,1,1
10,3.5,issue_tracking,50,negative_evidence,99.75629654422224,1,1,1
10,3.5,issue_tracking,50,threshold,44.59354865701614,1,1,0
10,3.5,issue_tracking,50,provenance,44.59354865701614,1,1,0
10,3.5,issue_tracking,100,lookup,99.77066034005536,1,1,1
10,3.5,issue_tracking,100,rare_event,67.19493871095294,1,1,0
10,3.5,issue_tracking,100,latest_state,99.51970475813893,1,1,1
10,3.5,issue_tracking,100,aggregation,99.4242783708976,1,1,1
10,3.5,issue_tracking,100,join,99.47383682614999,1,1,1
10,3.5,issue_tracking,100,negative_evidence,99.81020166073546,1,1,1
10,3.5,issue_tracking,100,threshold,67.19493871095294,1,1,0
10,3.5,issue_tracking,100,provenance,67.19493871095294,1,1,0
10,3.5,issue_tracking,100,lookup,99.77194380948862,1,1,1
10,3.5,issue_tracking,100,rare_event,70.1188320566762,1,1,0
10,3.5,issue_tracking,100,latest_state,99.42035718245023,1,1,1
10,3.5,issue_tracking,100,aggregation,99.49479218907548,1,1,1
10,3.5,issue_tracking,100,join,99.47737123007808,1,1,1
10,3.5,issue_tracking,100,negative_evidence,99.87488583992779,1,1,1
10,3.5,issue_tracking,100,threshold,70.1188320566762,1,1,0
10,3.5,issue_tracking,100,provenance,70.1188320566762,1,1,0
10,3.5,issue_tracking,100,lookup,58.17050384773728,1,1,0
10,3.5,issue_tracking,100,rare_event,58.17050384773728,1,1,0
10,3.5,issue_tracking,100,latest_state,99.56930677391772,1,1,1
10,3.5,issue_tracking,100,aggregation,99.6711741668514,1,1,1
10,3.5,issue_tracking,100,join,99.52602632717907,1,1,1
10,3.5,issue_tracking,100,negative_evidence,99.85485216032767,1,1,1
10,3.5,issue_tracking,100,threshold,58.17050384773728,1,1,0
10,3.5,issue_tracking,100,provenance,58.17050384773728,1,1,0
10,3.5,issue_tracking,100,lookup,99.77464758999584,1,1,1
10,3.5,issue_tracking,100,rare_event,69.18530090088188,1,1,0
10,3.5,issue_tracking,100,latest_state,99.420522374275,1,1,1
10,3.5,issue_tracking,100,aggregation,99.64851357128155,1,1,1
10,3.5,issue_tracking,100,join,99.62054242905621,1,1,1
10,3.5,issue_tracking,100,negative_evidence,99.83375641884939,1,1,1
10,3.5,issue_tracking,100,threshold,69.18530090088188,1,1,0
10,3.5,issue_tracking,100,provenance,69.18530090088188,1,1,0
10,3.5,issue_tracking,100,lookup,99.76530031012004,1,1,1
10,3.5,issue_tracking,100,rare_event,63.18695808105315,1,1,0
10,3.5,issue_tracking,100,latest_state,99.51899748950444,1,1,1
10,3.5,issue_tracking,100,aggregation,99.69146220543871,1,1,1
10,3.5,issue_tracking,100,join,99.42353536845215,1,1,1
10,3.5,issue_tracking,100,negative_evidence,99.8533786207042,1,1,1
10,3.5,issue_tracking,100,threshold,63.18695808105315,1,1,0
10,3.5,issue_tracking,100,provenance,63.18695808105315,1,1,0
10,3.5,issue_tracking,250,lookup,99.90925628225739,1,1,1
10,3.5,issue_tracking,250,rare_event,79.23576444707675,1,1,0
10,3.5,issue_tracking,250,latest_state,99.84579913698283,1,1,1
10,3.5,issue_tracking,250,aggregation,99.64358236737456,1,1,1
10,3.5,issue_tracking,250,join,99.84664523225315,1,1,1
10,3.5,issue_tracking,250,negative_evidence,99.9405618072595,1,1,1
10,3.5,issue_tracking,250,threshold,79.23576444707675,1,1,0
10,3.5,issue_tracking,250,provenance,79.23576444707675,1,1,0
10,3.5,issue_tracking,250,lookup,99.90968127667423,1,1,1
10,3.5,issue_tracking,250,rare_event,76.87183433934823,1,1,0
10,3.5,issue_tracking,250,latest_state,99.8248749636923,1,1,1
10,3.5,issue_tracking,250,aggregation,99.68536857883701,1,1,1
10,3.5,issue_tracking,250,join,99.72925584580517,1,1,1
10,3.5,issue_tracking,250,negative_evidence,99.95780885929149,1,1,1
10,3.5,issue_tracking,250,threshold,76.87183433934823,1,1,0
10,3.5,issue_tracking,250,provenance,76.87183433934823,1,1,0
10,3.5,issue_tracking,250,lookup,99.9063963880018,1,1,1
10,3.5,issue_tracking,250,rare_event,76.10354846634083,1,1,0
10,3.5,issue_tracking,250,latest_state,99.82634624018432,1,1,1
10,3.5,issue_tracking,250,aggregation,99.5851369323428,1,1,1
10,3.5,issue_tracking,250,join,99.76980288180532,1,1,1
10,3.5,issue_tracking,250,negative_evidence,99.95785719731303,1,1,1
10,3.5,issue_tracking,250,threshold,76.10354846634083,1,1,0
10,3.5,issue_tracking,250,provenance,76.10354846634083,1,1,0
10,3.5,issue_tracking,250,lookup,99.90571594438724,1,1,1
10,3.5,issue_tracking,250,rare_event,77.59874400925467,1,1,0
10,3.5,issue_tracking,250,latest_state,99.80740627741123,1,1,1
10,3.5,issue_tracking,250,aggregation,99.66926424536737,1,1,1
10,3.5,issue_tracking,250,join,99.88643538470014,1,1,1
10,3.5,issue_tracking,250,negative_evidence,99.95020954366517,1,1,1
10,3.5,issue_tracking,250,threshold,77.59874400925467,1,1,0
10,3.5,issue_tracking,250,provenance,77.59874400925467,1,1,0
10,3.5,issue_tracking,250,lookup,99.90828525192961,1,1,1
10,3.5,issue_tracking,250,rare_event,80.41858356844504,1,1,0
10,3.5,issue_tracking,250,latest_state,99.84664785772988,1,1,1
10,3.5,issue_tracking,250,aggregation,99.58442416694201,1,1,1
10,3.5,issue_tracking,250,join,99.80852163451355,1,1,1
10,3.5,issue_tracking,250,negative_evidence,99.95848477916445,1,1,1
10,3.5,issue_tracking,250,threshold,80.41858356844504,1,1,0
10,3.5,issue_tracking,250,provenance,80.41858356844504,1,1,0
10,3.5,issue_tracking,500,lookup,99.95348704153216,1,1,1
10,3.5,issue_tracking,500,rare_event,84.00367441776689,1,1,0
10,3.5,issue_tracking,500,latest_state,99.92318474968293,1,1,1
10,3.5,issue_tracking,500,aggregation,99.66434384413179,1,1,1
10,3.5,issue_tracking,500,join,99.88398248400388,1,1,1
10,3.5,issue_tracking,500,negative_evidence,99.9663072419299,1,1,1
10,3.5,issue_tracking,500,threshold,84.00367441776689,1,1,0
10,3.5,issue_tracking,500,provenance,84.00367441776689,1,1,0
10,3.5,issue_tracking,500,lookup,99.95281018027572,1,1,1
10,3.5,issue_tracking,500,rare_event,78.19448568398728,1,1,0
10,3.5,issue_tracking,500,latest_state,99.88356309650052,1,1,1
10,3.5,issue_tracking,500,aggregation,99.61367974549312,1,1,1
10,3.5,issue_tracking,500,join,99.91389183457052,1,1,1
10,3.5,issue_tracking,500,negative_evidence,99.95344644750796,1,1,1
10,3.5,issue_tracking,500,threshold,78.19448568398728,1,1,0
10,3.5,issue_tracking,500,provenance,78.19448568398728,1,1,0
10,3.5,issue_tracking,500,lookup,99.95368422391398,1,1,1
10,3.5,issue_tracking,500,rare_event,82.4179166803565,1,1,0
10,3.5,issue_tracking,500,latest_state,99.92252441116962,1,1,1
10,3.5,issue_tracking,500,aggregation,99.66826457860593,1,1,1
10,3.5,issue_tracking,500,join,99.87461884871911,1,1,1
10,3.5,issue_tracking,500,negative_evidence,99.97053595937778,1,1,1
10,3.5,issue_tracking,500,threshold,82.4179166803565,1,1,0
10,3.5,issue_tracking,500,provenance,82.4179166803565,1,1,0
10,3.5,issue_tracking,500,lookup,82.00710255706882,1,1,0
10,3.5,issue_tracking,500,rare_event,82.00710255706882,1,1,0
10,3.5,issue_tracking,500,latest_state,99.90361874541263,1,1,1
10,3.5,issue_tracking,500,aggregation,99.64773181015647,1,1,1
10,3.5,issue_tracking,500,join,99.92363639059616,1,1,1
10,3.5,issue_tracking,500,negative_evidence,99.97479259495408,1,1,1
10,3.5,issue_tracking,500,threshold,82.00710255706882,1,1,0
10,3.5,issue_tracking,500,provenance,82.00710255706882,1,1,0
10,3.5,issue_tracking,500,lookup,99.95400071860628,1,1,1
10,3.5,issue_tracking,500,rare_event,77.38774956464965,1,1,0
10,3.5,issue_tracking,500,latest_state,99.90301994821371,1,1,1
10,3.5,issue_tracking,500,aggregation,99.6476921397403,1,1,1
10,3.5,issue_tracking,500,join,99.89401087236472,1,1,1
10,3.5,issue_tracking,500,negative_evidence,99.96194990317893,1,1,1
10,3.5,issue_tracking,500,threshold,77.38774956464965,1,1,0
10,3.5,issue_tracking,500,provenance,77.38774956464965,1,1,0
10,3.5,commerce_orders,50,lookup,99.53336199574258,1,1,1
10,3.5,commerce_orders,50,rare_event,52.5665090234158,1,1,0
10,3.5,commerce_orders,50,latest_state,98.93879177458763,1,1,1
10,3.5,commerce_orders,50,aggregation,99.38445728427168,1,1,1
10,3.5,commerce_orders,50,join,99.34356091985362,1,1,1
10,3.5,commerce_orders,50,negative_evidence,99.66444008682612,1,1,1
10,3.5,commerce_orders,50,threshold,52.5665090234158,1,1,0
10,3.5,commerce_orders,50,provenance,52.5665090234158,1,1,0
10,3.5,commerce_orders,50,lookup,48.549172755521965,1,1,0
10,3.5,commerce_orders,50,rare_event,48.549172755521965,1,1,0
10,3.5,commerce_orders,50,latest_state,98.94809775762157,1,1,1
10,3.5,commerce_orders,50,aggregation,99.46984966826237,1,1,1
10,3.5,commerce_orders,50,join,98.85886453346771,1,1,1
10,3.5,commerce_orders,50,negative_evidence,99.50449315528681,1,1,1
10,3.5,commerce_orders,50,threshold,48.549172755521965,1,1,0
10,3.5,commerce_orders,50,provenance,48.549172755521965,1,1,0
10,3.5,commerce_orders,50,lookup,99.52892050402359,1,1,1
10,3.5,commerce_orders,50,rare_event,50.53455457282847,1,1,0
10,3.5,commerce_orders,50,latest_state,99.04315256051116,1,1,1
10,3.5,commerce_orders,50,aggregation,99.79646008414382,1,1,1
10,3.5,commerce_orders,50,join,99.4344947698635,1,1,1
10,3.5,commerce_orders,50,negative_evidence,99.5436089515596,1,1,1
10,3.5,commerce_orders,50,threshold,50.53455457282847,1,1,0
10,3.5,commerce_orders,50,provenance,50.53455457282847,1,1,0
10,3.5,commerce_orders,50,lookup,99.55011037989516,1,1,1
10,3.5,commerce_orders,50,rare_event,52.50630368595613,1,1,0
10,3.5,commerce_orders,50,latest_state,99.14102470207891,1,1,1
10,3.5,commerce_orders,50,aggregation,99.54069408552087,1,1,1
10,3.5,commerce_orders,50,join,98.86167463564172,1,1,1
10,3.5,commerce_orders,50,negative_evidence,99.71332614904948,1,1,1
10,3.5,commerce_orders,50,threshold,52.50630368595613,1,1,0
10,3.5,commerce_orders,50,provenance,52.50630368595613,1,1,0
10,3.5,commerce_orders,50,lookup,99.53637660485022,1,1,1
10,3.5,commerce_orders,50,rare_event,56.44562389863221,1,1,0
10,3.5,commerce_orders,50,latest_state,99.13988419904338,1,1,1
10,3.5,commerce_orders,50,aggregation,99.50805571872115,1,1,1
10,3.5,commerce_orders,50,join,99.14198204246036,1,1,1
10,3.5,commerce_orders,50,negative_evidence,99.75350339850634,1,1,1
10,3.5,commerce_orders,50,threshold,56.44562389863221,1,1,0
10,3.5,commerce_orders,50,provenance,56.44562389863221,1,1,0
10,3.5,commerce_orders,100,lookup,99.77229940787329,1,1,1
10,3.5,commerce_orders,100,rare_event,64.19526508976557,1,1,0
10,3.5,commerce_orders,100,latest_state,99.61506504979964,1,1,1
10,3.5,commerce_orders,100,aggregation,99.6108581104532,1,1,1
10,3.5,commerce_orders,100,join,99.66922939388522,1,1,1
10,3.5,commerce_orders,100,negative_evidence,64.19526508976557,1,1,0
10,3.5,commerce_orders,100,threshold,64.19526508976557,1,1,0
10,3.5,commerce_orders,100,provenance,64.19526508976557,1,1,0
10,3.5,commerce_orders,100,lookup,99.77300258071313,1,1,1
10,3.5,commerce_orders,100,rare_event,62.24522041396745,1,1,0
10,3.5,commerce_orders,100,latest_state,99.5681255595934,1,1,1
10,3.5,commerce_orders,100,aggregation,99.624479907305,1,1,1
10,3.5,commerce_orders,100,join,99.57181229262126,1,1,1
10,3.5,commerce_orders,100,negative_evidence,99.89519144677938,1,1,1
10,3.5,commerce_orders,100,threshold,62.24522041396745,1,1,0
10,3.5,commerce_orders,100,provenance,62.24522041396745,1,1,0
10,3.5,commerce_orders,100,lookup,99.7732151239142,1,1,1
10,3.5,commerce_orders,100,rare_event,65.21278222850422,1,1,0
10,3.5,commerce_orders,100,latest_state,99.51900510002268,1,1,1
10,3.5,commerce_orders,100,aggregation,99.5559235682227,1,1,1
10,3.5,commerce_orders,100,join,99.22945882799685,1,1,1
10,3.5,commerce_orders,100,negative_evidence,99.91666974320569,1,1,1
10,3.5,commerce_orders,100,threshold,65.21278222850422,1,1,0
10,3.5,commerce_orders,100,provenance,65.21278222850422,1,1,0
10,3.5,commerce_orders,100,lookup,99.76361329451467,1,1,1
10,3.5,commerce_orders,100,rare_event,69.20023375433682,1,1,0
10,3.5,commerce_orders,100,latest_state,99.61830654459496,1,1,1
10,3.5,commerce_orders,100,aggregation,99.48616163796508,1,1,1
10,3.5,commerce_orders,100,join,99.52459422037137,1,1,1
10,3.5,commerce_orders,100,negative_evidence,99.83363430081657,1,1,1
10,3.5,commerce_orders,100,threshold,69.20023375433682,1,1,0
10,3.5,commerce_orders,100,provenance,69.20023375433682,1,1,0
10,3.5,commerce_orders,100,lookup,99.76638717502505,1,1,1
10,3.5,commerce_orders,100,rare_event,68.21494489268576,1,1,0
10,3.5,commerce_orders,100,latest_state,99.41834097980278,1,1,1
10,3.5,commerce_orders,100,aggregation,99.64298897853715,1,1,1
10,3.5,commerce_orders,100,join,99.37984496124031,1,1,1
10,3.5,commerce_orders,100,negative_evidence,99.81068396350788,1,1,1
10,3.5,commerce_orders,100,threshold,68.21494489268576,1,1,0
10,3.5,commerce_orders,100,provenance,68.21494489268576,1,1,0
10,3.5,commerce_orders,250,lookup,79.28012870246856,1,1,0
10,3.5,commerce_orders,250,rare_event,79.28012870246856,1,1,0
10,3.5,commerce_orders,250,latest_state,99.84673244135138,1,1,1
10,3.5,commerce_orders,250,aggregation,99.64441926393519,1,1,1
10,3.5,commerce_orders,250,join,99.80889120962986,1,1,1
10,3.5,commerce_orders,250,negative_evidence,99.94165262594893,1,1,1
10,3.5,commerce_orders,250,threshold,79.28012870246856,1,1,0
10,3.5,commerce_orders,250,provenance,79.28012870246856,1,1,0
10,3.5,commerce_orders,250,lookup,99.90523712927728,1,1,1
10,3.5,commerce_orders,250,rare_event,78.00147643936974,1,1,0
10,3.5,commerce_orders,250,latest_state,99.86547056745614,1,1,1
10,3.5,commerce_orders,250,aggregation,99.62814034211934,1,1,1
10,3.5,commerce_orders,250,join,99.80962816149454,1,1,1
10,3.5,commerce_orders,250,negative_evidence,99.93273528372806,1,1,1
10,3.5,commerce_orders,250,threshold,78.00147643936974,1,1,0
10,3.5,commerce_orders,250,provenance,78.00147643936974,1,1,0
10,3.5,commerce_orders,250,lookup,99.91007137159144,1,1,1
10,3.5,commerce_orders,250,rare_event,73.58997200574697,1,1,0
10,3.5,commerce_orders,250,latest_state,99.90541624259147,1,1,1
10,3.5,commerce_orders,250,aggregation,99.63563035736578,1,1,1
10,3.5,commerce_orders,250,join,99.7113820020017,1,1,1
10,3.5,commerce_orders,250,negative_evidence,99.91599608122776,1,1,1
10,3.5,commerce_orders,250,threshold,73.58997200574697,1,1,0
10,3.5,commerce_orders,250,provenance,73.58997200574697,1,1,0
10,3.5,commerce_orders,250,lookup,99.90531804050613,1,1,1
10,3.5,commerce_orders,250,rare_event,77.62990766395512,1,1,0
10,3.5,commerce_orders,250,latest_state,99.74744432679647,1,1,1
10,3.5,commerce_orders,250,aggregation,99.5859777708739,1,1,1
10,3.5,commerce_orders,250,join,99.76921272373367,1,1,1
10,3.5,commerce_orders,250,negative_evidence,99.91630791080452,1,1,1
10,3.5,commerce_orders,250,threshold,77.62990766395512,1,1,0
10,3.5,commerce_orders,250,provenance,77.62990766395512,1,1,0
10,3.5,commerce_orders,250,lookup,99.90712336302283,1,1,1
10,3.5,commerce_orders,250,rare_event,78.43463727336196,1,1,0
10,3.5,commerce_orders,250,latest_state,99.74781560073625,1,1,1
10,3.5,commerce_orders,250,aggregation,99.5846996847695,1,1,1
10,3.5,commerce_orders,250,join,99.78843590665792,1,1,1
10,3.5,commerce_orders,250,negative_evidence,99.93229949013053,1,1,1
10,3.5,commerce_orders,250,threshold,78.43463727336196,1,1,0
10,3.5,commerce_orders,250,provenance,78.43463727336196,1,1,0
10,3.5,commerce_orders,500,lookup,99.9537261562637,1,1,1
10,3.5,commerce_orders,500,rare_event,80.01605289407419,1,1,0
10,3.5,commerce_orders,500,latest_state,99.91285269246,1,1,1
10,3.5,commerce_orders,500,aggregation,99.65310500668164,1,1,1
10,3.5,commerce_orders,500,join,99.91391159048601,1,1,1
10,3.5,commerce_orders,500,negative_evidence,99.98369297039956,1,1,1
10,3.5,commerce_orders,500,threshold,80.01605289407419,1,1,0
10,3.5,commerce_orders,500,provenance,80.01605289407419,1,1,0
10,3.5,commerce_orders,500,lookup,99.95393588722658,1,1,1
10,3.5,commerce_orders,500,rare_event,78.00613341014216,1,1,0
10,3.5,commerce_orders,500,latest_state,99.92312058419884,1,1,1
10,3.5,commerce_orders,500,aggregation,99.668020704495,1,1,1
10,3.5,commerce_orders,500,join,99.90437725555311,1,1,1
10,3.5,commerce_orders,500,negative_evidence,99.9624074481964,1,1,1
10,3.5,commerce_orders,500,threshold,78.00613341014216,1,1,0
10,3.5,commerce_orders,500,provenance,78.00613341014216,1,1,0
10,3.5,commerce_orders,500,lookup,99.95254694727521,1,1,1
10,3.5,commerce_orders,500,rare_event,80.04111891756197,1,1,0
10,3.5,commerce_orders,500,latest_state,99.93316322261308,1,1,1
10,3.5,commerce_orders,500,aggregation,99.61486763458184,1,1,1
10,3.5,commerce_orders,500,join,99.88433318398332,1,1,1
10,3.5,commerce_orders,500,negative_evidence,99.970341842047,1,1,1
10,3.5,commerce_orders,500,threshold,80.04111891756197,1,1,0
10,3.5,commerce_orders,500,provenance,80.04111891756197,1,1,0
10,3.5,commerce_orders,500,lookup,80.20729834224882,1,1,0
10,3.5,commerce_orders,500,rare_event,80.20729834224882,1,1,0
10,3.5,commerce_orders,500,latest_state,99.9331603198983,1,1,1
10,3.5,commerce_orders,500,aggregation,99.63487103437319,1,1,1
10,3.5,commerce_orders,500,join,99.89407340712886,1,1,1
10,3.5,commerce_orders,500,negative_evidence,99.962184206345,1,1,1
10,3.5,commerce_orders,500,threshold,80.20729834224882,1,1,0
10,3.5,commerce_orders,500,provenance,80.20729834224882,1,1,0
10,3.5,commerce_orders,500,lookup,99.95287474637082,1,1,1
10,3.5,commerce_orders,500,rare_event,82.01880350569527,1,1,0
10,3.5,commerce_orders,500,latest_state,99.94228480173506,1,1,1
10,3.5,commerce_orders,500,aggregation,99.6172794008633,1,1,1
10,3.5,commerce_orders,500,join,99.88393420679196,1,1,1
10,3.5,commerce_orders,500,negative_evidence,99.95795791979599,1,1,1
10,3.5,commerce_orders,500,threshold,82.01880350569527,1,1,0
10,3.5,commerce_orders,500,provenance,82.01880350569527,1,1,0
10,3.5,security_findings,50,lookup,99.52540246707088,1,1,1
10,3.5,security_findings,50,rare_event,50.61363161195902,1,1,0
10,3.5,security_findings,50,latest_state,99.13547982437801,1,1,1
10,3.5,security_findings,50,aggregation,99.63098473761238,1,1,1
10,3.5,security_findings,50,join,99.53376541919297,1,1,1
10,3.5,security_findings,50,negative_evidence,99.66548191511603,1,1,1
10,3.5,security_findings,50,threshold,50.61363161195902,1,1,0
10,3.5,security_findings,50,provenance,50.61363161195902,1,1,0
10,3.5,security_findings,50,lookup,99.5418553811073,1,1,1
10,3.5,security_findings,50,rare_event,50.4816794452057,1,1,0
10,3.5,security_findings,50,latest_state,98.94563978117841,1,1,1
10,3.5,security_findings,50,aggregation,99.63494869407864,1,1,1
10,3.5,security_findings,50,join,98.95923768082592,1,1,1
10,3.5,security_findings,50,negative_evidence,99.74896185266154,1,1,1
10,3.5,security_findings,50,threshold,50.4816794452057,1,1,0
10,3.5,security_findings,50,provenance,50.4816794452057,1,1,0
10,3.5,security_findings,50,lookup,99.54008297364119,1,1,1
10,3.5,security_findings,50,rare_event,44.58680802916649,1,1,0
10,3.5,security_findings,50,latest_state,99.03826006788753,1,1,1
10,3.5,security_findings,50,aggregation,99.46465239073042,1,1,1
10,3.5,security_findings,50,join,99.05502241964548,1,1,1
10,3.5,security_findings,50,negative_evidence,99.53798767967146,1,1,1
10,3.5,security_findings,50,threshold,44.58680802916649,1,1,0
10,3.5,security_findings,50,provenance,44.58680802916649,1,1,0
10,3.5,security_findings,50,lookup,46.587956754944685,1,1,0
10,3.5,security_findings,50,rare_event,46.587956754944685,1,1,0
10,3.5,security_findings,50,latest_state,98.84554140127389,1,1,1
10,3.5,security_findings,50,aggregation,99.59038719409989,1,1,1
10,3.5,security_findings,50,join,98.95030170968823,1,1,1
10,3.5,security_findings,50,negative_evidence,99.75067046597385,1,1,1
10,3.5,security_findings,50,threshold,46.587956754944685,1,1,0
10,3.5,security_findings,50,provenance,46.587956754944685,1,1,0
10,3.5,security_findings,50,lookup,99.5378454396219,1,1,1
10,3.5,security_findings,50,rare_event,56.62752642750342,1,1,0
10,3.5,security_findings,50,latest_state,99.14470038373467,1,1,1
10,3.5,security_findings,50,aggregation,99.50961427869383,1,1,1
10,3.5,security_findings,50,join,99.14470038373467,1,1,1
10,3.5,security_findings,50,negative_evidence,99.66436286452179,1,1,1
10,3.5,security_findings,50,threshold,56.62752642750342,1,1,0
10,3.5,security_findings,50,provenance,56.62752642750342,1,1,0
10,3.5,security_findings,100,lookup,99.76762159121378,1,1,1
10,3.5,security_findings,100,rare_event,64.29311224087442,1,1,0
10,3.5,security_findings,100,latest_state,99.4689995636333,1,1,1
10,3.5,security_findings,100,aggregation,99.59885808619032,1,1,1
10,3.5,security_findings,100,join,99.61883632042985,1,1,1
10,3.5,security_findings,100,negative_evidence,99.87382167848712,1,1,1
10,3.5,security_findings,100,threshold,64.29311224087442,1,1,0
10,3.5,security_findings,100,provenance,64.29311224087442,1,1,0
10,3.5,security_findings,100,lookup,60.23234748904618,1,1,0
10,3.5,security_findings,100,rare_event,60.23234748904618,1,1,0
10,3.5,security_findings,100,latest_state,99.51813700707785,1,1,1
10,3.5,security_findings,100,aggregation,99.71140883046849,1,1,1
10,3.5,security_findings,100,join,99.27852207617121,1,1,1
10,3.5,security_findings,100,negative_evidence,99.8119944388271,1,1,1
10,3.5,security_findings,100,threshold,60.23234748904618,1,1,0
10,3.5,security_findings,100,provenance,60.23234748904618,1,1,0
10,3.5,security_findings,100,lookup,99.76523592470667,1,1,1
10,3.5,security_findings,100,rare_event,67.1641554824006,1,1,0
10,3.5,security_findings,100,latest_state,99.42021186798345,1,1,1
10,3.5,security_findings,100,aggregation,99.56529079091753,1,1,1
10,3.5,security_findings,100,join,99.37642441124336,1,1,1
10,3.5,security_findings,100,negative_evidence,99.89554317548746,1,1,1
10,3.5,security_findings,100,threshold,67.1641554824006,1,1,0
10,3.5,security_findings,100,provenance,67.1641554824006,1,1,0
10,3.5,security_findings,100,lookup,99.76795091714638,1,1,1
10,3.5,security_findings,100,rare_event,68.15034254864611,1,1,0
10,3.5,security_findings,100,latest_state,99.61588247055975,1,1,1
10,3.5,security_findings,100,aggregation,99.56799932647885,1,1,1
10,3.5,security_findings,100,join,99.47328541511003,1,1,1
10,3.5,security_findings,100,negative_evidence,99.83425065510455,1,1,1
10,3.5,security_findings,100,threshold,68.15034254864611,1,1,0
10,3.5,security_findings,100,provenance,68.15034254864611,1,1,0
10,3.5,security_findings,100,lookup,66.20842711992763,1,1,0
10,3.5,security_findings,100,rare_event,66.20842711992763,1,1,0
10,3.5,security_findings,100,latest_state,99.325262427162,1,1,1
10,3.5,security_findings,100,aggregation,99.68971537959905,1,1,1
10,3.5,security_findings,100,join,99.42728821759891,1,1,1
10,3.5,security_findings,100,negative_evidence,99.8085701663967,1,1,1
10,3.5,security_findings,100,threshold,66.20842711992763,1,1,0
10,3.5,security_findings,100,provenance,66.20842711992763,1,1,0
10,3.5,security_findings,250,lookup,99.90617095061084,1,1,1
10,3.5,security_findings,250,rare_event,75.25195424354555,1,1,0
10,3.5,security_findings,250,latest_state,99.74725328137515,1,1,1
10,3.5,security_findings,250,aggregation,99.62785370276056,1,1,1
10,3.5,security_findings,250,join,99.71048243769562,1,1,1
10,3.5,security_findings,250,negative_evidence,99.88017776800979,1,1,1
10,3.5,security_findings,250,threshold,75.25195424354555,1,1,0
10,3.5,security_findings,250,provenance,75.25195424354555,1,1,0
10,3.5,security_findings,250,lookup,99.90598426028627,1,1,1
10,3.5,security_findings,250,rare_event,76.11303015898167,1,1,0
10,3.5,security_findings,250,latest_state,99.8265462420113,1,1,1
10,3.5,security_findings,250,aggregation,99.61823271536471,1,1,1
10,3.5,security_findings,250,join,99.92457613690382,1,1,1
10,3.5,security_findings,250,negative_evidence,99.9659853166429,1,1,1
10,3.5,security_findings,250,threshold,76.11303015898167,1,1,0
10,3.5,security_findings,250,provenance,76.11303015898167,1,1,0
10,3.5,security_findings,250,lookup,99.90774868711148,1,1,1
10,3.5,security_findings,250,rare_event,79.58960860899408,1,1,0
10,3.5,security_findings,250,latest_state,99.74800157419672,1,1,1
10,3.5,security_findings,250,aggregation,99.66886856726941,1,1,1
10,3.5,security_findings,250,join,99.84660045448582,1,1,1
10,3.5,security_findings,250,negative_evidence,99.95810605515612,1,1,1
10,3.5,security_findings,250,threshold,79.58960860899408,1,1,0
10,3.5,security_findings,250,provenance,79.58960860899408,1,1,0
10,3.5,security_findings,250,lookup,99.90837502902865,1,1,1
10,3.5,security_findings,250,rare_event,76.8243713978086,1,1,0
10,3.5,security_findings,250,latest_state,99.82625034306585,1,1,1
10,3.5,security_findings,250,aggregation,99.58747651318428,1,1,1
10,3.5,security_findings,250,join,99.76861528068063,1,1,1
10,3.5,security_findings,250,negative_evidence,99.94933181328773,1,1,1
10,3.5,security_findings,250,threshold,76.8243713978086,1,1,0
10,3.5,security_findings,250,provenance,76.8243713978086,1,1,0
10,3.5,security_findings,250,lookup,99.90379044501677,1,1,1
10,3.5,security_findings,250,rare_event,77.24358567725183,1,1,0
10,3.5,security_findings,250,latest_state,99.80546639431962,1,1,1
10,3.5,security_findings,250,aggregation,99.5942282724993,1,1,1
10,3.5,security_findings,250,join,99.71221713333587,1,1,1
10,3.5,security_findings,250,negative_evidence,99.93149033886908,1,1,1
10,3.5,security_findings,250,threshold,77.24358567725183,1,1,0
10,3.5,security_findings,250,provenance,77.24358567725183,1,1,0
10,3.5,security_findings,500,lookup,99.95341899298215,1,1,1
10,3.5,security_findings,500,rare_event,80.22477453204615,1,1,0
10,3.5,security_findings,500,latest_state,99.88259468913,1,1,1
10,3.5,security_findings,500,aggregation,99.61390697137703,1,1,1
10,3.5,security_findings,500,join,99.90281508081276,1,1,1
10,3.5,security_findings,500,negative_evidence,99.96601703806198,1,1,1
10,3.5,security_findings,500,threshold,80.22477453204615,1,1,0
10,3.5,security_findings,500,provenance,80.22477453204615,1,1,0
10,3.5,security_findings,500,lookup,99.9542077087568,1,1,1
10,3.5,security_findings,500,rare_event,81.00286175381302,1,1,0
10,3.5,security_findings,500,latest_state,99.92332699503159,1,1,1
10,3.5,security_findings,500,aggregation,99.62298032729326,1,1,1
10,3.5,security_findings,500,join,99.92322123916266,1,1,1
10,3.5,security_findings,500,negative_evidence,99.9792718496913,1,1,1
10,3.5,security_findings,500,threshold,81.00286175381302,1,1,0
10,3.5,security_findings,500,provenance,81.00286175381302,1,1,0
10,3.5,security_findings,500,lookup,99.95314410461874,1,1,1
10,3.5,security_findings,500,rare_event,79.37219446360048,1,1,0
10,3.5,security_findings,500,latest_state,99.89380740640456,1,1,1
10,3.5,security_findings,500,aggregation,99.6307586212732,1,1,1
10,3.5,security_findings,500,join,99.89412471495116,1,1,1
10,3.5,security_findings,500,negative_evidence,99.95779796330221,1,1,1
10,3.5,security_findings,500,threshold,79.37219446360048,1,1,0
10,3.5,security_findings,500,provenance,79.37219446360048,1,1,0
10,3.5,security_findings,500,lookup,99.95208483839475,1,1,1
10,3.5,security_findings,500,rare_event,81.01068201362145,1,1,0
10,3.5,security_findings,500,latest_state,99.90290040098539,1,1,1
10,3.5,security_findings,500,aggregation,99.60737068459449,1,1,1
10,3.5,security_findings,500,join,99.88322662602164,1,1,1
10,3.5,security_findings,500,negative_evidence,99.96604687223999,1,1,1
10,3.5,security_findings,500,threshold,81.01068201362145,1,1,0
10,3.5,security_findings,500,provenance,81.01068201362145,1,1,0
10,3.5,security_findings,500,lookup,99.95239384886212,1,1,1
10,3.5,security_findings,500,rare_event,79.81509770898042,1,1,0
10,3.5,security_findings,500,latest_state,99.91325101348207,1,1,1
10,3.5,security_findings,500,aggregation,99.58942339429741,1,1,1
10,3.5,security_findings,500,join,99.91282784769417,1,1,1
10,3.5,security_findings,500,negative_evidence,99.97450426127948,1,1,1
10,3.5,security_findings,500,threshold,79.81509770898042,1,1,0
10,3.5,security_findings,500,provenance,79.81509770898042,1,1,0
